sectionName,elapsedTime(ms),lineNumber,fileName,functionName
"Inner Loop (Shifting Elements)1",0.000257,160,"./Code/main.cpp","InsertionSortTest2"
"Key Assignment1",0.000122,167,"./Code/main.cpp","InsertionSortTest2"
"Outer Loop1",0.004795,169,"./Code/main.cpp","InsertionSortTest2"
"Inner Loop (Shifting Elements)1",0.000097,160,"./Code/main.cpp","InsertionSortTest2"
"Key Assignment1",0.000101,167,"./Code/main.cpp","InsertionSortTest2"
"Outer Loop1",0.001103,169,"./Code/main.cpp","InsertionSortTest2"
"Inner Loop (Shifting Elements)1",0.000092,160,"./Code/main.cpp","InsertionSortTest2"
"Inner Loop (Shifting Elements)1",0.000094,160,"./Code/main.cpp","InsertionSortTest2"
"Inner Loop (Shifting Elements)1",0.000093,160,"./Code/main.cpp","InsertionSortTest2"
"Key Assignment1",0.000093,167,"./Code/main.cpp","InsertionSortTest2"
"Outer Loop1",0.001862,169,"./Code/main.cpp","InsertionSortTest2"
"Inner Loop (Shifting Elements)1",0.000091,160,"./Code/main.cpp","InsertionSortTest2"
"Key Assignment1",0.000092,167,"./Code/main.cpp","InsertionSortTest2"
"Outer Loop1",0.000880,169,"./Code/main.cpp","InsertionSortTest2"
"Inner Loop (Shifting Elements)1",0.000093,160,"./Code/main.cpp","InsertionSortTest2"
"Inner Loop (Shifting Elements)1",0.000093,160,"./Code/main.cpp","InsertionSortTest2"
"Inner Loop (Shifting Elements)1",0.000093,160,"./Code/main.cpp","InsertionSortTest2"
"Key Assignment1",0.000093,167,"./Code/main.cpp","InsertionSortTest2"
"Outer Loop1",0.001755,169,"./Code/main.cpp","InsertionSortTest2"
"Inner Loop (Shifting Elements)1",0.000091,160,"./Code/main.cpp","InsertionSortTest2"
"Key Assignment1",0.000092,167,"./Code/main.cpp","InsertionSortTest2"
"Outer Loop1",0.000856,169,"./Code/main.cpp","InsertionSortTest2"
"Inner Loop (Shifting Elements)1",0.000094,160,"./Code/main.cpp","InsertionSortTest2"
"Inner Loop (Shifting Elements)1",0.000092,160,"./Code/main.cpp","InsertionSortTest2"
"Inner Loop (Shifting Elements)1",0.000096,160,"./Code/main.cpp","InsertionSortTest2"
"Inner Loop (Shifting Elements)1",0.000094,160,"./Code/main.cpp","InsertionSortTest2"
"Inner Loop (Shifting Elements)1",0.000094,160,"./Code/main.cpp","InsertionSortTest2"
"Inner Loop (Shifting Elements)1",0.000093,160,"./Code/main.cpp","InsertionSortTest2"
"Inner Loop (Shifting Elements)1",0.000093,160,"./Code/main.cpp","InsertionSortTest2"
"Key Assignment1",0.000093,167,"./Code/main.cpp","InsertionSortTest2"
"Outer Loop1",0.003371,169,"./Code/main.cpp","InsertionSortTest2"
"Inner Loop (Shifting Elements)1",0.000091,160,"./Code/main.cpp","InsertionSortTest2"
"Inner Loop (Shifting Elements)1",0.000093,160,"./Code/main.cpp","InsertionSortTest2"
"Inner Loop (Shifting Elements)1",0.000094,160,"./Code/main.cpp","InsertionSortTest2"
"Inner Loop (Shifting Elements)1",0.000092,160,"./Code/main.cpp","InsertionSortTest2"
"Key Assignment1",0.000091,167,"./Code/main.cpp","InsertionSortTest2"
"Outer Loop1",0.002087,169,"./Code/main.cpp","InsertionSortTest2"
"Inner Loop (Shifting Elements)1",0.000096,160,"./Code/main.cpp","InsertionSortTest2"
"Inner Loop (Shifting Elements)1",0.000094,160,"./Code/main.cpp","InsertionSortTest2"
"Inner Loop (Shifting Elements)1",0.000092,160,"./Code/main.cpp","InsertionSortTest2"
"Inner Loop (Shifting Elements)1",0.000092,160,"./Code/main.cpp","InsertionSortTest2"
"Inner Loop (Shifting Elements)1",0.000092,160,"./Code/main.cpp","InsertionSortTest2"
"Inner Loop (Shifting Elements)1",0.000094,160,"./Code/main.cpp","InsertionSortTest2"
"Key Assignment1",0.000092,167,"./Code/main.cpp","InsertionSortTest2"
"Outer Loop1",0.002941,169,"./Code/main.cpp","InsertionSortTest2"
"Inner Loop (Shifting Elements)1",0.000093,160,"./Code/main.cpp","InsertionSortTest2"
"Inner Loop (Shifting Elements)1",0.000093,160,"./Code/main.cpp","InsertionSortTest2"
"Inner Loop (Shifting Elements)1",0.000092,160,"./Code/main.cpp","InsertionSortTest2"
"Inner Loop (Shifting Elements)1",0.000093,160,"./Code/main.cpp","InsertionSortTest2"
"Inner Loop (Shifting Elements)1",0.000094,160,"./Code/main.cpp","InsertionSortTest2"
"Inner Loop (Shifting Elements)1",0.000094,160,"./Code/main.cpp","InsertionSortTest2"
"Key Assignment1",0.000091,167,"./Code/main.cpp","InsertionSortTest2"
"Outer Loop1",0.002888,169,"./Code/main.cpp","InsertionSortTest2"
"Inner Loop (Shifting Elements)1",0.000096,160,"./Code/main.cpp","InsertionSortTest2"
"Inner Loop (Shifting Elements)1",0.000093,160,"./Code/main.cpp","InsertionSortTest2"
"Inner Loop (Shifting Elements)1",0.000096,160,"./Code/main.cpp","InsertionSortTest2"
"Key Assignment1",0.000116,167,"./Code/main.cpp","InsertionSortTest2"
"Outer Loop1",0.001716,169,"./Code/main.cpp","InsertionSortTest2"
"Inner Loop (Shifting Elements)1",0.000093,160,"./Code/main.cpp","InsertionSortTest2"
"Inner Loop (Shifting Elements)1",0.000092,160,"./Code/main.cpp","InsertionSortTest2"
"Inner Loop (Shifting Elements)1",0.000094,160,"./Code/main.cpp","InsertionSortTest2"
"Inner Loop (Shifting Elements)1",0.000094,160,"./Code/main.cpp","InsertionSortTest2"
"Inner Loop (Shifting Elements)1",0.000092,160,"./Code/main.cpp","InsertionSortTest2"
"Inner Loop (Shifting Elements)1",0.000093,160,"./Code/main.cpp","InsertionSortTest2"
"Inner Loop (Shifting Elements)1",0.000093,160,"./Code/main.cpp","InsertionSortTest2"
"Inner Loop (Shifting Elements)1",0.000095,160,"./Code/main.cpp","InsertionSortTest2"
"Key Assignment1",0.000092,167,"./Code/main.cpp","InsertionSortTest2"
"Outer Loop1",0.003753,169,"./Code/main.cpp","InsertionSortTest2"
"Inner Loop (Shifting Elements)1",0.000092,160,"./Code/main.cpp","InsertionSortTest2"
"Inner Loop (Shifting Elements)1",0.000092,160,"./Code/main.cpp","InsertionSortTest2"
"Inner Loop (Shifting Elements)1",0.000094,160,"./Code/main.cpp","InsertionSortTest2"
"Inner Loop (Shifting Elements)1",0.000091,160,"./Code/main.cpp","InsertionSortTest2"
"Inner Loop (Shifting Elements)1",0.000094,160,"./Code/main.cpp","InsertionSortTest2"
"Inner Loop (Shifting Elements)1",0.000093,160,"./Code/main.cpp","InsertionSortTest2"
"Inner Loop (Shifting Elements)1",0.000091,160,"./Code/main.cpp","InsertionSortTest2"
"Inner Loop (Shifting Elements)1",0.000116,160,"./Code/main.cpp","InsertionSortTest2"
"Key Assignment1",0.000094,167,"./Code/main.cpp","InsertionSortTest2"
"Outer Loop1",0.003842,169,"./Code/main.cpp","InsertionSortTest2"
"Inner Loop (Shifting Elements)1",0.000092,160,"./Code/main.cpp","InsertionSortTest2"
"Inner Loop (Shifting Elements)1",0.000094,160,"./Code/main.cpp","InsertionSortTest2"
"Inner Loop (Shifting Elements)1",0.000091,160,"./Code/main.cpp","InsertionSortTest2"
"Inner Loop (Shifting Elements)1",0.000091,160,"./Code/main.cpp","InsertionSortTest2"
"Inner Loop (Shifting Elements)1",0.000094,160,"./Code/main.cpp","InsertionSortTest2"
"Key Assignment1",0.000091,167,"./Code/main.cpp","InsertionSortTest2"
"Outer Loop1",0.002531,169,"./Code/main.cpp","InsertionSortTest2"
"Inner Loop (Shifting Elements)1",0.000093,160,"./Code/main.cpp","InsertionSortTest2"
"Key Assignment1",0.000111,167,"./Code/main.cpp","InsertionSortTest2"
"Outer Loop1",0.002422,169,"./Code/main.cpp","InsertionSortTest2"
"Inner Loop (Shifting Elements)1",0.000109,160,"./Code/main.cpp","InsertionSortTest2"
"Inner Loop (Shifting Elements)1",0.000098,160,"./Code/main.cpp","InsertionSortTest2"
"Inner Loop (Shifting Elements)1",0.000094,160,"./Code/main.cpp","InsertionSortTest2"
"Inner Loop (Shifting Elements)1",0.000092,160,"./Code/main.cpp","InsertionSortTest2"
"Inner Loop (Shifting Elements)1",0.000091,160,"./Code/main.cpp","InsertionSortTest2"
"Inner Loop (Shifting Elements)1",0.000088,160,"./Code/main.cpp","InsertionSortTest2"
"Inner Loop (Shifting Elements)1",0.000122,160,"./Code/main.cpp","InsertionSortTest2"
"Inner Loop (Shifting Elements)1",0.000093,160,"./Code/main.cpp","InsertionSortTest2"
"Inner Loop (Shifting Elements)1",0.000094,160,"./Code/main.cpp","InsertionSortTest2"
"Key Assignment1",0.000091,167,"./Code/main.cpp","InsertionSortTest2"
"Outer Loop1",0.004443,169,"./Code/main.cpp","InsertionSortTest2"
"Inner Loop (Shifting Elements)1",0.000092,160,"./Code/main.cpp","InsertionSortTest2"
"Inner Loop (Shifting Elements)1",0.000092,160,"./Code/main.cpp","InsertionSortTest2"
"Inner Loop (Shifting Elements)1",0.000093,160,"./Code/main.cpp","InsertionSortTest2"
"Inner Loop (Shifting Elements)1",0.000093,160,"./Code/main.cpp","InsertionSortTest2"
"Inner Loop (Shifting Elements)1",0.000096,160,"./Code/main.cpp","InsertionSortTest2"
"Inner Loop (Shifting Elements)1",0.000092,160,"./Code/main.cpp","InsertionSortTest2"
"Inner Loop (Shifting Elements)1",0.000094,160,"./Code/main.cpp","InsertionSortTest2"
"Inner Loop (Shifting Elements)1",0.000094,160,"./Code/main.cpp","InsertionSortTest2"
"Inner Loop (Shifting Elements)1",0.000093,160,"./Code/main.cpp","InsertionSortTest2"
"Inner Loop (Shifting Elements)1",0.000092,160,"./Code/main.cpp","InsertionSortTest2"
"Inner Loop (Shifting Elements)1",0.000093,160,"./Code/main.cpp","InsertionSortTest2"
"Inner Loop (Shifting Elements)1",0.000093,160,"./Code/main.cpp","InsertionSortTest2"
"Inner Loop (Shifting Elements)1",0.000094,160,"./Code/main.cpp","InsertionSortTest2"
"Inner Loop (Shifting Elements)1",0.000093,160,"./Code/main.cpp","InsertionSortTest2"
"Key Assignment1",0.000090,167,"./Code/main.cpp","InsertionSortTest2"
"Outer Loop1",0.006194,169,"./Code/main.cpp","InsertionSortTest2"
"Inner Loop (Shifting Elements)1",0.000093,160,"./Code/main.cpp","InsertionSortTest2"
"Key Assignment1",0.000094,167,"./Code/main.cpp","InsertionSortTest2"
"Outer Loop1",0.000886,169,"./Code/main.cpp","InsertionSortTest2"
"Inner Loop (Shifting Elements)1",0.000092,160,"./Code/main.cpp","InsertionSortTest2"
"Inner Loop (Shifting Elements)1",0.000093,160,"./Code/main.cpp","InsertionSortTest2"
"Inner Loop (Shifting Elements)1",0.000091,160,"./Code/main.cpp","InsertionSortTest2"
"Inner Loop (Shifting Elements)1",0.000090,160,"./Code/main.cpp","InsertionSortTest2"
"Inner Loop (Shifting Elements)1",0.000092,160,"./Code/main.cpp","InsertionSortTest2"
"Inner Loop (Shifting Elements)1",0.000090,160,"./Code/main.cpp","InsertionSortTest2"
"Inner Loop (Shifting Elements)1",0.000092,160,"./Code/main.cpp","InsertionSortTest2"
"Inner Loop (Shifting Elements)1",0.000092,160,"./Code/main.cpp","InsertionSortTest2"
"Inner Loop (Shifting Elements)1",0.000092,160,"./Code/main.cpp","InsertionSortTest2"
"Inner Loop (Shifting Elements)1",0.000091,160,"./Code/main.cpp","InsertionSortTest2"
"Inner Loop (Shifting Elements)1",0.000093,160,"./Code/main.cpp","InsertionSortTest2"
"Inner Loop (Shifting Elements)1",0.000095,160,"./Code/main.cpp","InsertionSortTest2"
"Key Assignment1",0.000091,167,"./Code/main.cpp","InsertionSortTest2"
"Outer Loop1",0.005356,169,"./Code/main.cpp","InsertionSortTest2"
"Inner Loop (Shifting Elements)1",0.000115,160,"./Code/main.cpp","InsertionSortTest2"
"Inner Loop (Shifting Elements)1",0.000090,160,"./Code/main.cpp","InsertionSortTest2"
"Inner Loop (Shifting Elements)1",0.000095,160,"./Code/main.cpp","InsertionSortTest2"
"Inner Loop (Shifting Elements)1",0.000091,160,"./Code/main.cpp","InsertionSortTest2"
"Inner Loop (Shifting Elements)1",0.000094,160,"./Code/main.cpp","InsertionSortTest2"
"Inner Loop (Shifting Elements)1",0.000093,160,"./Code/main.cpp","InsertionSortTest2"
"Inner Loop (Shifting Elements)1",0.000092,160,"./Code/main.cpp","InsertionSortTest2"
"Inner Loop (Shifting Elements)1",0.000094,160,"./Code/main.cpp","InsertionSortTest2"
"Inner Loop (Shifting Elements)1",0.000095,160,"./Code/main.cpp","InsertionSortTest2"
"Key Assignment1",0.000090,167,"./Code/main.cpp","InsertionSortTest2"
"Outer Loop1",0.004147,169,"./Code/main.cpp","InsertionSortTest2"
"Inner Loop (Shifting Elements)1",0.000093,160,"./Code/main.cpp","InsertionSortTest2"
"Inner Loop (Shifting Elements)1",0.000092,160,"./Code/main.cpp","InsertionSortTest2"
"Inner Loop (Shifting Elements)1",0.000093,160,"./Code/main.cpp","InsertionSortTest2"
"Inner Loop (Shifting Elements)1",0.000092,160,"./Code/main.cpp","InsertionSortTest2"
"Key Assignment1",0.000092,167,"./Code/main.cpp","InsertionSortTest2"
"Outer Loop1",0.002097,169,"./Code/main.cpp","InsertionSortTest2"
"Inner Loop (Shifting Elements)1",0.000094,160,"./Code/main.cpp","InsertionSortTest2"
"Inner Loop (Shifting Elements)1",0.000091,160,"./Code/main.cpp","InsertionSortTest2"
"Inner Loop (Shifting Elements)1",0.000091,160,"./Code/main.cpp","InsertionSortTest2"
"Inner Loop (Shifting Elements)1",0.000093,160,"./Code/main.cpp","InsertionSortTest2"
"Inner Loop (Shifting Elements)1",0.000090,160,"./Code/main.cpp","InsertionSortTest2"
"Inner Loop (Shifting Elements)1",0.000093,160,"./Code/main.cpp","InsertionSortTest2"
"Inner Loop (Shifting Elements)1",0.000091,160,"./Code/main.cpp","InsertionSortTest2"
"Inner Loop (Shifting Elements)1",0.000094,160,"./Code/main.cpp","InsertionSortTest2"
"Inner Loop (Shifting Elements)1",0.000094,160,"./Code/main.cpp","InsertionSortTest2"
"Inner Loop (Shifting Elements)1",0.000094,160,"./Code/main.cpp","InsertionSortTest2"
"Inner Loop (Shifting Elements)1",0.000094,160,"./Code/main.cpp","InsertionSortTest2"
"Inner Loop (Shifting Elements)1",0.000093,160,"./Code/main.cpp","InsertionSortTest2"
"Inner Loop (Shifting Elements)1",0.000094,160,"./Code/main.cpp","InsertionSortTest2"
"Inner Loop (Shifting Elements)1",0.000092,160,"./Code/main.cpp","InsertionSortTest2"
"Inner Loop (Shifting Elements)1",0.000092,160,"./Code/main.cpp","InsertionSortTest2"
"Inner Loop (Shifting Elements)1",0.000093,160,"./Code/main.cpp","InsertionSortTest2"
"Key Assignment1",0.000092,167,"./Code/main.cpp","InsertionSortTest2"
"Outer Loop1",0.006979,169,"./Code/main.cpp","InsertionSortTest2"
"Inner Loop (Shifting Elements)1",0.000092,160,"./Code/main.cpp","InsertionSortTest2"
"Inner Loop (Shifting Elements)1",0.000092,160,"./Code/main.cpp","InsertionSortTest2"
"Inner Loop (Shifting Elements)1",0.000118,160,"./Code/main.cpp","InsertionSortTest2"
"Inner Loop (Shifting Elements)1",0.000091,160,"./Code/main.cpp","InsertionSortTest2"
"Inner Loop (Shifting Elements)1",0.000125,160,"./Code/main.cpp","InsertionSortTest2"
"Inner Loop (Shifting Elements)1",0.000130,160,"./Code/main.cpp","InsertionSortTest2"
"Inner Loop (Shifting Elements)1",0.000104,160,"./Code/main.cpp","InsertionSortTest2"
"Inner Loop (Shifting Elements)1",0.000103,160,"./Code/main.cpp","InsertionSortTest2"
"Inner Loop (Shifting Elements)1",0.000099,160,"./Code/main.cpp","InsertionSortTest2"
"Inner Loop (Shifting Elements)1",0.000093,160,"./Code/main.cpp","InsertionSortTest2"
"Inner Loop (Shifting Elements)1",0.000094,160,"./Code/main.cpp","InsertionSortTest2"
"Inner Loop (Shifting Elements)1",0.000093,160,"./Code/main.cpp","InsertionSortTest2"
"Key Assignment1",0.000093,167,"./Code/main.cpp","InsertionSortTest2"
"Outer Loop1",0.006744,169,"./Code/main.cpp","InsertionSortTest2"
"Inner Loop (Shifting Elements)1",0.000095,160,"./Code/main.cpp","InsertionSortTest2"
"Inner Loop (Shifting Elements)1",0.000093,160,"./Code/main.cpp","InsertionSortTest2"
"Inner Loop (Shifting Elements)1",0.000094,160,"./Code/main.cpp","InsertionSortTest2"
"Inner Loop (Shifting Elements)1",0.000124,160,"./Code/main.cpp","InsertionSortTest2"
"Inner Loop (Shifting Elements)1",0.000094,160,"./Code/main.cpp","InsertionSortTest2"
"Inner Loop (Shifting Elements)1",0.000118,160,"./Code/main.cpp","InsertionSortTest2"
"Key Assignment1",0.000095,167,"./Code/main.cpp","InsertionSortTest2"
"Outer Loop1",0.002992,169,"./Code/main.cpp","InsertionSortTest2"
"Key Assignment1",0.000093,167,"./Code/main.cpp","InsertionSortTest2"
"Outer Loop1",0.000471,169,"./Code/main.cpp","InsertionSortTest2"
"Inner Loop (Shifting Elements)1",0.000092,160,"./Code/main.cpp","InsertionSortTest2"
"Inner Loop (Shifting Elements)1",0.000095,160,"./Code/main.cpp","InsertionSortTest2"
"Inner Loop (Shifting Elements)1",0.000095,160,"./Code/main.cpp","InsertionSortTest2"
"Inner Loop (Shifting Elements)1",0.000092,160,"./Code/main.cpp","InsertionSortTest2"
"Inner Loop (Shifting Elements)1",0.000095,160,"./Code/main.cpp","InsertionSortTest2"
"Inner Loop (Shifting Elements)1",0.000095,160,"./Code/main.cpp","InsertionSortTest2"
"Inner Loop (Shifting Elements)1",0.000111,160,"./Code/main.cpp","InsertionSortTest2"
"Inner Loop (Shifting Elements)1",0.000094,160,"./Code/main.cpp","InsertionSortTest2"
"Inner Loop (Shifting Elements)1",0.000094,160,"./Code/main.cpp","InsertionSortTest2"
"Inner Loop (Shifting Elements)1",0.000093,160,"./Code/main.cpp","InsertionSortTest2"
"Inner Loop (Shifting Elements)1",0.000092,160,"./Code/main.cpp","InsertionSortTest2"
"Inner Loop (Shifting Elements)1",0.000094,160,"./Code/main.cpp","InsertionSortTest2"
"Inner Loop (Shifting Elements)1",0.000092,160,"./Code/main.cpp","InsertionSortTest2"
"Inner Loop (Shifting Elements)1",0.000093,160,"./Code/main.cpp","InsertionSortTest2"
"Inner Loop (Shifting Elements)1",0.000093,160,"./Code/main.cpp","InsertionSortTest2"
"Inner Loop (Shifting Elements)1",0.000093,160,"./Code/main.cpp","InsertionSortTest2"
"Inner Loop (Shifting Elements)1",0.000092,160,"./Code/main.cpp","InsertionSortTest2"
"Key Assignment1",0.000092,167,"./Code/main.cpp","InsertionSortTest2"
"Outer Loop1",0.007446,169,"./Code/main.cpp","InsertionSortTest2"
"Inner Loop (Shifting Elements)1",0.000089,160,"./Code/main.cpp","InsertionSortTest2"
"Inner Loop (Shifting Elements)1",0.000091,160,"./Code/main.cpp","InsertionSortTest2"
"Inner Loop (Shifting Elements)1",0.000089,160,"./Code/main.cpp","InsertionSortTest2"
"Inner Loop (Shifting Elements)1",0.000089,160,"./Code/main.cpp","InsertionSortTest2"
"Inner Loop (Shifting Elements)1",0.000112,160,"./Code/main.cpp","InsertionSortTest2"
"Inner Loop (Shifting Elements)1",0.000091,160,"./Code/main.cpp","InsertionSortTest2"
"Inner Loop (Shifting Elements)1",0.000091,160,"./Code/main.cpp","InsertionSortTest2"
"Inner Loop (Shifting Elements)1",0.000091,160,"./Code/main.cpp","InsertionSortTest2"
"Inner Loop (Shifting Elements)1",0.000091,160,"./Code/main.cpp","InsertionSortTest2"
"Inner Loop (Shifting Elements)1",0.000095,160,"./Code/main.cpp","InsertionSortTest2"
"Key Assignment1",0.000092,167,"./Code/main.cpp","InsertionSortTest2"
"Outer Loop1",0.004574,169,"./Code/main.cpp","InsertionSortTest2"
"Inner Loop (Shifting Elements)1",0.000092,160,"./Code/main.cpp","InsertionSortTest2"
"Inner Loop (Shifting Elements)1",0.000092,160,"./Code/main.cpp","InsertionSortTest2"
"Key Assignment1",0.000094,167,"./Code/main.cpp","InsertionSortTest2"
"Outer Loop1",0.001287,169,"./Code/main.cpp","InsertionSortTest2"
"Inner Loop (Shifting Elements)1",0.000118,160,"./Code/main.cpp","InsertionSortTest2"
"Inner Loop (Shifting Elements)1",0.000092,160,"./Code/main.cpp","InsertionSortTest2"
"Inner Loop (Shifting Elements)1",0.000093,160,"./Code/main.cpp","InsertionSortTest2"
"Inner Loop (Shifting Elements)1",0.000095,160,"./Code/main.cpp","InsertionSortTest2"
"Inner Loop (Shifting Elements)1",0.000093,160,"./Code/main.cpp","InsertionSortTest2"
"Inner Loop (Shifting Elements)1",0.000096,160,"./Code/main.cpp","InsertionSortTest2"
"Inner Loop (Shifting Elements)1",0.000092,160,"./Code/main.cpp","InsertionSortTest2"
"Inner Loop (Shifting Elements)1",0.000094,160,"./Code/main.cpp","InsertionSortTest2"
"Inner Loop (Shifting Elements)1",0.000095,160,"./Code/main.cpp","InsertionSortTest2"
"Inner Loop (Shifting Elements)1",0.000092,160,"./Code/main.cpp","InsertionSortTest2"
"Inner Loop (Shifting Elements)1",0.000091,160,"./Code/main.cpp","InsertionSortTest2"
"Inner Loop (Shifting Elements)1",0.000119,160,"./Code/main.cpp","InsertionSortTest2"
"Inner Loop (Shifting Elements)1",0.000094,160,"./Code/main.cpp","InsertionSortTest2"
"Inner Loop (Shifting Elements)1",0.000094,160,"./Code/main.cpp","InsertionSortTest2"
"Inner Loop (Shifting Elements)1",0.000092,160,"./Code/main.cpp","InsertionSortTest2"
"Inner Loop (Shifting Elements)1",0.000096,160,"./Code/main.cpp","InsertionSortTest2"
"Inner Loop (Shifting Elements)1",0.000090,160,"./Code/main.cpp","InsertionSortTest2"
"Inner Loop (Shifting Elements)1",0.000092,160,"./Code/main.cpp","InsertionSortTest2"
"Inner Loop (Shifting Elements)1",0.000092,160,"./Code/main.cpp","InsertionSortTest2"
"Inner Loop (Shifting Elements)1",0.000092,160,"./Code/main.cpp","InsertionSortTest2"
"Inner Loop (Shifting Elements)1",0.000092,160,"./Code/main.cpp","InsertionSortTest2"
"Inner Loop (Shifting Elements)1",0.000092,160,"./Code/main.cpp","InsertionSortTest2"
"Inner Loop (Shifting Elements)1",0.000092,160,"./Code/main.cpp","InsertionSortTest2"
"Inner Loop (Shifting Elements)1",0.000093,160,"./Code/main.cpp","InsertionSortTest2"
"Inner Loop (Shifting Elements)1",0.000092,160,"./Code/main.cpp","InsertionSortTest2"
"Inner Loop (Shifting Elements)1",0.000093,160,"./Code/main.cpp","InsertionSortTest2"
"Inner Loop (Shifting Elements)1",0.000093,160,"./Code/main.cpp","InsertionSortTest2"
"Inner Loop (Shifting Elements)1",0.000091,160,"./Code/main.cpp","InsertionSortTest2"
"Key Assignment1",0.000093,167,"./Code/main.cpp","InsertionSortTest2"
"Outer Loop1",0.011918,169,"./Code/main.cpp","InsertionSortTest2"
"Inner Loop (Shifting Elements)1",0.000177,160,"./Code/main.cpp","InsertionSortTest2"
"Inner Loop (Shifting Elements)1",0.000109,160,"./Code/main.cpp","InsertionSortTest2"
"Inner Loop (Shifting Elements)1",0.000123,160,"./Code/main.cpp","InsertionSortTest2"
"Inner Loop (Shifting Elements)1",0.000101,160,"./Code/main.cpp","InsertionSortTest2"
"Inner Loop (Shifting Elements)1",0.000097,160,"./Code/main.cpp","InsertionSortTest2"
"Inner Loop (Shifting Elements)1",0.000097,160,"./Code/main.cpp","InsertionSortTest2"
"Inner Loop (Shifting Elements)1",0.000093,160,"./Code/main.cpp","InsertionSortTest2"
"Inner Loop (Shifting Elements)1",0.000145,160,"./Code/main.cpp","InsertionSortTest2"
"Inner Loop (Shifting Elements)1",0.000089,160,"./Code/main.cpp","InsertionSortTest2"
"Inner Loop (Shifting Elements)1",0.000092,160,"./Code/main.cpp","InsertionSortTest2"
"Inner Loop (Shifting Elements)1",0.000094,160,"./Code/main.cpp","InsertionSortTest2"
"Inner Loop (Shifting Elements)1",0.000094,160,"./Code/main.cpp","InsertionSortTest2"
"Inner Loop (Shifting Elements)1",0.000092,160,"./Code/main.cpp","InsertionSortTest2"
"Inner Loop (Shifting Elements)1",0.000094,160,"./Code/main.cpp","InsertionSortTest2"
"Key Assignment1",0.000090,167,"./Code/main.cpp","InsertionSortTest2"
"Outer Loop1",0.006776,169,"./Code/main.cpp","InsertionSortTest2"
"Inner Loop (Shifting Elements)1",0.000093,160,"./Code/main.cpp","InsertionSortTest2"
"Inner Loop (Shifting Elements)1",0.000092,160,"./Code/main.cpp","InsertionSortTest2"
"Inner Loop (Shifting Elements)1",0.000095,160,"./Code/main.cpp","InsertionSortTest2"
"Inner Loop (Shifting Elements)1",0.000092,160,"./Code/main.cpp","InsertionSortTest2"
"Inner Loop (Shifting Elements)1",0.000095,160,"./Code/main.cpp","InsertionSortTest2"
"Inner Loop (Shifting Elements)1",0.000093,160,"./Code/main.cpp","InsertionSortTest2"
"Key Assignment1",0.000091,167,"./Code/main.cpp","InsertionSortTest2"
"Outer Loop1",0.002949,169,"./Code/main.cpp","InsertionSortTest2"
"Inner Loop (Shifting Elements)1",0.000093,160,"./Code/main.cpp","InsertionSortTest2"
"Inner Loop (Shifting Elements)1",0.000091,160,"./Code/main.cpp","InsertionSortTest2"
"Inner Loop (Shifting Elements)1",0.000094,160,"./Code/main.cpp","InsertionSortTest2"
"Inner Loop (Shifting Elements)1",0.000093,160,"./Code/main.cpp","InsertionSortTest2"
"Inner Loop (Shifting Elements)1",0.000093,160,"./Code/main.cpp","InsertionSortTest2"
"Inner Loop (Shifting Elements)1",0.000091,160,"./Code/main.cpp","InsertionSortTest2"
"Inner Loop (Shifting Elements)1",0.000092,160,"./Code/main.cpp","InsertionSortTest2"
"Inner Loop (Shifting Elements)1",0.000092,160,"./Code/main.cpp","InsertionSortTest2"
"Inner Loop (Shifting Elements)1",0.000094,160,"./Code/main.cpp","InsertionSortTest2"
"Inner Loop (Shifting Elements)1",0.000093,160,"./Code/main.cpp","InsertionSortTest2"
"Inner Loop (Shifting Elements)1",0.000094,160,"./Code/main.cpp","InsertionSortTest2"
"Inner Loop (Shifting Elements)1",0.000092,160,"./Code/main.cpp","InsertionSortTest2"
"Inner Loop (Shifting Elements)1",0.000096,160,"./Code/main.cpp","InsertionSortTest2"
"Inner Loop (Shifting Elements)1",0.000092,160,"./Code/main.cpp","InsertionSortTest2"
"Inner Loop (Shifting Elements)1",0.000096,160,"./Code/main.cpp","InsertionSortTest2"
"Inner Loop (Shifting Elements)1",0.000092,160,"./Code/main.cpp","InsertionSortTest2"
"Inner Loop (Shifting Elements)1",0.000094,160,"./Code/main.cpp","InsertionSortTest2"
"Inner Loop (Shifting Elements)1",0.000093,160,"./Code/main.cpp","InsertionSortTest2"
"Inner Loop (Shifting Elements)1",0.000095,160,"./Code/main.cpp","InsertionSortTest2"
"Inner Loop (Shifting Elements)1",0.000094,160,"./Code/main.cpp","InsertionSortTest2"
"Inner Loop (Shifting Elements)1",0.000093,160,"./Code/main.cpp","InsertionSortTest2"
"Inner Loop (Shifting Elements)1",0.000093,160,"./Code/main.cpp","InsertionSortTest2"
"Inner Loop (Shifting Elements)1",0.000094,160,"./Code/main.cpp","InsertionSortTest2"
"Inner Loop (Shifting Elements)1",0.000093,160,"./Code/main.cpp","InsertionSortTest2"
"Key Assignment1",0.000094,167,"./Code/main.cpp","InsertionSortTest2"
"Outer Loop1",0.010296,169,"./Code/main.cpp","InsertionSortTest2"
"Inner Loop (Shifting Elements)1",0.000093,160,"./Code/main.cpp","InsertionSortTest2"
"Inner Loop (Shifting Elements)1",0.000116,160,"./Code/main.cpp","InsertionSortTest2"
"Inner Loop (Shifting Elements)1",0.000094,160,"./Code/main.cpp","InsertionSortTest2"
"Inner Loop (Shifting Elements)1",0.000091,160,"./Code/main.cpp","InsertionSortTest2"
"Inner Loop (Shifting Elements)1",0.000095,160,"./Code/main.cpp","InsertionSortTest2"
"Inner Loop (Shifting Elements)1",0.000095,160,"./Code/main.cpp","InsertionSortTest2"
"Inner Loop (Shifting Elements)1",0.000095,160,"./Code/main.cpp","InsertionSortTest2"
"Inner Loop (Shifting Elements)1",0.000094,160,"./Code/main.cpp","InsertionSortTest2"
"Inner Loop (Shifting Elements)1",0.000094,160,"./Code/main.cpp","InsertionSortTest2"
"Inner Loop (Shifting Elements)1",0.000095,160,"./Code/main.cpp","InsertionSortTest2"
"Inner Loop (Shifting Elements)1",0.000093,160,"./Code/main.cpp","InsertionSortTest2"
"Inner Loop (Shifting Elements)1",0.000095,160,"./Code/main.cpp","InsertionSortTest2"
"Inner Loop (Shifting Elements)1",0.000092,160,"./Code/main.cpp","InsertionSortTest2"
"Inner Loop (Shifting Elements)1",0.000091,160,"./Code/main.cpp","InsertionSortTest2"
"Inner Loop (Shifting Elements)1",0.000092,160,"./Code/main.cpp","InsertionSortTest2"
"Inner Loop (Shifting Elements)1",0.000092,160,"./Code/main.cpp","InsertionSortTest2"
"Inner Loop (Shifting Elements)1",0.000093,160,"./Code/main.cpp","InsertionSortTest2"
"Inner Loop (Shifting Elements)1",0.000095,160,"./Code/main.cpp","InsertionSortTest2"
"Key Assignment1",0.000093,167,"./Code/main.cpp","InsertionSortTest2"
"Outer Loop1",0.007870,169,"./Code/main.cpp","InsertionSortTest2"
"Inner Loop (Shifting Elements)1",0.000095,160,"./Code/main.cpp","InsertionSortTest2"
"Inner Loop (Shifting Elements)1",0.000092,160,"./Code/main.cpp","InsertionSortTest2"
"Inner Loop (Shifting Elements)1",0.000095,160,"./Code/main.cpp","InsertionSortTest2"
"Inner Loop (Shifting Elements)1",0.000095,160,"./Code/main.cpp","InsertionSortTest2"
"Inner Loop (Shifting Elements)1",0.000094,160,"./Code/main.cpp","InsertionSortTest2"
"Inner Loop (Shifting Elements)1",0.000094,160,"./Code/main.cpp","InsertionSortTest2"
"Inner Loop (Shifting Elements)1",0.000093,160,"./Code/main.cpp","InsertionSortTest2"
"Inner Loop (Shifting Elements)1",0.000094,160,"./Code/main.cpp","InsertionSortTest2"
"Inner Loop (Shifting Elements)1",0.000094,160,"./Code/main.cpp","InsertionSortTest2"
"Key Assignment1",0.000092,167,"./Code/main.cpp","InsertionSortTest2"
"Outer Loop1",0.004165,169,"./Code/main.cpp","InsertionSortTest2"
"Key Assignment1",0.000091,167,"./Code/main.cpp","InsertionSortTest2"
"Outer Loop1",0.000467,169,"./Code/main.cpp","InsertionSortTest2"
"Inner Loop (Shifting Elements)1",0.000092,160,"./Code/main.cpp","InsertionSortTest2"
"Inner Loop (Shifting Elements)1",0.000093,160,"./Code/main.cpp","InsertionSortTest2"
"Inner Loop (Shifting Elements)1",0.000092,160,"./Code/main.cpp","InsertionSortTest2"
"Inner Loop (Shifting Elements)1",0.000132,160,"./Code/main.cpp","InsertionSortTest2"
"Inner Loop (Shifting Elements)1",0.000134,160,"./Code/main.cpp","InsertionSortTest2"
"Inner Loop (Shifting Elements)1",0.000124,160,"./Code/main.cpp","InsertionSortTest2"
"Inner Loop (Shifting Elements)1",0.000121,160,"./Code/main.cpp","InsertionSortTest2"
"Inner Loop (Shifting Elements)1",0.000093,160,"./Code/main.cpp","InsertionSortTest2"
"Inner Loop (Shifting Elements)1",0.000092,160,"./Code/main.cpp","InsertionSortTest2"
"Inner Loop (Shifting Elements)1",0.000094,160,"./Code/main.cpp","InsertionSortTest2"
"Inner Loop (Shifting Elements)1",0.000093,160,"./Code/main.cpp","InsertionSortTest2"
"Inner Loop (Shifting Elements)1",0.000092,160,"./Code/main.cpp","InsertionSortTest2"
"Inner Loop (Shifting Elements)1",0.000091,160,"./Code/main.cpp","InsertionSortTest2"
"Inner Loop (Shifting Elements)1",0.000092,160,"./Code/main.cpp","InsertionSortTest2"
"Inner Loop (Shifting Elements)1",0.000090,160,"./Code/main.cpp","InsertionSortTest2"
"Inner Loop (Shifting Elements)1",0.000094,160,"./Code/main.cpp","InsertionSortTest2"
"Inner Loop (Shifting Elements)1",0.000094,160,"./Code/main.cpp","InsertionSortTest2"
"Inner Loop (Shifting Elements)1",0.000094,160,"./Code/main.cpp","InsertionSortTest2"
"Inner Loop (Shifting Elements)1",0.000092,160,"./Code/main.cpp","InsertionSortTest2"
"Inner Loop (Shifting Elements)1",0.000091,160,"./Code/main.cpp","InsertionSortTest2"
"Inner Loop (Shifting Elements)1",0.000092,160,"./Code/main.cpp","InsertionSortTest2"
"Inner Loop (Shifting Elements)1",0.000092,160,"./Code/main.cpp","InsertionSortTest2"
"Inner Loop (Shifting Elements)1",0.000095,160,"./Code/main.cpp","InsertionSortTest2"
"Inner Loop (Shifting Elements)1",0.000094,160,"./Code/main.cpp","InsertionSortTest2"
"Key Assignment1",0.000090,167,"./Code/main.cpp","InsertionSortTest2"
"Outer Loop1",0.013294,169,"./Code/main.cpp","InsertionSortTest2"
"Inner Loop (Shifting Elements)1",0.000093,160,"./Code/main.cpp","InsertionSortTest2"
"Inner Loop (Shifting Elements)1",0.000093,160,"./Code/main.cpp","InsertionSortTest2"
"Inner Loop (Shifting Elements)1",0.000093,160,"./Code/main.cpp","InsertionSortTest2"
"Inner Loop (Shifting Elements)1",0.000093,160,"./Code/main.cpp","InsertionSortTest2"
"Inner Loop (Shifting Elements)1",0.000093,160,"./Code/main.cpp","InsertionSortTest2"
"Inner Loop (Shifting Elements)1",0.000093,160,"./Code/main.cpp","InsertionSortTest2"
"Inner Loop (Shifting Elements)1",0.000094,160,"./Code/main.cpp","InsertionSortTest2"
"Inner Loop (Shifting Elements)1",0.000092,160,"./Code/main.cpp","InsertionSortTest2"
"Inner Loop (Shifting Elements)1",0.000093,160,"./Code/main.cpp","InsertionSortTest2"
"Inner Loop (Shifting Elements)1",0.000092,160,"./Code/main.cpp","InsertionSortTest2"
"Inner Loop (Shifting Elements)1",0.000094,160,"./Code/main.cpp","InsertionSortTest2"
"Inner Loop (Shifting Elements)1",0.000094,160,"./Code/main.cpp","InsertionSortTest2"
"Inner Loop (Shifting Elements)1",0.000092,160,"./Code/main.cpp","InsertionSortTest2"
"Inner Loop (Shifting Elements)1",0.000096,160,"./Code/main.cpp","InsertionSortTest2"
"Key Assignment1",0.000093,167,"./Code/main.cpp","InsertionSortTest2"
"Outer Loop1",0.006256,169,"./Code/main.cpp","InsertionSortTest2"
"Inner Loop (Shifting Elements)1",0.000092,160,"./Code/main.cpp","InsertionSortTest2"
"Inner Loop (Shifting Elements)1",0.000095,160,"./Code/main.cpp","InsertionSortTest2"
"Inner Loop (Shifting Elements)1",0.000093,160,"./Code/main.cpp","InsertionSortTest2"
"Key Assignment1",0.000094,167,"./Code/main.cpp","InsertionSortTest2"
"Outer Loop1",0.001706,169,"./Code/main.cpp","InsertionSortTest2"
"Inner Loop (Shifting Elements)1",0.000093,160,"./Code/main.cpp","InsertionSortTest2"
"Inner Loop (Shifting Elements)1",0.000094,160,"./Code/main.cpp","InsertionSortTest2"
"Inner Loop (Shifting Elements)1",0.000090,160,"./Code/main.cpp","InsertionSortTest2"
"Inner Loop (Shifting Elements)1",0.000094,160,"./Code/main.cpp","InsertionSortTest2"
"Inner Loop (Shifting Elements)1",0.000090,160,"./Code/main.cpp","InsertionSortTest2"
"Inner Loop (Shifting Elements)1",0.000091,160,"./Code/main.cpp","InsertionSortTest2"
"Inner Loop (Shifting Elements)1",0.000094,160,"./Code/main.cpp","InsertionSortTest2"
"Inner Loop (Shifting Elements)1",0.000096,160,"./Code/main.cpp","InsertionSortTest2"
"Inner Loop (Shifting Elements)1",0.000094,160,"./Code/main.cpp","InsertionSortTest2"
"Inner Loop (Shifting Elements)1",0.000096,160,"./Code/main.cpp","InsertionSortTest2"
"Inner Loop (Shifting Elements)1",0.000093,160,"./Code/main.cpp","InsertionSortTest2"
"Inner Loop (Shifting Elements)1",0.000095,160,"./Code/main.cpp","InsertionSortTest2"
"Inner Loop (Shifting Elements)1",0.000095,160,"./Code/main.cpp","InsertionSortTest2"
"Inner Loop (Shifting Elements)1",0.000092,160,"./Code/main.cpp","InsertionSortTest2"
"Inner Loop (Shifting Elements)1",0.000094,160,"./Code/main.cpp","InsertionSortTest2"
"Inner Loop (Shifting Elements)1",0.000095,160,"./Code/main.cpp","InsertionSortTest2"
"Inner Loop (Shifting Elements)1",0.000094,160,"./Code/main.cpp","InsertionSortTest2"
"Inner Loop (Shifting Elements)1",0.000092,160,"./Code/main.cpp","InsertionSortTest2"
"Inner Loop (Shifting Elements)1",0.000094,160,"./Code/main.cpp","InsertionSortTest2"
"Inner Loop (Shifting Elements)1",0.000093,160,"./Code/main.cpp","InsertionSortTest2"
"Inner Loop (Shifting Elements)1",0.000094,160,"./Code/main.cpp","InsertionSortTest2"
"Inner Loop (Shifting Elements)1",0.000093,160,"./Code/main.cpp","InsertionSortTest2"
"Inner Loop (Shifting Elements)1",0.000094,160,"./Code/main.cpp","InsertionSortTest2"
"Inner Loop (Shifting Elements)1",0.000093,160,"./Code/main.cpp","InsertionSortTest2"
"Inner Loop (Shifting Elements)1",0.000094,160,"./Code/main.cpp","InsertionSortTest2"
"Inner Loop (Shifting Elements)1",0.000094,160,"./Code/main.cpp","InsertionSortTest2"
"Inner Loop (Shifting Elements)1",0.000095,160,"./Code/main.cpp","InsertionSortTest2"
"Inner Loop (Shifting Elements)1",0.000094,160,"./Code/main.cpp","InsertionSortTest2"
"Inner Loop (Shifting Elements)1",0.000092,160,"./Code/main.cpp","InsertionSortTest2"
"Inner Loop (Shifting Elements)1",0.000094,160,"./Code/main.cpp","InsertionSortTest2"
"Inner Loop (Shifting Elements)1",0.000092,160,"./Code/main.cpp","InsertionSortTest2"
"Inner Loop (Shifting Elements)1",0.000093,160,"./Code/main.cpp","InsertionSortTest2"
"Inner Loop (Shifting Elements)1",0.000091,160,"./Code/main.cpp","InsertionSortTest2"
"Inner Loop (Shifting Elements)1",0.000095,160,"./Code/main.cpp","InsertionSortTest2"
"Inner Loop (Shifting Elements)1",0.000093,160,"./Code/main.cpp","InsertionSortTest2"
"Inner Loop (Shifting Elements)1",0.000093,160,"./Code/main.cpp","InsertionSortTest2"
"Inner Loop (Shifting Elements)1",0.000093,160,"./Code/main.cpp","InsertionSortTest2"
"Key Assignment1",0.000093,167,"./Code/main.cpp","InsertionSortTest2"
"Outer Loop1",0.015601,169,"./Code/main.cpp","InsertionSortTest2"
"Inner Loop (Shifting Elements)1",0.000092,160,"./Code/main.cpp","InsertionSortTest2"
"Inner Loop (Shifting Elements)1",0.000092,160,"./Code/main.cpp","InsertionSortTest2"
"Inner Loop (Shifting Elements)1",0.000132,160,"./Code/main.cpp","InsertionSortTest2"
"Inner Loop (Shifting Elements)1",0.000107,160,"./Code/main.cpp","InsertionSortTest2"
"Inner Loop (Shifting Elements)1",0.000103,160,"./Code/main.cpp","InsertionSortTest2"
"Inner Loop (Shifting Elements)1",0.000098,160,"./Code/main.cpp","InsertionSortTest2"
"Inner Loop (Shifting Elements)1",0.000092,160,"./Code/main.cpp","InsertionSortTest2"
"Inner Loop (Shifting Elements)1",0.000093,160,"./Code/main.cpp","InsertionSortTest2"
"Inner Loop (Shifting Elements)1",0.000090,160,"./Code/main.cpp","InsertionSortTest2"
"Inner Loop (Shifting Elements)1",0.000094,160,"./Code/main.cpp","InsertionSortTest2"
"Inner Loop (Shifting Elements)1",0.000094,160,"./Code/main.cpp","InsertionSortTest2"
"Inner Loop (Shifting Elements)1",0.000092,160,"./Code/main.cpp","InsertionSortTest2"
"Inner Loop (Shifting Elements)1",0.000093,160,"./Code/main.cpp","InsertionSortTest2"
"Inner Loop (Shifting Elements)1",0.000093,160,"./Code/main.cpp","InsertionSortTest2"
"Inner Loop (Shifting Elements)1",0.000089,160,"./Code/main.cpp","InsertionSortTest2"
"Inner Loop (Shifting Elements)1",0.000089,160,"./Code/main.cpp","InsertionSortTest2"
"Inner Loop (Shifting Elements)1",0.000092,160,"./Code/main.cpp","InsertionSortTest2"
"Inner Loop (Shifting Elements)1",0.000089,160,"./Code/main.cpp","InsertionSortTest2"
"Inner Loop (Shifting Elements)1",0.000090,160,"./Code/main.cpp","InsertionSortTest2"
"Key Assignment1",0.000090,167,"./Code/main.cpp","InsertionSortTest2"
"Outer Loop1",0.009586,169,"./Code/main.cpp","InsertionSortTest2"
"Inner Loop (Shifting Elements)1",0.000090,160,"./Code/main.cpp","InsertionSortTest2"
"Inner Loop (Shifting Elements)1",0.000091,160,"./Code/main.cpp","InsertionSortTest2"
"Inner Loop (Shifting Elements)1",0.000089,160,"./Code/main.cpp","InsertionSortTest2"
"Inner Loop (Shifting Elements)1",0.000093,160,"./Code/main.cpp","InsertionSortTest2"
"Inner Loop (Shifting Elements)1",0.000091,160,"./Code/main.cpp","InsertionSortTest2"
"Inner Loop (Shifting Elements)1",0.000092,160,"./Code/main.cpp","InsertionSortTest2"
"Inner Loop (Shifting Elements)1",0.000091,160,"./Code/main.cpp","InsertionSortTest2"
"Inner Loop (Shifting Elements)1",0.000093,160,"./Code/main.cpp","InsertionSortTest2"
"Key Assignment1",0.000090,167,"./Code/main.cpp","InsertionSortTest2"
"Outer Loop1",0.003738,169,"./Code/main.cpp","InsertionSortTest2"
"Inner Loop (Shifting Elements)1",0.000094,160,"./Code/main.cpp","InsertionSortTest2"
"Inner Loop (Shifting Elements)1",0.000090,160,"./Code/main.cpp","InsertionSortTest2"
"Inner Loop (Shifting Elements)1",0.000091,160,"./Code/main.cpp","InsertionSortTest2"
"Inner Loop (Shifting Elements)1",0.000089,160,"./Code/main.cpp","InsertionSortTest2"
"Inner Loop (Shifting Elements)1",0.000088,160,"./Code/main.cpp","InsertionSortTest2"
"Inner Loop (Shifting Elements)1",0.000092,160,"./Code/main.cpp","InsertionSortTest2"
"Inner Loop (Shifting Elements)1",0.000090,160,"./Code/main.cpp","InsertionSortTest2"
"Inner Loop (Shifting Elements)1",0.000093,160,"./Code/main.cpp","InsertionSortTest2"
"Inner Loop (Shifting Elements)1",0.000093,160,"./Code/main.cpp","InsertionSortTest2"
"Inner Loop (Shifting Elements)1",0.000090,160,"./Code/main.cpp","InsertionSortTest2"
"Inner Loop (Shifting Elements)1",0.000091,160,"./Code/main.cpp","InsertionSortTest2"
"Inner Loop (Shifting Elements)1",0.000091,160,"./Code/main.cpp","InsertionSortTest2"
"Inner Loop (Shifting Elements)1",0.000096,160,"./Code/main.cpp","InsertionSortTest2"
"Inner Loop (Shifting Elements)1",0.000095,160,"./Code/main.cpp","InsertionSortTest2"
"Inner Loop (Shifting Elements)1",0.000095,160,"./Code/main.cpp","InsertionSortTest2"
"Inner Loop (Shifting Elements)1",0.000095,160,"./Code/main.cpp","InsertionSortTest2"
"Inner Loop (Shifting Elements)1",0.000091,160,"./Code/main.cpp","InsertionSortTest2"
"Inner Loop (Shifting Elements)1",0.000115,160,"./Code/main.cpp","InsertionSortTest2"
"Inner Loop (Shifting Elements)1",0.000095,160,"./Code/main.cpp","InsertionSortTest2"
"Inner Loop (Shifting Elements)1",0.000093,160,"./Code/main.cpp","InsertionSortTest2"
"Inner Loop (Shifting Elements)1",0.000091,160,"./Code/main.cpp","InsertionSortTest2"
"Inner Loop (Shifting Elements)1",0.000094,160,"./Code/main.cpp","InsertionSortTest2"
"Inner Loop (Shifting Elements)1",0.000093,160,"./Code/main.cpp","InsertionSortTest2"
"Inner Loop (Shifting Elements)1",0.000089,160,"./Code/main.cpp","InsertionSortTest2"
"Inner Loop (Shifting Elements)1",0.000093,160,"./Code/main.cpp","InsertionSortTest2"
"Inner Loop (Shifting Elements)1",0.000090,160,"./Code/main.cpp","InsertionSortTest2"
"Inner Loop (Shifting Elements)1",0.000091,160,"./Code/main.cpp","InsertionSortTest2"
"Inner Loop (Shifting Elements)1",0.000093,160,"./Code/main.cpp","InsertionSortTest2"
"Inner Loop (Shifting Elements)1",0.000094,160,"./Code/main.cpp","InsertionSortTest2"
"Inner Loop (Shifting Elements)1",0.000093,160,"./Code/main.cpp","InsertionSortTest2"
"Inner Loop (Shifting Elements)1",0.000094,160,"./Code/main.cpp","InsertionSortTest2"
"Inner Loop (Shifting Elements)1",0.000095,160,"./Code/main.cpp","InsertionSortTest2"
"Key Assignment1",0.000092,167,"./Code/main.cpp","InsertionSortTest2"
"Outer Loop1",0.013727,169,"./Code/main.cpp","InsertionSortTest2"
"Inner Loop (Shifting Elements)1",0.000089,160,"./Code/main.cpp","InsertionSortTest2"
"Inner Loop (Shifting Elements)1",0.000090,160,"./Code/main.cpp","InsertionSortTest2"
"Inner Loop (Shifting Elements)1",0.000092,160,"./Code/main.cpp","InsertionSortTest2"
"Inner Loop (Shifting Elements)1",0.000091,160,"./Code/main.cpp","InsertionSortTest2"
"Inner Loop (Shifting Elements)1",0.000093,160,"./Code/main.cpp","InsertionSortTest2"
"Inner Loop (Shifting Elements)1",0.000089,160,"./Code/main.cpp","InsertionSortTest2"
"Inner Loop (Shifting Elements)1",0.000091,160,"./Code/main.cpp","InsertionSortTest2"
"Inner Loop (Shifting Elements)1",0.000093,160,"./Code/main.cpp","InsertionSortTest2"
"Inner Loop (Shifting Elements)1",0.000093,160,"./Code/main.cpp","InsertionSortTest2"
"Inner Loop (Shifting Elements)1",0.000093,160,"./Code/main.cpp","InsertionSortTest2"
"Inner Loop (Shifting Elements)1",0.000093,160,"./Code/main.cpp","InsertionSortTest2"
"Inner Loop (Shifting Elements)1",0.000095,160,"./Code/main.cpp","InsertionSortTest2"
"Inner Loop (Shifting Elements)1",0.000094,160,"./Code/main.cpp","InsertionSortTest2"
"Inner Loop (Shifting Elements)1",0.000092,160,"./Code/main.cpp","InsertionSortTest2"
"Inner Loop (Shifting Elements)1",0.000092,160,"./Code/main.cpp","InsertionSortTest2"
"Inner Loop (Shifting Elements)1",0.000090,160,"./Code/main.cpp","InsertionSortTest2"
"Inner Loop (Shifting Elements)1",0.000092,160,"./Code/main.cpp","InsertionSortTest2"
"Inner Loop (Shifting Elements)1",0.000092,160,"./Code/main.cpp","InsertionSortTest2"
"Inner Loop (Shifting Elements)1",0.000090,160,"./Code/main.cpp","InsertionSortTest2"
"Inner Loop (Shifting Elements)1",0.000092,160,"./Code/main.cpp","InsertionSortTest2"
"Inner Loop (Shifting Elements)1",0.000090,160,"./Code/main.cpp","InsertionSortTest2"
"Inner Loop (Shifting Elements)1",0.000092,160,"./Code/main.cpp","InsertionSortTest2"
"Inner Loop (Shifting Elements)1",0.000129,160,"./Code/main.cpp","InsertionSortTest2"
"Inner Loop (Shifting Elements)1",0.000123,160,"./Code/main.cpp","InsertionSortTest2"
"Key Assignment1",0.000125,167,"./Code/main.cpp","InsertionSortTest2"
"Outer Loop1",0.011523,169,"./Code/main.cpp","InsertionSortTest2"
"Inner Loop (Shifting Elements)1",0.000109,160,"./Code/main.cpp","InsertionSortTest2"
"Inner Loop (Shifting Elements)1",0.000112,160,"./Code/main.cpp","InsertionSortTest2"
"Inner Loop (Shifting Elements)1",0.000095,160,"./Code/main.cpp","InsertionSortTest2"
"Inner Loop (Shifting Elements)1",0.000095,160,"./Code/main.cpp","InsertionSortTest2"
"Inner Loop (Shifting Elements)1",0.000093,160,"./Code/main.cpp","InsertionSortTest2"
"Inner Loop (Shifting Elements)1",0.000095,160,"./Code/main.cpp","InsertionSortTest2"
"Inner Loop (Shifting Elements)1",0.000095,160,"./Code/main.cpp","InsertionSortTest2"
"Inner Loop (Shifting Elements)1",0.000090,160,"./Code/main.cpp","InsertionSortTest2"
"Inner Loop (Shifting Elements)1",0.000091,160,"./Code/main.cpp","InsertionSortTest2"
"Inner Loop (Shifting Elements)1",0.000095,160,"./Code/main.cpp","InsertionSortTest2"
"Inner Loop (Shifting Elements)1",0.000090,160,"./Code/main.cpp","InsertionSortTest2"
"Inner Loop (Shifting Elements)1",0.000094,160,"./Code/main.cpp","InsertionSortTest2"
"Key Assignment1",0.000092,167,"./Code/main.cpp","InsertionSortTest2"
"Outer Loop1",0.005604,169,"./Code/main.cpp","InsertionSortTest2"
"Key Assignment1",0.000091,167,"./Code/main.cpp","InsertionSortTest2"
"Outer Loop1",0.000485,169,"./Code/main.cpp","InsertionSortTest2"
"Inner Loop (Shifting Elements)1",0.000093,160,"./Code/main.cpp","InsertionSortTest2"
"Inner Loop (Shifting Elements)1",0.000096,160,"./Code/main.cpp","InsertionSortTest2"
"Inner Loop (Shifting Elements)1",0.000092,160,"./Code/main.cpp","InsertionSortTest2"
"Inner Loop (Shifting Elements)1",0.000092,160,"./Code/main.cpp","InsertionSortTest2"
"Inner Loop (Shifting Elements)1",0.000092,160,"./Code/main.cpp","InsertionSortTest2"
"Inner Loop (Shifting Elements)1",0.000095,160,"./Code/main.cpp","InsertionSortTest2"
"Inner Loop (Shifting Elements)1",0.000093,160,"./Code/main.cpp","InsertionSortTest2"
"Inner Loop (Shifting Elements)1",0.000094,160,"./Code/main.cpp","InsertionSortTest2"
"Inner Loop (Shifting Elements)1",0.000090,160,"./Code/main.cpp","InsertionSortTest2"
"Inner Loop (Shifting Elements)1",0.000092,160,"./Code/main.cpp","InsertionSortTest2"
"Inner Loop (Shifting Elements)1",0.000093,160,"./Code/main.cpp","InsertionSortTest2"
"Inner Loop (Shifting Elements)1",0.000092,160,"./Code/main.cpp","InsertionSortTest2"
"Inner Loop (Shifting Elements)1",0.000093,160,"./Code/main.cpp","InsertionSortTest2"
"Inner Loop (Shifting Elements)1",0.000092,160,"./Code/main.cpp","InsertionSortTest2"
"Inner Loop (Shifting Elements)1",0.000092,160,"./Code/main.cpp","InsertionSortTest2"
"Inner Loop (Shifting Elements)1",0.000089,160,"./Code/main.cpp","InsertionSortTest2"
"Inner Loop (Shifting Elements)1",0.000094,160,"./Code/main.cpp","InsertionSortTest2"
"Inner Loop (Shifting Elements)1",0.000091,160,"./Code/main.cpp","InsertionSortTest2"
"Inner Loop (Shifting Elements)1",0.000092,160,"./Code/main.cpp","InsertionSortTest2"
"Inner Loop (Shifting Elements)1",0.000117,160,"./Code/main.cpp","InsertionSortTest2"
"Inner Loop (Shifting Elements)1",0.000094,160,"./Code/main.cpp","InsertionSortTest2"
"Inner Loop (Shifting Elements)1",0.000093,160,"./Code/main.cpp","InsertionSortTest2"
"Inner Loop (Shifting Elements)1",0.000090,160,"./Code/main.cpp","InsertionSortTest2"
"Inner Loop (Shifting Elements)1",0.000092,160,"./Code/main.cpp","InsertionSortTest2"
"Inner Loop (Shifting Elements)1",0.000092,160,"./Code/main.cpp","InsertionSortTest2"
"Inner Loop (Shifting Elements)1",0.000095,160,"./Code/main.cpp","InsertionSortTest2"
"Inner Loop (Shifting Elements)1",0.000093,160,"./Code/main.cpp","InsertionSortTest2"
"Inner Loop (Shifting Elements)1",0.000093,160,"./Code/main.cpp","InsertionSortTest2"
"Inner Loop (Shifting Elements)1",0.000093,160,"./Code/main.cpp","InsertionSortTest2"
"Inner Loop (Shifting Elements)1",0.000094,160,"./Code/main.cpp","InsertionSortTest2"
"Inner Loop (Shifting Elements)1",0.000091,160,"./Code/main.cpp","InsertionSortTest2"
"Key Assignment1",0.000092,167,"./Code/main.cpp","InsertionSortTest2"
"Outer Loop1",0.013214,169,"./Code/main.cpp","InsertionSortTest2"
"Inner Loop (Shifting Elements)1",0.000093,160,"./Code/main.cpp","InsertionSortTest2"
"Inner Loop (Shifting Elements)1",0.000095,160,"./Code/main.cpp","InsertionSortTest2"
"Inner Loop (Shifting Elements)1",0.000093,160,"./Code/main.cpp","InsertionSortTest2"
"Inner Loop (Shifting Elements)1",0.000093,160,"./Code/main.cpp","InsertionSortTest2"
"Inner Loop (Shifting Elements)1",0.000092,160,"./Code/main.cpp","InsertionSortTest2"
"Inner Loop (Shifting Elements)1",0.000094,160,"./Code/main.cpp","InsertionSortTest2"
"Inner Loop (Shifting Elements)1",0.000094,160,"./Code/main.cpp","InsertionSortTest2"
"Inner Loop (Shifting Elements)1",0.000091,160,"./Code/main.cpp","InsertionSortTest2"
"Inner Loop (Shifting Elements)1",0.000091,160,"./Code/main.cpp","InsertionSortTest2"
"Inner Loop (Shifting Elements)1",0.000092,160,"./Code/main.cpp","InsertionSortTest2"
"Inner Loop (Shifting Elements)1",0.000091,160,"./Code/main.cpp","InsertionSortTest2"
"Inner Loop (Shifting Elements)1",0.000090,160,"./Code/main.cpp","InsertionSortTest2"
"Inner Loop (Shifting Elements)1",0.000092,160,"./Code/main.cpp","InsertionSortTest2"
"Inner Loop (Shifting Elements)1",0.000089,160,"./Code/main.cpp","InsertionSortTest2"
"Inner Loop (Shifting Elements)1",0.000093,160,"./Code/main.cpp","InsertionSortTest2"
"Inner Loop (Shifting Elements)1",0.000092,160,"./Code/main.cpp","InsertionSortTest2"
"Inner Loop (Shifting Elements)1",0.000093,160,"./Code/main.cpp","InsertionSortTest2"
"Inner Loop (Shifting Elements)1",0.000091,160,"./Code/main.cpp","InsertionSortTest2"
"Key Assignment1",0.000089,167,"./Code/main.cpp","InsertionSortTest2"
"Outer Loop1",0.007777,169,"./Code/main.cpp","InsertionSortTest2"
"Inner Loop (Shifting Elements)1",0.000090,160,"./Code/main.cpp","InsertionSortTest2"
"Inner Loop (Shifting Elements)1",0.000091,160,"./Code/main.cpp","InsertionSortTest2"
"Inner Loop (Shifting Elements)1",0.000091,160,"./Code/main.cpp","InsertionSortTest2"
"Inner Loop (Shifting Elements)1",0.000095,160,"./Code/main.cpp","InsertionSortTest2"
"Key Assignment1",0.000092,167,"./Code/main.cpp","InsertionSortTest2"
"Outer Loop1",0.002098,169,"./Code/main.cpp","InsertionSortTest2"
"Inner Loop (Shifting Elements)1",0.000089,160,"./Code/main.cpp","InsertionSortTest2"
"Inner Loop (Shifting Elements)1",0.000092,160,"./Code/main.cpp","InsertionSortTest2"
"Inner Loop (Shifting Elements)1",0.000092,160,"./Code/main.cpp","InsertionSortTest2"
"Inner Loop (Shifting Elements)1",0.000094,160,"./Code/main.cpp","InsertionSortTest2"
"Inner Loop (Shifting Elements)1",0.000093,160,"./Code/main.cpp","InsertionSortTest2"
"Inner Loop (Shifting Elements)1",0.000093,160,"./Code/main.cpp","InsertionSortTest2"
"Inner Loop (Shifting Elements)1",0.000093,160,"./Code/main.cpp","InsertionSortTest2"
"Inner Loop (Shifting Elements)1",0.000106,160,"./Code/main.cpp","InsertionSortTest2"
"Inner Loop (Shifting Elements)1",0.000106,160,"./Code/main.cpp","InsertionSortTest2"
"Inner Loop (Shifting Elements)1",0.000105,160,"./Code/main.cpp","InsertionSortTest2"
"Inner Loop (Shifting Elements)1",0.000100,160,"./Code/main.cpp","InsertionSortTest2"
"Inner Loop (Shifting Elements)1",0.000098,160,"./Code/main.cpp","InsertionSortTest2"
"Inner Loop (Shifting Elements)1",0.000098,160,"./Code/main.cpp","InsertionSortTest2"
"Inner Loop (Shifting Elements)1",0.000129,160,"./Code/main.cpp","InsertionSortTest2"
"Inner Loop (Shifting Elements)1",0.000094,160,"./Code/main.cpp","InsertionSortTest2"
"Inner Loop (Shifting Elements)1",0.000091,160,"./Code/main.cpp","InsertionSortTest2"
"Inner Loop (Shifting Elements)1",0.000094,160,"./Code/main.cpp","InsertionSortTest2"
"Inner Loop (Shifting Elements)1",0.000095,160,"./Code/main.cpp","InsertionSortTest2"
"Inner Loop (Shifting Elements)1",0.000095,160,"./Code/main.cpp","InsertionSortTest2"
"Inner Loop (Shifting Elements)1",0.000094,160,"./Code/main.cpp","InsertionSortTest2"
"Inner Loop (Shifting Elements)1",0.000093,160,"./Code/main.cpp","InsertionSortTest2"
"Inner Loop (Shifting Elements)1",0.000093,160,"./Code/main.cpp","InsertionSortTest2"
"Inner Loop (Shifting Elements)1",0.000096,160,"./Code/main.cpp","InsertionSortTest2"
"Inner Loop (Shifting Elements)1",0.000098,160,"./Code/main.cpp","InsertionSortTest2"
"Inner Loop (Shifting Elements)1",0.000097,160,"./Code/main.cpp","InsertionSortTest2"
"Inner Loop (Shifting Elements)1",0.000095,160,"./Code/main.cpp","InsertionSortTest2"
"Inner Loop (Shifting Elements)1",0.000097,160,"./Code/main.cpp","InsertionSortTest2"
"Inner Loop (Shifting Elements)1",0.000124,160,"./Code/main.cpp","InsertionSortTest2"
"Inner Loop (Shifting Elements)1",0.000095,160,"./Code/main.cpp","InsertionSortTest2"
"Inner Loop (Shifting Elements)1",0.000095,160,"./Code/main.cpp","InsertionSortTest2"
"Inner Loop (Shifting Elements)1",0.000096,160,"./Code/main.cpp","InsertionSortTest2"
"Inner Loop (Shifting Elements)1",0.000094,160,"./Code/main.cpp","InsertionSortTest2"
"Inner Loop (Shifting Elements)1",0.000095,160,"./Code/main.cpp","InsertionSortTest2"
"Inner Loop (Shifting Elements)1",0.000093,160,"./Code/main.cpp","InsertionSortTest2"
"Inner Loop (Shifting Elements)1",0.000091,160,"./Code/main.cpp","InsertionSortTest2"
"Inner Loop (Shifting Elements)1",0.000093,160,"./Code/main.cpp","InsertionSortTest2"
"Inner Loop (Shifting Elements)1",0.000095,160,"./Code/main.cpp","InsertionSortTest2"
"Inner Loop (Shifting Elements)1",0.000093,160,"./Code/main.cpp","InsertionSortTest2"
"Inner Loop (Shifting Elements)1",0.000094,160,"./Code/main.cpp","InsertionSortTest2"
"Inner Loop (Shifting Elements)1",0.000094,160,"./Code/main.cpp","InsertionSortTest2"
"Inner Loop (Shifting Elements)1",0.000130,160,"./Code/main.cpp","InsertionSortTest2"
"Inner Loop (Shifting Elements)1",0.000093,160,"./Code/main.cpp","InsertionSortTest2"
"Inner Loop (Shifting Elements)1",0.000095,160,"./Code/main.cpp","InsertionSortTest2"
"Inner Loop (Shifting Elements)1",0.000092,160,"./Code/main.cpp","InsertionSortTest2"
"Inner Loop (Shifting Elements)1",0.000094,160,"./Code/main.cpp","InsertionSortTest2"
"Inner Loop (Shifting Elements)1",0.000093,160,"./Code/main.cpp","InsertionSortTest2"
"Key Assignment1",0.000093,167,"./Code/main.cpp","InsertionSortTest2"
"Outer Loop1",0.020754,169,"./Code/main.cpp","InsertionSortTest2"
"Inner Loop (Shifting Elements)1",0.000092,160,"./Code/main.cpp","InsertionSortTest2"
"Inner Loop (Shifting Elements)1",0.000095,160,"./Code/main.cpp","InsertionSortTest2"
"Inner Loop (Shifting Elements)1",0.000093,160,"./Code/main.cpp","InsertionSortTest2"
"Inner Loop (Shifting Elements)1",0.000095,160,"./Code/main.cpp","InsertionSortTest2"
"Inner Loop (Shifting Elements)1",0.000093,160,"./Code/main.cpp","InsertionSortTest2"
"Inner Loop (Shifting Elements)1",0.000095,160,"./Code/main.cpp","InsertionSortTest2"
"Inner Loop (Shifting Elements)1",0.000094,160,"./Code/main.cpp","InsertionSortTest2"
"Inner Loop (Shifting Elements)1",0.000092,160,"./Code/main.cpp","InsertionSortTest2"
"Inner Loop (Shifting Elements)1",0.000093,160,"./Code/main.cpp","InsertionSortTest2"
"Inner Loop (Shifting Elements)1",0.000093,160,"./Code/main.cpp","InsertionSortTest2"
"Inner Loop (Shifting Elements)1",0.000093,160,"./Code/main.cpp","InsertionSortTest2"
"Inner Loop (Shifting Elements)1",0.000096,160,"./Code/main.cpp","InsertionSortTest2"
"Inner Loop (Shifting Elements)1",0.000093,160,"./Code/main.cpp","InsertionSortTest2"
"Inner Loop (Shifting Elements)1",0.000093,160,"./Code/main.cpp","InsertionSortTest2"
"Inner Loop (Shifting Elements)1",0.000093,160,"./Code/main.cpp","InsertionSortTest2"
"Inner Loop (Shifting Elements)1",0.000091,160,"./Code/main.cpp","InsertionSortTest2"
"Inner Loop (Shifting Elements)1",0.000092,160,"./Code/main.cpp","InsertionSortTest2"
"Inner Loop (Shifting Elements)1",0.000094,160,"./Code/main.cpp","InsertionSortTest2"
"Inner Loop (Shifting Elements)1",0.000094,160,"./Code/main.cpp","InsertionSortTest2"
"Inner Loop (Shifting Elements)1",0.000093,160,"./Code/main.cpp","InsertionSortTest2"
"Inner Loop (Shifting Elements)1",0.000094,160,"./Code/main.cpp","InsertionSortTest2"
"Inner Loop (Shifting Elements)1",0.000092,160,"./Code/main.cpp","InsertionSortTest2"
"Inner Loop (Shifting Elements)1",0.000092,160,"./Code/main.cpp","InsertionSortTest2"
"Inner Loop (Shifting Elements)1",0.000093,160,"./Code/main.cpp","InsertionSortTest2"
"Key Assignment1",0.000093,167,"./Code/main.cpp","InsertionSortTest2"
"Outer Loop1",0.010473,169,"./Code/main.cpp","InsertionSortTest2"
"Inner Loop (Shifting Elements)1",0.000092,160,"./Code/main.cpp","InsertionSortTest2"
"Inner Loop (Shifting Elements)1",0.000092,160,"./Code/main.cpp","InsertionSortTest2"
"Inner Loop (Shifting Elements)1",0.000092,160,"./Code/main.cpp","InsertionSortTest2"
"Inner Loop (Shifting Elements)1",0.000091,160,"./Code/main.cpp","InsertionSortTest2"
"Inner Loop (Shifting Elements)1",0.000093,160,"./Code/main.cpp","InsertionSortTest2"
"Inner Loop (Shifting Elements)1",0.000091,160,"./Code/main.cpp","InsertionSortTest2"
"Inner Loop (Shifting Elements)1",0.000093,160,"./Code/main.cpp","InsertionSortTest2"
"Inner Loop (Shifting Elements)1",0.000093,160,"./Code/main.cpp","InsertionSortTest2"
"Inner Loop (Shifting Elements)1",0.000095,160,"./Code/main.cpp","InsertionSortTest2"
"Inner Loop (Shifting Elements)1",0.000092,160,"./Code/main.cpp","InsertionSortTest2"
"Key Assignment1",0.000090,167,"./Code/main.cpp","InsertionSortTest2"
"Outer Loop1",0.004537,169,"./Code/main.cpp","InsertionSortTest2"
"Inner Loop (Shifting Elements)1",0.000090,160,"./Code/main.cpp","InsertionSortTest2"
"Inner Loop (Shifting Elements)1",0.000095,160,"./Code/main.cpp","InsertionSortTest2"
"Inner Loop (Shifting Elements)1",0.000092,160,"./Code/main.cpp","InsertionSortTest2"
"Inner Loop (Shifting Elements)1",0.000091,160,"./Code/main.cpp","InsertionSortTest2"
"Inner Loop (Shifting Elements)1",0.000092,160,"./Code/main.cpp","InsertionSortTest2"
"Inner Loop (Shifting Elements)1",0.000090,160,"./Code/main.cpp","InsertionSortTest2"
"Inner Loop (Shifting Elements)1",0.000105,160,"./Code/main.cpp","InsertionSortTest2"
"Inner Loop (Shifting Elements)1",0.000125,160,"./Code/main.cpp","InsertionSortTest2"
"Inner Loop (Shifting Elements)1",0.000102,160,"./Code/main.cpp","InsertionSortTest2"
"Inner Loop (Shifting Elements)1",0.000100,160,"./Code/main.cpp","InsertionSortTest2"
"Inner Loop (Shifting Elements)1",0.000094,160,"./Code/main.cpp","InsertionSortTest2"
"Inner Loop (Shifting Elements)1",0.000094,160,"./Code/main.cpp","InsertionSortTest2"
"Inner Loop (Shifting Elements)1",0.000093,160,"./Code/main.cpp","InsertionSortTest2"
"Inner Loop (Shifting Elements)1",0.000094,160,"./Code/main.cpp","InsertionSortTest2"
"Inner Loop (Shifting Elements)1",0.000123,160,"./Code/main.cpp","InsertionSortTest2"
"Inner Loop (Shifting Elements)1",0.000094,160,"./Code/main.cpp","InsertionSortTest2"
"Inner Loop (Shifting Elements)1",0.000093,160,"./Code/main.cpp","InsertionSortTest2"
"Inner Loop (Shifting Elements)1",0.000092,160,"./Code/main.cpp","InsertionSortTest2"
"Inner Loop (Shifting Elements)1",0.000095,160,"./Code/main.cpp","InsertionSortTest2"
"Inner Loop (Shifting Elements)1",0.000094,160,"./Code/main.cpp","InsertionSortTest2"
"Inner Loop (Shifting Elements)1",0.000093,160,"./Code/main.cpp","InsertionSortTest2"
"Inner Loop (Shifting Elements)1",0.000095,160,"./Code/main.cpp","InsertionSortTest2"
"Inner Loop (Shifting Elements)1",0.000092,160,"./Code/main.cpp","InsertionSortTest2"
"Inner Loop (Shifting Elements)1",0.000094,160,"./Code/main.cpp","InsertionSortTest2"
"Inner Loop (Shifting Elements)1",0.000119,160,"./Code/main.cpp","InsertionSortTest2"
"Inner Loop (Shifting Elements)1",0.000092,160,"./Code/main.cpp","InsertionSortTest2"
"Inner Loop (Shifting Elements)1",0.000092,160,"./Code/main.cpp","InsertionSortTest2"
"Inner Loop (Shifting Elements)1",0.000093,160,"./Code/main.cpp","InsertionSortTest2"
"Inner Loop (Shifting Elements)1",0.000093,160,"./Code/main.cpp","InsertionSortTest2"
"Inner Loop (Shifting Elements)1",0.000094,160,"./Code/main.cpp","InsertionSortTest2"
"Inner Loop (Shifting Elements)1",0.000093,160,"./Code/main.cpp","InsertionSortTest2"
"Inner Loop (Shifting Elements)1",0.000093,160,"./Code/main.cpp","InsertionSortTest2"
"Inner Loop (Shifting Elements)1",0.000092,160,"./Code/main.cpp","InsertionSortTest2"
"Inner Loop (Shifting Elements)1",0.000093,160,"./Code/main.cpp","InsertionSortTest2"
"Inner Loop (Shifting Elements)1",0.000094,160,"./Code/main.cpp","InsertionSortTest2"
"Inner Loop (Shifting Elements)1",0.000093,160,"./Code/main.cpp","InsertionSortTest2"
"Inner Loop (Shifting Elements)1",0.000093,160,"./Code/main.cpp","InsertionSortTest2"
"Inner Loop (Shifting Elements)1",0.000092,160,"./Code/main.cpp","InsertionSortTest2"
"Inner Loop (Shifting Elements)1",0.000093,160,"./Code/main.cpp","InsertionSortTest2"
"Inner Loop (Shifting Elements)1",0.000094,160,"./Code/main.cpp","InsertionSortTest2"
"Key Assignment1",0.000094,167,"./Code/main.cpp","InsertionSortTest2"
"Outer Loop1",0.018295,169,"./Code/main.cpp","InsertionSortTest2"
"Inner Loop (Shifting Elements)1",0.000091,160,"./Code/main.cpp","InsertionSortTest2"
"Inner Loop (Shifting Elements)1",0.000092,160,"./Code/main.cpp","InsertionSortTest2"
"Inner Loop (Shifting Elements)1",0.000091,160,"./Code/main.cpp","InsertionSortTest2"
"Inner Loop (Shifting Elements)1",0.000094,160,"./Code/main.cpp","InsertionSortTest2"
"Inner Loop (Shifting Elements)1",0.000093,160,"./Code/main.cpp","InsertionSortTest2"
"Inner Loop (Shifting Elements)1",0.000093,160,"./Code/main.cpp","InsertionSortTest2"
"Inner Loop (Shifting Elements)1",0.000095,160,"./Code/main.cpp","InsertionSortTest2"
"Inner Loop (Shifting Elements)1",0.000120,160,"./Code/main.cpp","InsertionSortTest2"
"Inner Loop (Shifting Elements)1",0.000092,160,"./Code/main.cpp","InsertionSortTest2"
"Inner Loop (Shifting Elements)1",0.000092,160,"./Code/main.cpp","InsertionSortTest2"
"Inner Loop (Shifting Elements)1",0.000094,160,"./Code/main.cpp","InsertionSortTest2"
"Inner Loop (Shifting Elements)1",0.000091,160,"./Code/main.cpp","InsertionSortTest2"
"Inner Loop (Shifting Elements)1",0.000096,160,"./Code/main.cpp","InsertionSortTest2"
"Inner Loop (Shifting Elements)1",0.000094,160,"./Code/main.cpp","InsertionSortTest2"
"Inner Loop (Shifting Elements)1",0.000093,160,"./Code/main.cpp","InsertionSortTest2"
"Inner Loop (Shifting Elements)1",0.000093,160,"./Code/main.cpp","InsertionSortTest2"
"Inner Loop (Shifting Elements)1",0.000094,160,"./Code/main.cpp","InsertionSortTest2"
"Inner Loop (Shifting Elements)1",0.000092,160,"./Code/main.cpp","InsertionSortTest2"
"Inner Loop (Shifting Elements)1",0.000090,160,"./Code/main.cpp","InsertionSortTest2"
"Inner Loop (Shifting Elements)1",0.000094,160,"./Code/main.cpp","InsertionSortTest2"
"Inner Loop (Shifting Elements)1",0.000092,160,"./Code/main.cpp","InsertionSortTest2"
"Inner Loop (Shifting Elements)1",0.000094,160,"./Code/main.cpp","InsertionSortTest2"
"Inner Loop (Shifting Elements)1",0.000091,160,"./Code/main.cpp","InsertionSortTest2"
"Inner Loop (Shifting Elements)1",0.000093,160,"./Code/main.cpp","InsertionSortTest2"
"Inner Loop (Shifting Elements)1",0.000092,160,"./Code/main.cpp","InsertionSortTest2"
"Inner Loop (Shifting Elements)1",0.000091,160,"./Code/main.cpp","InsertionSortTest2"
"Inner Loop (Shifting Elements)1",0.000093,160,"./Code/main.cpp","InsertionSortTest2"
"Inner Loop (Shifting Elements)1",0.000090,160,"./Code/main.cpp","InsertionSortTest2"
"Inner Loop (Shifting Elements)1",0.000089,160,"./Code/main.cpp","InsertionSortTest2"
"Inner Loop (Shifting Elements)1",0.000092,160,"./Code/main.cpp","InsertionSortTest2"
"Key Assignment1",0.000093,167,"./Code/main.cpp","InsertionSortTest2"
"Outer Loop1",0.012611,169,"./Code/main.cpp","InsertionSortTest2"
"Inner Loop (Shifting Elements)1",0.000089,160,"./Code/main.cpp","InsertionSortTest2"
"Inner Loop (Shifting Elements)1",0.000092,160,"./Code/main.cpp","InsertionSortTest2"
"Inner Loop (Shifting Elements)1",0.000091,160,"./Code/main.cpp","InsertionSortTest2"
"Inner Loop (Shifting Elements)1",0.000092,160,"./Code/main.cpp","InsertionSortTest2"
"Inner Loop (Shifting Elements)1",0.000092,160,"./Code/main.cpp","InsertionSortTest2"
"Inner Loop (Shifting Elements)1",0.000095,160,"./Code/main.cpp","InsertionSortTest2"
"Inner Loop (Shifting Elements)1",0.000093,160,"./Code/main.cpp","InsertionSortTest2"
"Inner Loop (Shifting Elements)1",0.000094,160,"./Code/main.cpp","InsertionSortTest2"
"Inner Loop (Shifting Elements)1",0.000092,160,"./Code/main.cpp","InsertionSortTest2"
"Inner Loop (Shifting Elements)1",0.000093,160,"./Code/main.cpp","InsertionSortTest2"
"Inner Loop (Shifting Elements)1",0.000094,160,"./Code/main.cpp","InsertionSortTest2"
"Inner Loop (Shifting Elements)1",0.000092,160,"./Code/main.cpp","InsertionSortTest2"
"Inner Loop (Shifting Elements)1",0.000094,160,"./Code/main.cpp","InsertionSortTest2"
"Inner Loop (Shifting Elements)1",0.000094,160,"./Code/main.cpp","InsertionSortTest2"
"Inner Loop (Shifting Elements)1",0.000093,160,"./Code/main.cpp","InsertionSortTest2"
"Key Assignment1",0.000093,167,"./Code/main.cpp","InsertionSortTest2"
"Outer Loop1",0.006544,169,"./Code/main.cpp","InsertionSortTest2"
"Key Assignment1",0.000100,167,"./Code/main.cpp","InsertionSortTest2"
"Outer Loop1",0.000568,169,"./Code/main.cpp","InsertionSortTest2"
"Inner Loop (Shifting Elements)1",0.000151,160,"./Code/main.cpp","InsertionSortTest2"
"Inner Loop (Shifting Elements)1",0.000103,160,"./Code/main.cpp","InsertionSortTest2"
"Inner Loop (Shifting Elements)1",0.000120,160,"./Code/main.cpp","InsertionSortTest2"
"Inner Loop (Shifting Elements)1",0.000102,160,"./Code/main.cpp","InsertionSortTest2"
"Inner Loop (Shifting Elements)1",0.000099,160,"./Code/main.cpp","InsertionSortTest2"
"Inner Loop (Shifting Elements)1",0.000094,160,"./Code/main.cpp","InsertionSortTest2"
"Inner Loop (Shifting Elements)1",0.000112,160,"./Code/main.cpp","InsertionSortTest2"
"Inner Loop (Shifting Elements)1",0.000095,160,"./Code/main.cpp","InsertionSortTest2"
"Inner Loop (Shifting Elements)1",0.000094,160,"./Code/main.cpp","InsertionSortTest2"
"Inner Loop (Shifting Elements)1",0.000095,160,"./Code/main.cpp","InsertionSortTest2"
"Inner Loop (Shifting Elements)1",0.000092,160,"./Code/main.cpp","InsertionSortTest2"
"Inner Loop (Shifting Elements)1",0.000093,160,"./Code/main.cpp","InsertionSortTest2"
"Inner Loop (Shifting Elements)1",0.000092,160,"./Code/main.cpp","InsertionSortTest2"
"Inner Loop (Shifting Elements)1",0.000093,160,"./Code/main.cpp","InsertionSortTest2"
"Inner Loop (Shifting Elements)1",0.000092,160,"./Code/main.cpp","InsertionSortTest2"
"Inner Loop (Shifting Elements)1",0.000093,160,"./Code/main.cpp","InsertionSortTest2"
"Inner Loop (Shifting Elements)1",0.000094,160,"./Code/main.cpp","InsertionSortTest2"
"Inner Loop (Shifting Elements)1",0.000091,160,"./Code/main.cpp","InsertionSortTest2"
"Inner Loop (Shifting Elements)1",0.000093,160,"./Code/main.cpp","InsertionSortTest2"
"Inner Loop (Shifting Elements)1",0.000093,160,"./Code/main.cpp","InsertionSortTest2"
"Inner Loop (Shifting Elements)1",0.000095,160,"./Code/main.cpp","InsertionSortTest2"
"Inner Loop (Shifting Elements)1",0.000094,160,"./Code/main.cpp","InsertionSortTest2"
"Inner Loop (Shifting Elements)1",0.000095,160,"./Code/main.cpp","InsertionSortTest2"
"Inner Loop (Shifting Elements)1",0.000095,160,"./Code/main.cpp","InsertionSortTest2"
"Inner Loop (Shifting Elements)1",0.000096,160,"./Code/main.cpp","InsertionSortTest2"
"Inner Loop (Shifting Elements)1",0.000095,160,"./Code/main.cpp","InsertionSortTest2"
"Inner Loop (Shifting Elements)1",0.000095,160,"./Code/main.cpp","InsertionSortTest2"
"Inner Loop (Shifting Elements)1",0.000093,160,"./Code/main.cpp","InsertionSortTest2"
"Inner Loop (Shifting Elements)1",0.000091,160,"./Code/main.cpp","InsertionSortTest2"
"Inner Loop (Shifting Elements)1",0.000093,160,"./Code/main.cpp","InsertionSortTest2"
"Inner Loop (Shifting Elements)1",0.000094,160,"./Code/main.cpp","InsertionSortTest2"
"Inner Loop (Shifting Elements)1",0.000094,160,"./Code/main.cpp","InsertionSortTest2"
"Inner Loop (Shifting Elements)1",0.000094,160,"./Code/main.cpp","InsertionSortTest2"
"Inner Loop (Shifting Elements)1",0.000091,160,"./Code/main.cpp","InsertionSortTest2"
"Inner Loop (Shifting Elements)1",0.000093,160,"./Code/main.cpp","InsertionSortTest2"
"Inner Loop (Shifting Elements)1",0.000116,160,"./Code/main.cpp","InsertionSortTest2"
"Inner Loop (Shifting Elements)1",0.000093,160,"./Code/main.cpp","InsertionSortTest2"
"Inner Loop (Shifting Elements)1",0.000091,160,"./Code/main.cpp","InsertionSortTest2"
"Key Assignment1",0.000092,167,"./Code/main.cpp","InsertionSortTest2"
"Outer Loop1",0.016341,169,"./Code/main.cpp","InsertionSortTest2"
"Inner Loop (Shifting Elements)1",0.000092,160,"./Code/main.cpp","InsertionSortTest2"
"Inner Loop (Shifting Elements)1",0.000089,160,"./Code/main.cpp","InsertionSortTest2"
"Inner Loop (Shifting Elements)1",0.000095,160,"./Code/main.cpp","InsertionSortTest2"
"Inner Loop (Shifting Elements)1",0.000093,160,"./Code/main.cpp","InsertionSortTest2"
"Inner Loop (Shifting Elements)1",0.000093,160,"./Code/main.cpp","InsertionSortTest2"
"Inner Loop (Shifting Elements)1",0.000093,160,"./Code/main.cpp","InsertionSortTest2"
"Inner Loop (Shifting Elements)1",0.000095,160,"./Code/main.cpp","InsertionSortTest2"
"Inner Loop (Shifting Elements)1",0.000093,160,"./Code/main.cpp","InsertionSortTest2"
"Inner Loop (Shifting Elements)1",0.000093,160,"./Code/main.cpp","InsertionSortTest2"
"Inner Loop (Shifting Elements)1",0.000093,160,"./Code/main.cpp","InsertionSortTest2"
"Inner Loop (Shifting Elements)1",0.000094,160,"./Code/main.cpp","InsertionSortTest2"
"Inner Loop (Shifting Elements)1",0.000093,160,"./Code/main.cpp","InsertionSortTest2"
"Inner Loop (Shifting Elements)1",0.000094,160,"./Code/main.cpp","InsertionSortTest2"
"Inner Loop (Shifting Elements)1",0.000093,160,"./Code/main.cpp","InsertionSortTest2"
"Inner Loop (Shifting Elements)1",0.000093,160,"./Code/main.cpp","InsertionSortTest2"
"Inner Loop (Shifting Elements)1",0.000093,160,"./Code/main.cpp","InsertionSortTest2"
"Inner Loop (Shifting Elements)1",0.000095,160,"./Code/main.cpp","InsertionSortTest2"
"Inner Loop (Shifting Elements)1",0.000095,160,"./Code/main.cpp","InsertionSortTest2"
"Inner Loop (Shifting Elements)1",0.000094,160,"./Code/main.cpp","InsertionSortTest2"
"Inner Loop (Shifting Elements)1",0.000094,160,"./Code/main.cpp","InsertionSortTest2"
"Inner Loop (Shifting Elements)1",0.000092,160,"./Code/main.cpp","InsertionSortTest2"
"Inner Loop (Shifting Elements)1",0.000092,160,"./Code/main.cpp","InsertionSortTest2"
"Key Assignment1",0.000096,167,"./Code/main.cpp","InsertionSortTest2"
"Outer Loop1",0.009432,169,"./Code/main.cpp","InsertionSortTest2"
"Inner Loop (Shifting Elements)1",0.000092,160,"./Code/main.cpp","InsertionSortTest2"
"Inner Loop (Shifting Elements)1",0.000092,160,"./Code/main.cpp","InsertionSortTest2"
"Inner Loop (Shifting Elements)1",0.000094,160,"./Code/main.cpp","InsertionSortTest2"
"Inner Loop (Shifting Elements)1",0.000091,160,"./Code/main.cpp","InsertionSortTest2"
"Inner Loop (Shifting Elements)1",0.000091,160,"./Code/main.cpp","InsertionSortTest2"
"Key Assignment1",0.000090,167,"./Code/main.cpp","InsertionSortTest2"
"Outer Loop1",0.002521,169,"./Code/main.cpp","InsertionSortTest2"
"Inner Loop (Shifting Elements)1",0.000093,160,"./Code/main.cpp","InsertionSortTest2"
"Inner Loop (Shifting Elements)1",0.000094,160,"./Code/main.cpp","InsertionSortTest2"
"Inner Loop (Shifting Elements)1",0.000092,160,"./Code/main.cpp","InsertionSortTest2"
"Inner Loop (Shifting Elements)1",0.000094,160,"./Code/main.cpp","InsertionSortTest2"
"Inner Loop (Shifting Elements)1",0.000093,160,"./Code/main.cpp","InsertionSortTest2"
"Inner Loop (Shifting Elements)1",0.000093,160,"./Code/main.cpp","InsertionSortTest2"
"Inner Loop (Shifting Elements)1",0.000094,160,"./Code/main.cpp","InsertionSortTest2"
"Inner Loop (Shifting Elements)1",0.000094,160,"./Code/main.cpp","InsertionSortTest2"
"Inner Loop (Shifting Elements)1",0.000093,160,"./Code/main.cpp","InsertionSortTest2"
"Inner Loop (Shifting Elements)1",0.000095,160,"./Code/main.cpp","InsertionSortTest2"
"Inner Loop (Shifting Elements)1",0.000092,160,"./Code/main.cpp","InsertionSortTest2"
"Inner Loop (Shifting Elements)1",0.000093,160,"./Code/main.cpp","InsertionSortTest2"
"Inner Loop (Shifting Elements)1",0.000092,160,"./Code/main.cpp","InsertionSortTest2"
"Inner Loop (Shifting Elements)1",0.000162,160,"./Code/main.cpp","InsertionSortTest2"
"Inner Loop (Shifting Elements)1",0.000134,160,"./Code/main.cpp","InsertionSortTest2"
"Inner Loop (Shifting Elements)1",0.000105,160,"./Code/main.cpp","InsertionSortTest2"
"Inner Loop (Shifting Elements)1",0.000099,160,"./Code/main.cpp","InsertionSortTest2"
"Inner Loop (Shifting Elements)1",0.000093,160,"./Code/main.cpp","InsertionSortTest2"
"Inner Loop (Shifting Elements)1",0.000097,160,"./Code/main.cpp","InsertionSortTest2"
"Inner Loop (Shifting Elements)1",0.000096,160,"./Code/main.cpp","InsertionSortTest2"
"Inner Loop (Shifting Elements)1",0.000093,160,"./Code/main.cpp","InsertionSortTest2"
"Inner Loop (Shifting Elements)1",0.000092,160,"./Code/main.cpp","InsertionSortTest2"
"Inner Loop (Shifting Elements)1",0.000098,160,"./Code/main.cpp","InsertionSortTest2"
"Inner Loop (Shifting Elements)1",0.000094,160,"./Code/main.cpp","InsertionSortTest2"
"Inner Loop (Shifting Elements)1",0.000117,160,"./Code/main.cpp","InsertionSortTest2"
"Inner Loop (Shifting Elements)1",0.000098,160,"./Code/main.cpp","InsertionSortTest2"
"Inner Loop (Shifting Elements)1",0.000094,160,"./Code/main.cpp","InsertionSortTest2"
"Inner Loop (Shifting Elements)1",0.000112,160,"./Code/main.cpp","InsertionSortTest2"
"Inner Loop (Shifting Elements)1",0.000094,160,"./Code/main.cpp","InsertionSortTest2"
"Inner Loop (Shifting Elements)1",0.000098,160,"./Code/main.cpp","InsertionSortTest2"
"Inner Loop (Shifting Elements)1",0.000093,160,"./Code/main.cpp","InsertionSortTest2"
"Inner Loop (Shifting Elements)1",0.000093,160,"./Code/main.cpp","InsertionSortTest2"
"Inner Loop (Shifting Elements)1",0.000095,160,"./Code/main.cpp","InsertionSortTest2"
"Inner Loop (Shifting Elements)1",0.000094,160,"./Code/main.cpp","InsertionSortTest2"
"Inner Loop (Shifting Elements)1",0.000095,160,"./Code/main.cpp","InsertionSortTest2"
"Inner Loop (Shifting Elements)1",0.000092,160,"./Code/main.cpp","InsertionSortTest2"
"Inner Loop (Shifting Elements)1",0.000093,160,"./Code/main.cpp","InsertionSortTest2"
"Inner Loop (Shifting Elements)1",0.000094,160,"./Code/main.cpp","InsertionSortTest2"
"Inner Loop (Shifting Elements)1",0.000091,160,"./Code/main.cpp","InsertionSortTest2"
"Inner Loop (Shifting Elements)1",0.000091,160,"./Code/main.cpp","InsertionSortTest2"
"Inner Loop (Shifting Elements)1",0.000118,160,"./Code/main.cpp","InsertionSortTest2"
"Inner Loop (Shifting Elements)1",0.000095,160,"./Code/main.cpp","InsertionSortTest2"
"Inner Loop (Shifting Elements)1",0.000096,160,"./Code/main.cpp","InsertionSortTest2"
"Inner Loop (Shifting Elements)1",0.000094,160,"./Code/main.cpp","InsertionSortTest2"
"Inner Loop (Shifting Elements)1",0.000096,160,"./Code/main.cpp","InsertionSortTest2"
"Inner Loop (Shifting Elements)1",0.000095,160,"./Code/main.cpp","InsertionSortTest2"
"Inner Loop (Shifting Elements)1",0.000121,160,"./Code/main.cpp","InsertionSortTest2"
"Inner Loop (Shifting Elements)1",0.000096,160,"./Code/main.cpp","InsertionSortTest2"
"Inner Loop (Shifting Elements)1",0.000090,160,"./Code/main.cpp","InsertionSortTest2"
"Inner Loop (Shifting Elements)1",0.000095,160,"./Code/main.cpp","InsertionSortTest2"
"Inner Loop (Shifting Elements)1",0.000091,160,"./Code/main.cpp","InsertionSortTest2"
"Inner Loop (Shifting Elements)1",0.000092,160,"./Code/main.cpp","InsertionSortTest2"
"Inner Loop (Shifting Elements)1",0.000093,160,"./Code/main.cpp","InsertionSortTest2"
"Inner Loop (Shifting Elements)1",0.000092,160,"./Code/main.cpp","InsertionSortTest2"
"Inner Loop (Shifting Elements)1",0.000096,160,"./Code/main.cpp","InsertionSortTest2"
"Key Assignment1",0.000094,167,"./Code/main.cpp","InsertionSortTest2"
"Outer Loop1",0.024793,169,"./Code/main.cpp","InsertionSortTest2"
"Inner Loop (Shifting Elements)1",0.000094,160,"./Code/main.cpp","InsertionSortTest2"
"Inner Loop (Shifting Elements)1",0.000094,160,"./Code/main.cpp","InsertionSortTest2"
"Inner Loop (Shifting Elements)1",0.000092,160,"./Code/main.cpp","InsertionSortTest2"
"Inner Loop (Shifting Elements)1",0.000091,160,"./Code/main.cpp","InsertionSortTest2"
"Inner Loop (Shifting Elements)1",0.000091,160,"./Code/main.cpp","InsertionSortTest2"
"Inner Loop (Shifting Elements)1",0.000091,160,"./Code/main.cpp","InsertionSortTest2"
"Inner Loop (Shifting Elements)1",0.000091,160,"./Code/main.cpp","InsertionSortTest2"
"Inner Loop (Shifting Elements)1",0.000091,160,"./Code/main.cpp","InsertionSortTest2"
"Inner Loop (Shifting Elements)1",0.000094,160,"./Code/main.cpp","InsertionSortTest2"
"Inner Loop (Shifting Elements)1",0.000091,160,"./Code/main.cpp","InsertionSortTest2"
"Inner Loop (Shifting Elements)1",0.000093,160,"./Code/main.cpp","InsertionSortTest2"
"Inner Loop (Shifting Elements)1",0.000091,160,"./Code/main.cpp","InsertionSortTest2"
"Inner Loop (Shifting Elements)1",0.000094,160,"./Code/main.cpp","InsertionSortTest2"
"Inner Loop (Shifting Elements)1",0.000091,160,"./Code/main.cpp","InsertionSortTest2"
"Inner Loop (Shifting Elements)1",0.000093,160,"./Code/main.cpp","InsertionSortTest2"
"Inner Loop (Shifting Elements)1",0.000092,160,"./Code/main.cpp","InsertionSortTest2"
"Inner Loop (Shifting Elements)1",0.000091,160,"./Code/main.cpp","InsertionSortTest2"
"Inner Loop (Shifting Elements)1",0.000093,160,"./Code/main.cpp","InsertionSortTest2"
"Inner Loop (Shifting Elements)1",0.000095,160,"./Code/main.cpp","InsertionSortTest2"
"Inner Loop (Shifting Elements)1",0.000117,160,"./Code/main.cpp","InsertionSortTest2"
"Inner Loop (Shifting Elements)1",0.000090,160,"./Code/main.cpp","InsertionSortTest2"
"Inner Loop (Shifting Elements)1",0.000093,160,"./Code/main.cpp","InsertionSortTest2"
"Inner Loop (Shifting Elements)1",0.000091,160,"./Code/main.cpp","InsertionSortTest2"
"Inner Loop (Shifting Elements)1",0.000092,160,"./Code/main.cpp","InsertionSortTest2"
"Inner Loop (Shifting Elements)1",0.000089,160,"./Code/main.cpp","InsertionSortTest2"
"Inner Loop (Shifting Elements)1",0.000092,160,"./Code/main.cpp","InsertionSortTest2"
"Inner Loop (Shifting Elements)1",0.000092,160,"./Code/main.cpp","InsertionSortTest2"
"Inner Loop (Shifting Elements)1",0.000119,160,"./Code/main.cpp","InsertionSortTest2"
"Inner Loop (Shifting Elements)1",0.000091,160,"./Code/main.cpp","InsertionSortTest2"
"Key Assignment1",0.000091,167,"./Code/main.cpp","InsertionSortTest2"
"Outer Loop1",0.012443,169,"./Code/main.cpp","InsertionSortTest2"
"Inner Loop (Shifting Elements)1",0.000092,160,"./Code/main.cpp","InsertionSortTest2"
"Inner Loop (Shifting Elements)1",0.000093,160,"./Code/main.cpp","InsertionSortTest2"
"Inner Loop (Shifting Elements)1",0.000094,160,"./Code/main.cpp","InsertionSortTest2"
"Inner Loop (Shifting Elements)1",0.000093,160,"./Code/main.cpp","InsertionSortTest2"
"Inner Loop (Shifting Elements)1",0.000095,160,"./Code/main.cpp","InsertionSortTest2"
"Inner Loop (Shifting Elements)1",0.000094,160,"./Code/main.cpp","InsertionSortTest2"
"Inner Loop (Shifting Elements)1",0.000093,160,"./Code/main.cpp","InsertionSortTest2"
"Inner Loop (Shifting Elements)1",0.000094,160,"./Code/main.cpp","InsertionSortTest2"
"Inner Loop (Shifting Elements)1",0.000092,160,"./Code/main.cpp","InsertionSortTest2"
"Inner Loop (Shifting Elements)1",0.000092,160,"./Code/main.cpp","InsertionSortTest2"
"Inner Loop (Shifting Elements)1",0.000107,160,"./Code/main.cpp","InsertionSortTest2"
"Inner Loop (Shifting Elements)1",0.000106,160,"./Code/main.cpp","InsertionSortTest2"
"Key Assignment1",0.000104,167,"./Code/main.cpp","InsertionSortTest2"
"Outer Loop1",0.006481,169,"./Code/main.cpp","InsertionSortTest2"
"Inner Loop (Shifting Elements)1",0.000128,160,"./Code/main.cpp","InsertionSortTest2"
"Inner Loop (Shifting Elements)1",0.000093,160,"./Code/main.cpp","InsertionSortTest2"
"Inner Loop (Shifting Elements)1",0.000096,160,"./Code/main.cpp","InsertionSortTest2"
"Inner Loop (Shifting Elements)1",0.000098,160,"./Code/main.cpp","InsertionSortTest2"
"Inner Loop (Shifting Elements)1",0.000123,160,"./Code/main.cpp","InsertionSortTest2"
"Inner Loop (Shifting Elements)1",0.000092,160,"./Code/main.cpp","InsertionSortTest2"
"Inner Loop (Shifting Elements)1",0.000095,160,"./Code/main.cpp","InsertionSortTest2"
"Inner Loop (Shifting Elements)1",0.000097,160,"./Code/main.cpp","InsertionSortTest2"
"Inner Loop (Shifting Elements)1",0.000094,160,"./Code/main.cpp","InsertionSortTest2"
"Inner Loop (Shifting Elements)1",0.000095,160,"./Code/main.cpp","InsertionSortTest2"
"Inner Loop (Shifting Elements)1",0.000092,160,"./Code/main.cpp","InsertionSortTest2"
"Inner Loop (Shifting Elements)1",0.000093,160,"./Code/main.cpp","InsertionSortTest2"
"Inner Loop (Shifting Elements)1",0.000094,160,"./Code/main.cpp","InsertionSortTest2"
"Inner Loop (Shifting Elements)1",0.000093,160,"./Code/main.cpp","InsertionSortTest2"
"Inner Loop (Shifting Elements)1",0.000093,160,"./Code/main.cpp","InsertionSortTest2"
"Inner Loop (Shifting Elements)1",0.000091,160,"./Code/main.cpp","InsertionSortTest2"
"Inner Loop (Shifting Elements)1",0.000093,160,"./Code/main.cpp","InsertionSortTest2"
"Inner Loop (Shifting Elements)1",0.000093,160,"./Code/main.cpp","InsertionSortTest2"
"Inner Loop (Shifting Elements)1",0.000094,160,"./Code/main.cpp","InsertionSortTest2"
"Inner Loop (Shifting Elements)1",0.000093,160,"./Code/main.cpp","InsertionSortTest2"
"Inner Loop (Shifting Elements)1",0.000095,160,"./Code/main.cpp","InsertionSortTest2"
"Inner Loop (Shifting Elements)1",0.000093,160,"./Code/main.cpp","InsertionSortTest2"
"Inner Loop (Shifting Elements)1",0.000118,160,"./Code/main.cpp","InsertionSortTest2"
"Inner Loop (Shifting Elements)1",0.000091,160,"./Code/main.cpp","InsertionSortTest2"
"Inner Loop (Shifting Elements)1",0.000096,160,"./Code/main.cpp","InsertionSortTest2"
"Inner Loop (Shifting Elements)1",0.000093,160,"./Code/main.cpp","InsertionSortTest2"
"Inner Loop (Shifting Elements)1",0.000094,160,"./Code/main.cpp","InsertionSortTest2"
"Inner Loop (Shifting Elements)1",0.000096,160,"./Code/main.cpp","InsertionSortTest2"
"Inner Loop (Shifting Elements)1",0.000093,160,"./Code/main.cpp","InsertionSortTest2"
"Inner Loop (Shifting Elements)1",0.000092,160,"./Code/main.cpp","InsertionSortTest2"
"Inner Loop (Shifting Elements)1",0.000098,160,"./Code/main.cpp","InsertionSortTest2"
"Inner Loop (Shifting Elements)1",0.000093,160,"./Code/main.cpp","InsertionSortTest2"
"Inner Loop (Shifting Elements)1",0.000092,160,"./Code/main.cpp","InsertionSortTest2"
"Inner Loop (Shifting Elements)1",0.000093,160,"./Code/main.cpp","InsertionSortTest2"
"Inner Loop (Shifting Elements)1",0.000092,160,"./Code/main.cpp","InsertionSortTest2"
"Inner Loop (Shifting Elements)1",0.000091,160,"./Code/main.cpp","InsertionSortTest2"
"Inner Loop (Shifting Elements)1",0.000093,160,"./Code/main.cpp","InsertionSortTest2"
"Inner Loop (Shifting Elements)1",0.000093,160,"./Code/main.cpp","InsertionSortTest2"
"Inner Loop (Shifting Elements)1",0.000094,160,"./Code/main.cpp","InsertionSortTest2"
"Inner Loop (Shifting Elements)1",0.000093,160,"./Code/main.cpp","InsertionSortTest2"
"Inner Loop (Shifting Elements)1",0.000092,160,"./Code/main.cpp","InsertionSortTest2"
"Inner Loop (Shifting Elements)1",0.000092,160,"./Code/main.cpp","InsertionSortTest2"
"Inner Loop (Shifting Elements)1",0.000094,160,"./Code/main.cpp","InsertionSortTest2"
"Inner Loop (Shifting Elements)1",0.000092,160,"./Code/main.cpp","InsertionSortTest2"
"Inner Loop (Shifting Elements)1",0.000091,160,"./Code/main.cpp","InsertionSortTest2"
"Inner Loop (Shifting Elements)1",0.000091,160,"./Code/main.cpp","InsertionSortTest2"
"Inner Loop (Shifting Elements)1",0.000092,160,"./Code/main.cpp","InsertionSortTest2"
"Inner Loop (Shifting Elements)1",0.000093,160,"./Code/main.cpp","InsertionSortTest2"
"Key Assignment1",0.000093,167,"./Code/main.cpp","InsertionSortTest2"
"Outer Loop1",0.020375,169,"./Code/main.cpp","InsertionSortTest2"
"Inner Loop (Shifting Elements)1",0.000091,160,"./Code/main.cpp","InsertionSortTest2"
"Inner Loop (Shifting Elements)1",0.000120,160,"./Code/main.cpp","InsertionSortTest2"
"Inner Loop (Shifting Elements)1",0.000091,160,"./Code/main.cpp","InsertionSortTest2"
"Inner Loop (Shifting Elements)1",0.000093,160,"./Code/main.cpp","InsertionSortTest2"
"Inner Loop (Shifting Elements)1",0.000093,160,"./Code/main.cpp","InsertionSortTest2"
"Inner Loop (Shifting Elements)1",0.000092,160,"./Code/main.cpp","InsertionSortTest2"
"Inner Loop (Shifting Elements)1",0.000091,160,"./Code/main.cpp","InsertionSortTest2"
"Inner Loop (Shifting Elements)1",0.000094,160,"./Code/main.cpp","InsertionSortTest2"
"Inner Loop (Shifting Elements)1",0.000094,160,"./Code/main.cpp","InsertionSortTest2"
"Inner Loop (Shifting Elements)1",0.000092,160,"./Code/main.cpp","InsertionSortTest2"
"Inner Loop (Shifting Elements)1",0.000094,160,"./Code/main.cpp","InsertionSortTest2"
"Inner Loop (Shifting Elements)1",0.000119,160,"./Code/main.cpp","InsertionSortTest2"
"Inner Loop (Shifting Elements)1",0.000094,160,"./Code/main.cpp","InsertionSortTest2"
"Inner Loop (Shifting Elements)1",0.000093,160,"./Code/main.cpp","InsertionSortTest2"
"Inner Loop (Shifting Elements)1",0.000092,160,"./Code/main.cpp","InsertionSortTest2"
"Inner Loop (Shifting Elements)1",0.000092,160,"./Code/main.cpp","InsertionSortTest2"
"Inner Loop (Shifting Elements)1",0.000092,160,"./Code/main.cpp","InsertionSortTest2"
"Inner Loop (Shifting Elements)1",0.000121,160,"./Code/main.cpp","InsertionSortTest2"
"Inner Loop (Shifting Elements)1",0.000091,160,"./Code/main.cpp","InsertionSortTest2"
"Inner Loop (Shifting Elements)1",0.000118,160,"./Code/main.cpp","InsertionSortTest2"
"Inner Loop (Shifting Elements)1",0.000093,160,"./Code/main.cpp","InsertionSortTest2"
"Inner Loop (Shifting Elements)1",0.000094,160,"./Code/main.cpp","InsertionSortTest2"
"Inner Loop (Shifting Elements)1",0.000095,160,"./Code/main.cpp","InsertionSortTest2"
"Inner Loop (Shifting Elements)1",0.000095,160,"./Code/main.cpp","InsertionSortTest2"
"Inner Loop (Shifting Elements)1",0.000092,160,"./Code/main.cpp","InsertionSortTest2"
"Inner Loop (Shifting Elements)1",0.000094,160,"./Code/main.cpp","InsertionSortTest2"
"Inner Loop (Shifting Elements)1",0.000092,160,"./Code/main.cpp","InsertionSortTest2"
"Inner Loop (Shifting Elements)1",0.000091,160,"./Code/main.cpp","InsertionSortTest2"
"Inner Loop (Shifting Elements)1",0.000187,160,"./Code/main.cpp","InsertionSortTest2"
"Inner Loop (Shifting Elements)1",0.000091,160,"./Code/main.cpp","InsertionSortTest2"
"Inner Loop (Shifting Elements)1",0.000095,160,"./Code/main.cpp","InsertionSortTest2"
"Inner Loop (Shifting Elements)1",0.000134,160,"./Code/main.cpp","InsertionSortTest2"
"Inner Loop (Shifting Elements)1",0.000105,160,"./Code/main.cpp","InsertionSortTest2"
"Inner Loop (Shifting Elements)1",0.000104,160,"./Code/main.cpp","InsertionSortTest2"
"Inner Loop (Shifting Elements)1",0.000099,160,"./Code/main.cpp","InsertionSortTest2"
"Inner Loop (Shifting Elements)1",0.000095,160,"./Code/main.cpp","InsertionSortTest2"
"Key Assignment1",0.000095,167,"./Code/main.cpp","InsertionSortTest2"
"Outer Loop1",0.020468,169,"./Code/main.cpp","InsertionSortTest2"
"Inner Loop (Shifting Elements)1",0.000091,160,"./Code/main.cpp","InsertionSortTest2"
"Inner Loop (Shifting Elements)1",0.000094,160,"./Code/main.cpp","InsertionSortTest2"
"Inner Loop (Shifting Elements)1",0.000093,160,"./Code/main.cpp","InsertionSortTest2"
"Inner Loop (Shifting Elements)1",0.000121,160,"./Code/main.cpp","InsertionSortTest2"
"Inner Loop (Shifting Elements)1",0.000092,160,"./Code/main.cpp","InsertionSortTest2"
"Inner Loop (Shifting Elements)1",0.000093,160,"./Code/main.cpp","InsertionSortTest2"
"Inner Loop (Shifting Elements)1",0.000093,160,"./Code/main.cpp","InsertionSortTest2"
"Inner Loop (Shifting Elements)1",0.000092,160,"./Code/main.cpp","InsertionSortTest2"
"Inner Loop (Shifting Elements)1",0.000091,160,"./Code/main.cpp","InsertionSortTest2"
"Inner Loop (Shifting Elements)1",0.000091,160,"./Code/main.cpp","InsertionSortTest2"
"Inner Loop (Shifting Elements)1",0.000093,160,"./Code/main.cpp","InsertionSortTest2"
"Inner Loop (Shifting Elements)1",0.000091,160,"./Code/main.cpp","InsertionSortTest2"
"Inner Loop (Shifting Elements)1",0.000090,160,"./Code/main.cpp","InsertionSortTest2"
"Inner Loop (Shifting Elements)1",0.000095,160,"./Code/main.cpp","InsertionSortTest2"
"Inner Loop (Shifting Elements)1",0.000094,160,"./Code/main.cpp","InsertionSortTest2"
"Inner Loop (Shifting Elements)1",0.000092,160,"./Code/main.cpp","InsertionSortTest2"
"Inner Loop (Shifting Elements)1",0.000093,160,"./Code/main.cpp","InsertionSortTest2"
"Inner Loop (Shifting Elements)1",0.000090,160,"./Code/main.cpp","InsertionSortTest2"
"Key Assignment1",0.000087,167,"./Code/main.cpp","InsertionSortTest2"
"Outer Loop1",0.007891,169,"./Code/main.cpp","InsertionSortTest2"
"Key Assignment1",0.000089,167,"./Code/main.cpp","InsertionSortTest2"
"Outer Loop1",0.000495,169,"./Code/main.cpp","InsertionSortTest2"
"Inner Loop (Shifting Elements)1",0.000091,160,"./Code/main.cpp","InsertionSortTest2"
"Inner Loop (Shifting Elements)1",0.000089,160,"./Code/main.cpp","InsertionSortTest2"
"Inner Loop (Shifting Elements)1",0.000090,160,"./Code/main.cpp","InsertionSortTest2"
"Inner Loop (Shifting Elements)1",0.000090,160,"./Code/main.cpp","InsertionSortTest2"
"Inner Loop (Shifting Elements)1",0.000092,160,"./Code/main.cpp","InsertionSortTest2"
"Inner Loop (Shifting Elements)1",0.000091,160,"./Code/main.cpp","InsertionSortTest2"
"Inner Loop (Shifting Elements)1",0.000090,160,"./Code/main.cpp","InsertionSortTest2"
"Inner Loop (Shifting Elements)1",0.000089,160,"./Code/main.cpp","InsertionSortTest2"
"Inner Loop (Shifting Elements)1",0.000093,160,"./Code/main.cpp","InsertionSortTest2"
"Inner Loop (Shifting Elements)1",0.000092,160,"./Code/main.cpp","InsertionSortTest2"
"Inner Loop (Shifting Elements)1",0.000091,160,"./Code/main.cpp","InsertionSortTest2"
"Inner Loop (Shifting Elements)1",0.000092,160,"./Code/main.cpp","InsertionSortTest2"
"Inner Loop (Shifting Elements)1",0.000093,160,"./Code/main.cpp","InsertionSortTest2"
"Inner Loop (Shifting Elements)1",0.000093,160,"./Code/main.cpp","InsertionSortTest2"
"Inner Loop (Shifting Elements)1",0.000093,160,"./Code/main.cpp","InsertionSortTest2"
"Inner Loop (Shifting Elements)1",0.000091,160,"./Code/main.cpp","InsertionSortTest2"
"Inner Loop (Shifting Elements)1",0.000091,160,"./Code/main.cpp","InsertionSortTest2"
"Inner Loop (Shifting Elements)1",0.000090,160,"./Code/main.cpp","InsertionSortTest2"
"Inner Loop (Shifting Elements)1",0.000091,160,"./Code/main.cpp","InsertionSortTest2"
"Inner Loop (Shifting Elements)1",0.000092,160,"./Code/main.cpp","InsertionSortTest2"
"Inner Loop (Shifting Elements)1",0.000089,160,"./Code/main.cpp","InsertionSortTest2"
"Inner Loop (Shifting Elements)1",0.000092,160,"./Code/main.cpp","InsertionSortTest2"
"Inner Loop (Shifting Elements)1",0.000090,160,"./Code/main.cpp","InsertionSortTest2"
"Inner Loop (Shifting Elements)1",0.000092,160,"./Code/main.cpp","InsertionSortTest2"
"Inner Loop (Shifting Elements)1",0.000094,160,"./Code/main.cpp","InsertionSortTest2"
"Inner Loop (Shifting Elements)1",0.000094,160,"./Code/main.cpp","InsertionSortTest2"
"Inner Loop (Shifting Elements)1",0.000093,160,"./Code/main.cpp","InsertionSortTest2"
"Inner Loop (Shifting Elements)1",0.000091,160,"./Code/main.cpp","InsertionSortTest2"
"Inner Loop (Shifting Elements)1",0.000091,160,"./Code/main.cpp","InsertionSortTest2"
"Inner Loop (Shifting Elements)1",0.000093,160,"./Code/main.cpp","InsertionSortTest2"
"Inner Loop (Shifting Elements)1",0.000093,160,"./Code/main.cpp","InsertionSortTest2"
"Inner Loop (Shifting Elements)1",0.000089,160,"./Code/main.cpp","InsertionSortTest2"
"Inner Loop (Shifting Elements)1",0.000093,160,"./Code/main.cpp","InsertionSortTest2"
"Inner Loop (Shifting Elements)1",0.000093,160,"./Code/main.cpp","InsertionSortTest2"
"Inner Loop (Shifting Elements)1",0.000093,160,"./Code/main.cpp","InsertionSortTest2"
"Inner Loop (Shifting Elements)1",0.000090,160,"./Code/main.cpp","InsertionSortTest2"
"Inner Loop (Shifting Elements)1",0.000095,160,"./Code/main.cpp","InsertionSortTest2"
"Inner Loop (Shifting Elements)1",0.000090,160,"./Code/main.cpp","InsertionSortTest2"
"Inner Loop (Shifting Elements)1",0.000092,160,"./Code/main.cpp","InsertionSortTest2"
"Inner Loop (Shifting Elements)1",0.000092,160,"./Code/main.cpp","InsertionSortTest2"
"Inner Loop (Shifting Elements)1",0.000093,160,"./Code/main.cpp","InsertionSortTest2"
"Inner Loop (Shifting Elements)1",0.000093,160,"./Code/main.cpp","InsertionSortTest2"
"Inner Loop (Shifting Elements)1",0.000093,160,"./Code/main.cpp","InsertionSortTest2"
"Inner Loop (Shifting Elements)1",0.000090,160,"./Code/main.cpp","InsertionSortTest2"
"Inner Loop (Shifting Elements)1",0.000092,160,"./Code/main.cpp","InsertionSortTest2"
"Key Assignment1",0.000091,167,"./Code/main.cpp","InsertionSortTest2"
"Outer Loop1",0.018814,169,"./Code/main.cpp","InsertionSortTest2"
"Inner Loop (Shifting Elements)1",0.000093,160,"./Code/main.cpp","InsertionSortTest2"
"Inner Loop (Shifting Elements)1",0.000117,160,"./Code/main.cpp","InsertionSortTest2"
"Inner Loop (Shifting Elements)1",0.000091,160,"./Code/main.cpp","InsertionSortTest2"
"Inner Loop (Shifting Elements)1",0.000093,160,"./Code/main.cpp","InsertionSortTest2"
"Inner Loop (Shifting Elements)1",0.000090,160,"./Code/main.cpp","InsertionSortTest2"
"Inner Loop (Shifting Elements)1",0.000092,160,"./Code/main.cpp","InsertionSortTest2"
"Inner Loop (Shifting Elements)1",0.000092,160,"./Code/main.cpp","InsertionSortTest2"
"Inner Loop (Shifting Elements)1",0.000090,160,"./Code/main.cpp","InsertionSortTest2"
"Inner Loop (Shifting Elements)1",0.000089,160,"./Code/main.cpp","InsertionSortTest2"
"Inner Loop (Shifting Elements)1",0.000091,160,"./Code/main.cpp","InsertionSortTest2"
"Inner Loop (Shifting Elements)1",0.000103,160,"./Code/main.cpp","InsertionSortTest2"
"Inner Loop (Shifting Elements)1",0.000106,160,"./Code/main.cpp","InsertionSortTest2"
"Inner Loop (Shifting Elements)1",0.000128,160,"./Code/main.cpp","InsertionSortTest2"
"Inner Loop (Shifting Elements)1",0.000121,160,"./Code/main.cpp","InsertionSortTest2"
"Inner Loop (Shifting Elements)1",0.000094,160,"./Code/main.cpp","InsertionSortTest2"
"Inner Loop (Shifting Elements)1",0.000097,160,"./Code/main.cpp","InsertionSortTest2"
"Inner Loop (Shifting Elements)1",0.000095,160,"./Code/main.cpp","InsertionSortTest2"
"Inner Loop (Shifting Elements)1",0.000091,160,"./Code/main.cpp","InsertionSortTest2"
"Inner Loop (Shifting Elements)1",0.000094,160,"./Code/main.cpp","InsertionSortTest2"
"Inner Loop (Shifting Elements)1",0.000094,160,"./Code/main.cpp","InsertionSortTest2"
"Inner Loop (Shifting Elements)1",0.000093,160,"./Code/main.cpp","InsertionSortTest2"
"Inner Loop (Shifting Elements)1",0.000113,160,"./Code/main.cpp","InsertionSortTest2"
"Inner Loop (Shifting Elements)1",0.000092,160,"./Code/main.cpp","InsertionSortTest2"
"Inner Loop (Shifting Elements)1",0.000095,160,"./Code/main.cpp","InsertionSortTest2"
"Inner Loop (Shifting Elements)1",0.000093,160,"./Code/main.cpp","InsertionSortTest2"
"Inner Loop (Shifting Elements)1",0.000094,160,"./Code/main.cpp","InsertionSortTest2"
"Key Assignment1",0.000120,167,"./Code/main.cpp","InsertionSortTest2"
"Outer Loop1",0.012665,169,"./Code/main.cpp","InsertionSortTest2"
"Inner Loop (Shifting Elements)1",0.000094,160,"./Code/main.cpp","InsertionSortTest2"
"Inner Loop (Shifting Elements)1",0.000096,160,"./Code/main.cpp","InsertionSortTest2"
"Inner Loop (Shifting Elements)1",0.000097,160,"./Code/main.cpp","InsertionSortTest2"
"Inner Loop (Shifting Elements)1",0.000092,160,"./Code/main.cpp","InsertionSortTest2"
"Inner Loop (Shifting Elements)1",0.000090,160,"./Code/main.cpp","InsertionSortTest2"
"Inner Loop (Shifting Elements)1",0.000091,160,"./Code/main.cpp","InsertionSortTest2"
"Key Assignment1",0.000097,167,"./Code/main.cpp","InsertionSortTest2"
"Outer Loop1",0.002945,169,"./Code/main.cpp","InsertionSortTest2"
"Inner Loop (Shifting Elements)1",0.000092,160,"./Code/main.cpp","InsertionSortTest2"
"Inner Loop (Shifting Elements)1",0.000093,160,"./Code/main.cpp","InsertionSortTest2"
"Inner Loop (Shifting Elements)1",0.000092,160,"./Code/main.cpp","InsertionSortTest2"
"Inner Loop (Shifting Elements)1",0.000092,160,"./Code/main.cpp","InsertionSortTest2"
"Inner Loop (Shifting Elements)1",0.000092,160,"./Code/main.cpp","InsertionSortTest2"
"Inner Loop (Shifting Elements)1",0.000094,160,"./Code/main.cpp","InsertionSortTest2"
"Inner Loop (Shifting Elements)1",0.000093,160,"./Code/main.cpp","InsertionSortTest2"
"Inner Loop (Shifting Elements)1",0.000095,160,"./Code/main.cpp","InsertionSortTest2"
"Inner Loop (Shifting Elements)1",0.000092,160,"./Code/main.cpp","InsertionSortTest2"
"Inner Loop (Shifting Elements)1",0.000092,160,"./Code/main.cpp","InsertionSortTest2"
"Inner Loop (Shifting Elements)1",0.000088,160,"./Code/main.cpp","InsertionSortTest2"
"Inner Loop (Shifting Elements)1",0.000092,160,"./Code/main.cpp","InsertionSortTest2"
"Inner Loop (Shifting Elements)1",0.000094,160,"./Code/main.cpp","InsertionSortTest2"
"Inner Loop (Shifting Elements)1",0.000096,160,"./Code/main.cpp","InsertionSortTest2"
"Inner Loop (Shifting Elements)1",0.000092,160,"./Code/main.cpp","InsertionSortTest2"
"Inner Loop (Shifting Elements)1",0.000090,160,"./Code/main.cpp","InsertionSortTest2"
"Inner Loop (Shifting Elements)1",0.000093,160,"./Code/main.cpp","InsertionSortTest2"
"Inner Loop (Shifting Elements)1",0.000091,160,"./Code/main.cpp","InsertionSortTest2"
"Inner Loop (Shifting Elements)1",0.000091,160,"./Code/main.cpp","InsertionSortTest2"
"Inner Loop (Shifting Elements)1",0.000093,160,"./Code/main.cpp","InsertionSortTest2"
"Inner Loop (Shifting Elements)1",0.000092,160,"./Code/main.cpp","InsertionSortTest2"
"Inner Loop (Shifting Elements)1",0.000090,160,"./Code/main.cpp","InsertionSortTest2"
"Inner Loop (Shifting Elements)1",0.000094,160,"./Code/main.cpp","InsertionSortTest2"
"Inner Loop (Shifting Elements)1",0.000094,160,"./Code/main.cpp","InsertionSortTest2"
"Inner Loop (Shifting Elements)1",0.000091,160,"./Code/main.cpp","InsertionSortTest2"
"Inner Loop (Shifting Elements)1",0.000092,160,"./Code/main.cpp","InsertionSortTest2"
"Inner Loop (Shifting Elements)1",0.000092,160,"./Code/main.cpp","InsertionSortTest2"
"Inner Loop (Shifting Elements)1",0.000093,160,"./Code/main.cpp","InsertionSortTest2"
"Inner Loop (Shifting Elements)1",0.000094,160,"./Code/main.cpp","InsertionSortTest2"
"Inner Loop (Shifting Elements)1",0.000094,160,"./Code/main.cpp","InsertionSortTest2"
"Inner Loop (Shifting Elements)1",0.000093,160,"./Code/main.cpp","InsertionSortTest2"
"Inner Loop (Shifting Elements)1",0.000094,160,"./Code/main.cpp","InsertionSortTest2"
"Inner Loop (Shifting Elements)1",0.000093,160,"./Code/main.cpp","InsertionSortTest2"
"Inner Loop (Shifting Elements)1",0.000093,160,"./Code/main.cpp","InsertionSortTest2"
"Inner Loop (Shifting Elements)1",0.000092,160,"./Code/main.cpp","InsertionSortTest2"
"Inner Loop (Shifting Elements)1",0.000091,160,"./Code/main.cpp","InsertionSortTest2"
"Inner Loop (Shifting Elements)1",0.000092,160,"./Code/main.cpp","InsertionSortTest2"
"Inner Loop (Shifting Elements)1",0.000123,160,"./Code/main.cpp","InsertionSortTest2"
"Inner Loop (Shifting Elements)1",0.000095,160,"./Code/main.cpp","InsertionSortTest2"
"Inner Loop (Shifting Elements)1",0.000093,160,"./Code/main.cpp","InsertionSortTest2"
"Inner Loop (Shifting Elements)1",0.000092,160,"./Code/main.cpp","InsertionSortTest2"
"Inner Loop (Shifting Elements)1",0.000091,160,"./Code/main.cpp","InsertionSortTest2"
"Inner Loop (Shifting Elements)1",0.000093,160,"./Code/main.cpp","InsertionSortTest2"
"Inner Loop (Shifting Elements)1",0.000091,160,"./Code/main.cpp","InsertionSortTest2"
"Inner Loop (Shifting Elements)1",0.000093,160,"./Code/main.cpp","InsertionSortTest2"
"Inner Loop (Shifting Elements)1",0.000095,160,"./Code/main.cpp","InsertionSortTest2"
"Inner Loop (Shifting Elements)1",0.000094,160,"./Code/main.cpp","InsertionSortTest2"
"Inner Loop (Shifting Elements)1",0.000096,160,"./Code/main.cpp","InsertionSortTest2"
"Inner Loop (Shifting Elements)1",0.000093,160,"./Code/main.cpp","InsertionSortTest2"
"Inner Loop (Shifting Elements)1",0.000093,160,"./Code/main.cpp","InsertionSortTest2"
"Inner Loop (Shifting Elements)1",0.000092,160,"./Code/main.cpp","InsertionSortTest2"
"Inner Loop (Shifting Elements)1",0.000091,160,"./Code/main.cpp","InsertionSortTest2"
"Inner Loop (Shifting Elements)1",0.000093,160,"./Code/main.cpp","InsertionSortTest2"
"Inner Loop (Shifting Elements)1",0.000094,160,"./Code/main.cpp","InsertionSortTest2"
"Inner Loop (Shifting Elements)1",0.000093,160,"./Code/main.cpp","InsertionSortTest2"
"Inner Loop (Shifting Elements)1",0.000092,160,"./Code/main.cpp","InsertionSortTest2"
"Inner Loop (Shifting Elements)1",0.000094,160,"./Code/main.cpp","InsertionSortTest2"
"Inner Loop (Shifting Elements)1",0.000089,160,"./Code/main.cpp","InsertionSortTest2"
"Inner Loop (Shifting Elements)1",0.000092,160,"./Code/main.cpp","InsertionSortTest2"
"Inner Loop (Shifting Elements)1",0.000107,160,"./Code/main.cpp","InsertionSortTest2"
"Inner Loop (Shifting Elements)1",0.000109,160,"./Code/main.cpp","InsertionSortTest2"
"Inner Loop (Shifting Elements)1",0.000107,160,"./Code/main.cpp","InsertionSortTest2"
"Inner Loop (Shifting Elements)1",0.000100,160,"./Code/main.cpp","InsertionSortTest2"
"Inner Loop (Shifting Elements)1",0.000094,160,"./Code/main.cpp","InsertionSortTest2"
"Key Assignment1",0.000092,167,"./Code/main.cpp","InsertionSortTest2"
"Outer Loop1",0.027871,169,"./Code/main.cpp","InsertionSortTest2"
"Inner Loop (Shifting Elements)1",0.000092,160,"./Code/main.cpp","InsertionSortTest2"
"Inner Loop (Shifting Elements)1",0.000092,160,"./Code/main.cpp","InsertionSortTest2"
"Inner Loop (Shifting Elements)1",0.000095,160,"./Code/main.cpp","InsertionSortTest2"
"Inner Loop (Shifting Elements)1",0.000094,160,"./Code/main.cpp","InsertionSortTest2"
"Inner Loop (Shifting Elements)1",0.000094,160,"./Code/main.cpp","InsertionSortTest2"
"Inner Loop (Shifting Elements)1",0.000093,160,"./Code/main.cpp","InsertionSortTest2"
"Inner Loop (Shifting Elements)1",0.000095,160,"./Code/main.cpp","InsertionSortTest2"
"Inner Loop (Shifting Elements)1",0.000091,160,"./Code/main.cpp","InsertionSortTest2"
"Inner Loop (Shifting Elements)1",0.000094,160,"./Code/main.cpp","InsertionSortTest2"
"Inner Loop (Shifting Elements)1",0.000095,160,"./Code/main.cpp","InsertionSortTest2"
"Inner Loop (Shifting Elements)1",0.000094,160,"./Code/main.cpp","InsertionSortTest2"
"Inner Loop (Shifting Elements)1",0.000091,160,"./Code/main.cpp","InsertionSortTest2"
"Inner Loop (Shifting Elements)1",0.000091,160,"./Code/main.cpp","InsertionSortTest2"
"Inner Loop (Shifting Elements)1",0.000092,160,"./Code/main.cpp","InsertionSortTest2"
"Inner Loop (Shifting Elements)1",0.000091,160,"./Code/main.cpp","InsertionSortTest2"
"Inner Loop (Shifting Elements)1",0.000094,160,"./Code/main.cpp","InsertionSortTest2"
"Inner Loop (Shifting Elements)1",0.000092,160,"./Code/main.cpp","InsertionSortTest2"
"Inner Loop (Shifting Elements)1",0.000094,160,"./Code/main.cpp","InsertionSortTest2"
"Inner Loop (Shifting Elements)1",0.000090,160,"./Code/main.cpp","InsertionSortTest2"
"Inner Loop (Shifting Elements)1",0.000093,160,"./Code/main.cpp","InsertionSortTest2"
"Inner Loop (Shifting Elements)1",0.000121,160,"./Code/main.cpp","InsertionSortTest2"
"Inner Loop (Shifting Elements)1",0.000092,160,"./Code/main.cpp","InsertionSortTest2"
"Inner Loop (Shifting Elements)1",0.000093,160,"./Code/main.cpp","InsertionSortTest2"
"Inner Loop (Shifting Elements)1",0.000093,160,"./Code/main.cpp","InsertionSortTest2"
"Inner Loop (Shifting Elements)1",0.000093,160,"./Code/main.cpp","InsertionSortTest2"
"Inner Loop (Shifting Elements)1",0.000092,160,"./Code/main.cpp","InsertionSortTest2"
"Inner Loop (Shifting Elements)1",0.000094,160,"./Code/main.cpp","InsertionSortTest2"
"Inner Loop (Shifting Elements)1",0.000095,160,"./Code/main.cpp","InsertionSortTest2"
"Inner Loop (Shifting Elements)1",0.000093,160,"./Code/main.cpp","InsertionSortTest2"
"Inner Loop (Shifting Elements)1",0.000094,160,"./Code/main.cpp","InsertionSortTest2"
"Inner Loop (Shifting Elements)1",0.000092,160,"./Code/main.cpp","InsertionSortTest2"
"Inner Loop (Shifting Elements)1",0.000093,160,"./Code/main.cpp","InsertionSortTest2"
"Inner Loop (Shifting Elements)1",0.000092,160,"./Code/main.cpp","InsertionSortTest2"
"Inner Loop (Shifting Elements)1",0.000093,160,"./Code/main.cpp","InsertionSortTest2"
"Key Assignment1",0.000091,167,"./Code/main.cpp","InsertionSortTest2"
"Outer Loop1",0.014400,169,"./Code/main.cpp","InsertionSortTest2"
"Inner Loop (Shifting Elements)1",0.000093,160,"./Code/main.cpp","InsertionSortTest2"
"Inner Loop (Shifting Elements)1",0.000092,160,"./Code/main.cpp","InsertionSortTest2"
"Inner Loop (Shifting Elements)1",0.000093,160,"./Code/main.cpp","InsertionSortTest2"
"Inner Loop (Shifting Elements)1",0.000147,160,"./Code/main.cpp","InsertionSortTest2"
"Inner Loop (Shifting Elements)1",0.000090,160,"./Code/main.cpp","InsertionSortTest2"
"Inner Loop (Shifting Elements)1",0.000093,160,"./Code/main.cpp","InsertionSortTest2"
"Inner Loop (Shifting Elements)1",0.000091,160,"./Code/main.cpp","InsertionSortTest2"
"Inner Loop (Shifting Elements)1",0.000091,160,"./Code/main.cpp","InsertionSortTest2"
"Inner Loop (Shifting Elements)1",0.000095,160,"./Code/main.cpp","InsertionSortTest2"
"Inner Loop (Shifting Elements)1",0.000093,160,"./Code/main.cpp","InsertionSortTest2"
"Inner Loop (Shifting Elements)1",0.000093,160,"./Code/main.cpp","InsertionSortTest2"
"Inner Loop (Shifting Elements)1",0.000093,160,"./Code/main.cpp","InsertionSortTest2"
"Inner Loop (Shifting Elements)1",0.000093,160,"./Code/main.cpp","InsertionSortTest2"
"Inner Loop (Shifting Elements)1",0.000092,160,"./Code/main.cpp","InsertionSortTest2"
"Key Assignment1",0.000094,167,"./Code/main.cpp","InsertionSortTest2"
"Outer Loop1",0.006457,169,"./Code/main.cpp","InsertionSortTest2"
"Inner Loop (Shifting Elements)1",0.000093,160,"./Code/main.cpp","InsertionSortTest2"
"Inner Loop (Shifting Elements)1",0.000092,160,"./Code/main.cpp","InsertionSortTest2"
"Inner Loop (Shifting Elements)1",0.000092,160,"./Code/main.cpp","InsertionSortTest2"
"Inner Loop (Shifting Elements)1",0.000092,160,"./Code/main.cpp","InsertionSortTest2"
"Inner Loop (Shifting Elements)1",0.000091,160,"./Code/main.cpp","InsertionSortTest2"
"Inner Loop (Shifting Elements)1",0.000092,160,"./Code/main.cpp","InsertionSortTest2"
"Inner Loop (Shifting Elements)1",0.000092,160,"./Code/main.cpp","InsertionSortTest2"
"Inner Loop (Shifting Elements)1",0.000093,160,"./Code/main.cpp","InsertionSortTest2"
"Inner Loop (Shifting Elements)1",0.000093,160,"./Code/main.cpp","InsertionSortTest2"
"Inner Loop (Shifting Elements)1",0.000093,160,"./Code/main.cpp","InsertionSortTest2"
"Inner Loop (Shifting Elements)1",0.000091,160,"./Code/main.cpp","InsertionSortTest2"
"Inner Loop (Shifting Elements)1",0.000092,160,"./Code/main.cpp","InsertionSortTest2"
"Inner Loop (Shifting Elements)1",0.000093,160,"./Code/main.cpp","InsertionSortTest2"
"Inner Loop (Shifting Elements)1",0.000092,160,"./Code/main.cpp","InsertionSortTest2"
"Inner Loop (Shifting Elements)1",0.000092,160,"./Code/main.cpp","InsertionSortTest2"
"Inner Loop (Shifting Elements)1",0.000095,160,"./Code/main.cpp","InsertionSortTest2"
"Inner Loop (Shifting Elements)1",0.000095,160,"./Code/main.cpp","InsertionSortTest2"
"Inner Loop (Shifting Elements)1",0.000090,160,"./Code/main.cpp","InsertionSortTest2"
"Inner Loop (Shifting Elements)1",0.000092,160,"./Code/main.cpp","InsertionSortTest2"
"Inner Loop (Shifting Elements)1",0.000091,160,"./Code/main.cpp","InsertionSortTest2"
"Inner Loop (Shifting Elements)1",0.000094,160,"./Code/main.cpp","InsertionSortTest2"
"Inner Loop (Shifting Elements)1",0.000092,160,"./Code/main.cpp","InsertionSortTest2"
"Inner Loop (Shifting Elements)1",0.000094,160,"./Code/main.cpp","InsertionSortTest2"
"Inner Loop (Shifting Elements)1",0.000094,160,"./Code/main.cpp","InsertionSortTest2"
"Inner Loop (Shifting Elements)1",0.000092,160,"./Code/main.cpp","InsertionSortTest2"
"Inner Loop (Shifting Elements)1",0.000093,160,"./Code/main.cpp","InsertionSortTest2"
"Inner Loop (Shifting Elements)1",0.000100,160,"./Code/main.cpp","InsertionSortTest2"
"Inner Loop (Shifting Elements)1",0.000105,160,"./Code/main.cpp","InsertionSortTest2"
"Inner Loop (Shifting Elements)1",0.000119,160,"./Code/main.cpp","InsertionSortTest2"
"Inner Loop (Shifting Elements)1",0.000120,160,"./Code/main.cpp","InsertionSortTest2"
"Inner Loop (Shifting Elements)1",0.000098,160,"./Code/main.cpp","InsertionSortTest2"
"Inner Loop (Shifting Elements)1",0.000095,160,"./Code/main.cpp","InsertionSortTest2"
"Inner Loop (Shifting Elements)1",0.000097,160,"./Code/main.cpp","InsertionSortTest2"
"Inner Loop (Shifting Elements)1",0.000092,160,"./Code/main.cpp","InsertionSortTest2"
"Inner Loop (Shifting Elements)1",0.000146,160,"./Code/main.cpp","InsertionSortTest2"
"Inner Loop (Shifting Elements)1",0.000119,160,"./Code/main.cpp","InsertionSortTest2"
"Inner Loop (Shifting Elements)1",0.000098,160,"./Code/main.cpp","InsertionSortTest2"
"Inner Loop (Shifting Elements)1",0.000094,160,"./Code/main.cpp","InsertionSortTest2"
"Inner Loop (Shifting Elements)1",0.000098,160,"./Code/main.cpp","InsertionSortTest2"
"Inner Loop (Shifting Elements)1",0.000096,160,"./Code/main.cpp","InsertionSortTest2"
"Inner Loop (Shifting Elements)1",0.000093,160,"./Code/main.cpp","InsertionSortTest2"
"Inner Loop (Shifting Elements)1",0.000094,160,"./Code/main.cpp","InsertionSortTest2"
"Inner Loop (Shifting Elements)1",0.000094,160,"./Code/main.cpp","InsertionSortTest2"
"Inner Loop (Shifting Elements)1",0.000095,160,"./Code/main.cpp","InsertionSortTest2"
"Inner Loop (Shifting Elements)1",0.000094,160,"./Code/main.cpp","InsertionSortTest2"
"Inner Loop (Shifting Elements)1",0.000093,160,"./Code/main.cpp","InsertionSortTest2"
"Inner Loop (Shifting Elements)1",0.000093,160,"./Code/main.cpp","InsertionSortTest2"
"Inner Loop (Shifting Elements)1",0.000095,160,"./Code/main.cpp","InsertionSortTest2"
"Inner Loop (Shifting Elements)1",0.000095,160,"./Code/main.cpp","InsertionSortTest2"
"Inner Loop (Shifting Elements)1",0.000095,160,"./Code/main.cpp","InsertionSortTest2"
"Inner Loop (Shifting Elements)1",0.000093,160,"./Code/main.cpp","InsertionSortTest2"
"Inner Loop (Shifting Elements)1",0.000093,160,"./Code/main.cpp","InsertionSortTest2"
"Inner Loop (Shifting Elements)1",0.000094,160,"./Code/main.cpp","InsertionSortTest2"
"Inner Loop (Shifting Elements)1",0.000094,160,"./Code/main.cpp","InsertionSortTest2"
"Inner Loop (Shifting Elements)1",0.000093,160,"./Code/main.cpp","InsertionSortTest2"
"Inner Loop (Shifting Elements)1",0.000092,160,"./Code/main.cpp","InsertionSortTest2"
"Key Assignment1",0.000098,167,"./Code/main.cpp","InsertionSortTest2"
"Outer Loop1",0.024701,169,"./Code/main.cpp","InsertionSortTest2"
"Inner Loop (Shifting Elements)1",0.000098,160,"./Code/main.cpp","InsertionSortTest2"
"Inner Loop (Shifting Elements)1",0.000095,160,"./Code/main.cpp","InsertionSortTest2"
"Inner Loop (Shifting Elements)1",0.000095,160,"./Code/main.cpp","InsertionSortTest2"
"Inner Loop (Shifting Elements)1",0.000094,160,"./Code/main.cpp","InsertionSortTest2"
"Inner Loop (Shifting Elements)1",0.000093,160,"./Code/main.cpp","InsertionSortTest2"
"Inner Loop (Shifting Elements)1",0.000093,160,"./Code/main.cpp","InsertionSortTest2"
"Inner Loop (Shifting Elements)1",0.000095,160,"./Code/main.cpp","InsertionSortTest2"
"Inner Loop (Shifting Elements)1",0.000095,160,"./Code/main.cpp","InsertionSortTest2"
"Inner Loop (Shifting Elements)1",0.000093,160,"./Code/main.cpp","InsertionSortTest2"
"Inner Loop (Shifting Elements)1",0.000092,160,"./Code/main.cpp","InsertionSortTest2"
"Inner Loop (Shifting Elements)1",0.000095,160,"./Code/main.cpp","InsertionSortTest2"
"Inner Loop (Shifting Elements)1",0.000094,160,"./Code/main.cpp","InsertionSortTest2"
"Inner Loop (Shifting Elements)1",0.000093,160,"./Code/main.cpp","InsertionSortTest2"
"Inner Loop (Shifting Elements)1",0.000092,160,"./Code/main.cpp","InsertionSortTest2"
"Inner Loop (Shifting Elements)1",0.000091,160,"./Code/main.cpp","InsertionSortTest2"
"Inner Loop (Shifting Elements)1",0.000095,160,"./Code/main.cpp","InsertionSortTest2"
"Inner Loop (Shifting Elements)1",0.000093,160,"./Code/main.cpp","InsertionSortTest2"
"Inner Loop (Shifting Elements)1",0.000095,160,"./Code/main.cpp","InsertionSortTest2"
"Inner Loop (Shifting Elements)1",0.000094,160,"./Code/main.cpp","InsertionSortTest2"
"Inner Loop (Shifting Elements)1",0.000092,160,"./Code/main.cpp","InsertionSortTest2"
"Inner Loop (Shifting Elements)1",0.000092,160,"./Code/main.cpp","InsertionSortTest2"
"Inner Loop (Shifting Elements)1",0.000092,160,"./Code/main.cpp","InsertionSortTest2"
"Inner Loop (Shifting Elements)1",0.000092,160,"./Code/main.cpp","InsertionSortTest2"
"Inner Loop (Shifting Elements)1",0.000094,160,"./Code/main.cpp","InsertionSortTest2"
"Inner Loop (Shifting Elements)1",0.000091,160,"./Code/main.cpp","InsertionSortTest2"
"Inner Loop (Shifting Elements)1",0.000093,160,"./Code/main.cpp","InsertionSortTest2"
"Inner Loop (Shifting Elements)1",0.000092,160,"./Code/main.cpp","InsertionSortTest2"
"Inner Loop (Shifting Elements)1",0.000095,160,"./Code/main.cpp","InsertionSortTest2"
"Inner Loop (Shifting Elements)1",0.000093,160,"./Code/main.cpp","InsertionSortTest2"
"Inner Loop (Shifting Elements)1",0.000091,160,"./Code/main.cpp","InsertionSortTest2"
"Inner Loop (Shifting Elements)1",0.000093,160,"./Code/main.cpp","InsertionSortTest2"
"Inner Loop (Shifting Elements)1",0.000093,160,"./Code/main.cpp","InsertionSortTest2"
"Inner Loop (Shifting Elements)1",0.000094,160,"./Code/main.cpp","InsertionSortTest2"
"Inner Loop (Shifting Elements)1",0.000095,160,"./Code/main.cpp","InsertionSortTest2"
"Inner Loop (Shifting Elements)1",0.000092,160,"./Code/main.cpp","InsertionSortTest2"
"Inner Loop (Shifting Elements)1",0.000091,160,"./Code/main.cpp","InsertionSortTest2"
"Inner Loop (Shifting Elements)1",0.000093,160,"./Code/main.cpp","InsertionSortTest2"
"Inner Loop (Shifting Elements)1",0.000094,160,"./Code/main.cpp","InsertionSortTest2"
"Inner Loop (Shifting Elements)1",0.000093,160,"./Code/main.cpp","InsertionSortTest2"
"Inner Loop (Shifting Elements)1",0.000094,160,"./Code/main.cpp","InsertionSortTest2"
"Inner Loop (Shifting Elements)1",0.000093,160,"./Code/main.cpp","InsertionSortTest2"
"Inner Loop (Shifting Elements)1",0.000095,160,"./Code/main.cpp","InsertionSortTest2"
"Key Assignment1",0.000093,167,"./Code/main.cpp","InsertionSortTest2"
"Outer Loop1",0.017634,169,"./Code/main.cpp","InsertionSortTest2"
"Inner Loop (Shifting Elements)1",0.000095,160,"./Code/main.cpp","InsertionSortTest2"
"Inner Loop (Shifting Elements)1",0.000094,160,"./Code/main.cpp","InsertionSortTest2"
"Inner Loop (Shifting Elements)1",0.000092,160,"./Code/main.cpp","InsertionSortTest2"
"Inner Loop (Shifting Elements)1",0.000093,160,"./Code/main.cpp","InsertionSortTest2"
"Inner Loop (Shifting Elements)1",0.000094,160,"./Code/main.cpp","InsertionSortTest2"
"Inner Loop (Shifting Elements)1",0.000091,160,"./Code/main.cpp","InsertionSortTest2"
"Inner Loop (Shifting Elements)1",0.000093,160,"./Code/main.cpp","InsertionSortTest2"
"Inner Loop (Shifting Elements)1",0.000092,160,"./Code/main.cpp","InsertionSortTest2"
"Inner Loop (Shifting Elements)1",0.000094,160,"./Code/main.cpp","InsertionSortTest2"
"Inner Loop (Shifting Elements)1",0.000093,160,"./Code/main.cpp","InsertionSortTest2"
"Inner Loop (Shifting Elements)1",0.000130,160,"./Code/main.cpp","InsertionSortTest2"
"Inner Loop (Shifting Elements)1",0.000106,160,"./Code/main.cpp","InsertionSortTest2"
"Inner Loop (Shifting Elements)1",0.000137,160,"./Code/main.cpp","InsertionSortTest2"
"Inner Loop (Shifting Elements)1",0.000112,160,"./Code/main.cpp","InsertionSortTest2"
"Inner Loop (Shifting Elements)1",0.000100,160,"./Code/main.cpp","InsertionSortTest2"
"Inner Loop (Shifting Elements)1",0.000123,160,"./Code/main.cpp","InsertionSortTest2"
"Inner Loop (Shifting Elements)1",0.000126,160,"./Code/main.cpp","InsertionSortTest2"
"Inner Loop (Shifting Elements)1",0.000095,160,"./Code/main.cpp","InsertionSortTest2"
"Inner Loop (Shifting Elements)1",0.000094,160,"./Code/main.cpp","InsertionSortTest2"
"Inner Loop (Shifting Elements)1",0.000094,160,"./Code/main.cpp","InsertionSortTest2"
"Inner Loop (Shifting Elements)1",0.000095,160,"./Code/main.cpp","InsertionSortTest2"
"Key Assignment1",0.000093,167,"./Code/main.cpp","InsertionSortTest2"
"Outer Loop1",0.010467,169,"./Code/main.cpp","InsertionSortTest2"
"Key Assignment1",0.000094,167,"./Code/main.cpp","InsertionSortTest2"
"Outer Loop1",0.000518,169,"./Code/main.cpp","InsertionSortTest2"
"Inner Loop (Shifting Elements)1",0.000091,160,"./Code/main.cpp","InsertionSortTest2"
"Inner Loop (Shifting Elements)1",0.000088,160,"./Code/main.cpp","InsertionSortTest2"
"Inner Loop (Shifting Elements)1",0.000092,160,"./Code/main.cpp","InsertionSortTest2"
"Inner Loop (Shifting Elements)1",0.000091,160,"./Code/main.cpp","InsertionSortTest2"
"Inner Loop (Shifting Elements)1",0.000091,160,"./Code/main.cpp","InsertionSortTest2"
"Inner Loop (Shifting Elements)1",0.000091,160,"./Code/main.cpp","InsertionSortTest2"
"Inner Loop (Shifting Elements)1",0.000093,160,"./Code/main.cpp","InsertionSortTest2"
"Inner Loop (Shifting Elements)1",0.000093,160,"./Code/main.cpp","InsertionSortTest2"
"Inner Loop (Shifting Elements)1",0.000092,160,"./Code/main.cpp","InsertionSortTest2"
"Inner Loop (Shifting Elements)1",0.000093,160,"./Code/main.cpp","InsertionSortTest2"
"Inner Loop (Shifting Elements)1",0.000092,160,"./Code/main.cpp","InsertionSortTest2"
"Inner Loop (Shifting Elements)1",0.000095,160,"./Code/main.cpp","InsertionSortTest2"
"Inner Loop (Shifting Elements)1",0.000096,160,"./Code/main.cpp","InsertionSortTest2"
"Inner Loop (Shifting Elements)1",0.000090,160,"./Code/main.cpp","InsertionSortTest2"
"Inner Loop (Shifting Elements)1",0.000094,160,"./Code/main.cpp","InsertionSortTest2"
"Inner Loop (Shifting Elements)1",0.000092,160,"./Code/main.cpp","InsertionSortTest2"
"Inner Loop (Shifting Elements)1",0.000091,160,"./Code/main.cpp","InsertionSortTest2"
"Inner Loop (Shifting Elements)1",0.000090,160,"./Code/main.cpp","InsertionSortTest2"
"Inner Loop (Shifting Elements)1",0.000094,160,"./Code/main.cpp","InsertionSortTest2"
"Inner Loop (Shifting Elements)1",0.000093,160,"./Code/main.cpp","InsertionSortTest2"
"Inner Loop (Shifting Elements)1",0.000090,160,"./Code/main.cpp","InsertionSortTest2"
"Inner Loop (Shifting Elements)1",0.000091,160,"./Code/main.cpp","InsertionSortTest2"
"Inner Loop (Shifting Elements)1",0.000093,160,"./Code/main.cpp","InsertionSortTest2"
"Inner Loop (Shifting Elements)1",0.000092,160,"./Code/main.cpp","InsertionSortTest2"
"Inner Loop (Shifting Elements)1",0.000093,160,"./Code/main.cpp","InsertionSortTest2"
"Inner Loop (Shifting Elements)1",0.000094,160,"./Code/main.cpp","InsertionSortTest2"
"Inner Loop (Shifting Elements)1",0.000094,160,"./Code/main.cpp","InsertionSortTest2"
"Inner Loop (Shifting Elements)1",0.000091,160,"./Code/main.cpp","InsertionSortTest2"
"Inner Loop (Shifting Elements)1",0.000093,160,"./Code/main.cpp","InsertionSortTest2"
"Inner Loop (Shifting Elements)1",0.000092,160,"./Code/main.cpp","InsertionSortTest2"
"Inner Loop (Shifting Elements)1",0.000091,160,"./Code/main.cpp","InsertionSortTest2"
"Inner Loop (Shifting Elements)1",0.000093,160,"./Code/main.cpp","InsertionSortTest2"
"Inner Loop (Shifting Elements)1",0.000093,160,"./Code/main.cpp","InsertionSortTest2"
"Inner Loop (Shifting Elements)1",0.000091,160,"./Code/main.cpp","InsertionSortTest2"
"Inner Loop (Shifting Elements)1",0.000090,160,"./Code/main.cpp","InsertionSortTest2"
"Inner Loop (Shifting Elements)1",0.000090,160,"./Code/main.cpp","InsertionSortTest2"
"Inner Loop (Shifting Elements)1",0.000091,160,"./Code/main.cpp","InsertionSortTest2"
"Inner Loop (Shifting Elements)1",0.000092,160,"./Code/main.cpp","InsertionSortTest2"
"Inner Loop (Shifting Elements)1",0.000091,160,"./Code/main.cpp","InsertionSortTest2"
"Inner Loop (Shifting Elements)1",0.000090,160,"./Code/main.cpp","InsertionSortTest2"
"Inner Loop (Shifting Elements)1",0.000091,160,"./Code/main.cpp","InsertionSortTest2"
"Inner Loop (Shifting Elements)1",0.000091,160,"./Code/main.cpp","InsertionSortTest2"
"Inner Loop (Shifting Elements)1",0.000096,160,"./Code/main.cpp","InsertionSortTest2"
"Inner Loop (Shifting Elements)1",0.000092,160,"./Code/main.cpp","InsertionSortTest2"
"Inner Loop (Shifting Elements)1",0.000092,160,"./Code/main.cpp","InsertionSortTest2"
"Inner Loop (Shifting Elements)1",0.000093,160,"./Code/main.cpp","InsertionSortTest2"
"Inner Loop (Shifting Elements)1",0.000093,160,"./Code/main.cpp","InsertionSortTest2"
"Inner Loop (Shifting Elements)1",0.000093,160,"./Code/main.cpp","InsertionSortTest2"
"Inner Loop (Shifting Elements)1",0.000093,160,"./Code/main.cpp","InsertionSortTest2"
"Inner Loop (Shifting Elements)1",0.000093,160,"./Code/main.cpp","InsertionSortTest2"
"Inner Loop (Shifting Elements)1",0.000092,160,"./Code/main.cpp","InsertionSortTest2"
"Inner Loop (Shifting Elements)1",0.000095,160,"./Code/main.cpp","InsertionSortTest2"
"Key Assignment1",0.000089,167,"./Code/main.cpp","InsertionSortTest2"
"Outer Loop1",0.021702,169,"./Code/main.cpp","InsertionSortTest2"
"Inner Loop (Shifting Elements)1",0.000091,160,"./Code/main.cpp","InsertionSortTest2"
"Inner Loop (Shifting Elements)1",0.000090,160,"./Code/main.cpp","InsertionSortTest2"
"Inner Loop (Shifting Elements)1",0.000090,160,"./Code/main.cpp","InsertionSortTest2"
"Inner Loop (Shifting Elements)1",0.000091,160,"./Code/main.cpp","InsertionSortTest2"
"Inner Loop (Shifting Elements)1",0.000089,160,"./Code/main.cpp","InsertionSortTest2"
"Inner Loop (Shifting Elements)1",0.000092,160,"./Code/main.cpp","InsertionSortTest2"
"Inner Loop (Shifting Elements)1",0.000093,160,"./Code/main.cpp","InsertionSortTest2"
"Inner Loop (Shifting Elements)1",0.000093,160,"./Code/main.cpp","InsertionSortTest2"
"Inner Loop (Shifting Elements)1",0.000094,160,"./Code/main.cpp","InsertionSortTest2"
"Inner Loop (Shifting Elements)1",0.000092,160,"./Code/main.cpp","InsertionSortTest2"
"Inner Loop (Shifting Elements)1",0.000093,160,"./Code/main.cpp","InsertionSortTest2"
"Inner Loop (Shifting Elements)1",0.000115,160,"./Code/main.cpp","InsertionSortTest2"
"Inner Loop (Shifting Elements)1",0.000090,160,"./Code/main.cpp","InsertionSortTest2"
"Inner Loop (Shifting Elements)1",0.000089,160,"./Code/main.cpp","InsertionSortTest2"
"Inner Loop (Shifting Elements)1",0.000090,160,"./Code/main.cpp","InsertionSortTest2"
"Inner Loop (Shifting Elements)1",0.000091,160,"./Code/main.cpp","InsertionSortTest2"
"Inner Loop (Shifting Elements)1",0.000110,160,"./Code/main.cpp","InsertionSortTest2"
"Inner Loop (Shifting Elements)1",0.000107,160,"./Code/main.cpp","InsertionSortTest2"
"Inner Loop (Shifting Elements)1",0.000122,160,"./Code/main.cpp","InsertionSortTest2"
"Inner Loop (Shifting Elements)1",0.000107,160,"./Code/main.cpp","InsertionSortTest2"
"Inner Loop (Shifting Elements)1",0.000092,160,"./Code/main.cpp","InsertionSortTest2"
"Inner Loop (Shifting Elements)1",0.000090,160,"./Code/main.cpp","InsertionSortTest2"
"Inner Loop (Shifting Elements)1",0.000093,160,"./Code/main.cpp","InsertionSortTest2"
"Inner Loop (Shifting Elements)1",0.000095,160,"./Code/main.cpp","InsertionSortTest2"
"Inner Loop (Shifting Elements)1",0.000092,160,"./Code/main.cpp","InsertionSortTest2"
"Inner Loop (Shifting Elements)1",0.000093,160,"./Code/main.cpp","InsertionSortTest2"
"Inner Loop (Shifting Elements)1",0.000091,160,"./Code/main.cpp","InsertionSortTest2"
"Inner Loop (Shifting Elements)1",0.000092,160,"./Code/main.cpp","InsertionSortTest2"
"Inner Loop (Shifting Elements)1",0.000090,160,"./Code/main.cpp","InsertionSortTest2"
"Inner Loop (Shifting Elements)1",0.000094,160,"./Code/main.cpp","InsertionSortTest2"
"Key Assignment1",0.000093,167,"./Code/main.cpp","InsertionSortTest2"
"Outer Loop1",0.019371,169,"./Code/main.cpp","InsertionSortTest2"
"Inner Loop (Shifting Elements)1",0.000093,160,"./Code/main.cpp","InsertionSortTest2"
"Inner Loop (Shifting Elements)1",0.000091,160,"./Code/main.cpp","InsertionSortTest2"
"Inner Loop (Shifting Elements)1",0.000090,160,"./Code/main.cpp","InsertionSortTest2"
"Inner Loop (Shifting Elements)1",0.000091,160,"./Code/main.cpp","InsertionSortTest2"
"Inner Loop (Shifting Elements)1",0.000094,160,"./Code/main.cpp","InsertionSortTest2"
"Inner Loop (Shifting Elements)1",0.000091,160,"./Code/main.cpp","InsertionSortTest2"
"Inner Loop (Shifting Elements)1",0.000092,160,"./Code/main.cpp","InsertionSortTest2"
"Key Assignment1",0.000092,167,"./Code/main.cpp","InsertionSortTest2"
"Outer Loop1",0.003342,169,"./Code/main.cpp","InsertionSortTest2"
"Inner Loop (Shifting Elements)1",0.000091,160,"./Code/main.cpp","InsertionSortTest2"
"Inner Loop (Shifting Elements)1",0.000091,160,"./Code/main.cpp","InsertionSortTest2"
"Inner Loop (Shifting Elements)1",0.000094,160,"./Code/main.cpp","InsertionSortTest2"
"Inner Loop (Shifting Elements)1",0.000093,160,"./Code/main.cpp","InsertionSortTest2"
"Inner Loop (Shifting Elements)1",0.000092,160,"./Code/main.cpp","InsertionSortTest2"
"Inner Loop (Shifting Elements)1",0.000090,160,"./Code/main.cpp","InsertionSortTest2"
"Inner Loop (Shifting Elements)1",0.000091,160,"./Code/main.cpp","InsertionSortTest2"
"Inner Loop (Shifting Elements)1",0.000091,160,"./Code/main.cpp","InsertionSortTest2"
"Inner Loop (Shifting Elements)1",0.000095,160,"./Code/main.cpp","InsertionSortTest2"
"Inner Loop (Shifting Elements)1",0.000092,160,"./Code/main.cpp","InsertionSortTest2"
"Inner Loop (Shifting Elements)1",0.000094,160,"./Code/main.cpp","InsertionSortTest2"
"Inner Loop (Shifting Elements)1",0.000092,160,"./Code/main.cpp","InsertionSortTest2"
"Inner Loop (Shifting Elements)1",0.000093,160,"./Code/main.cpp","InsertionSortTest2"
"Inner Loop (Shifting Elements)1",0.000094,160,"./Code/main.cpp","InsertionSortTest2"
"Inner Loop (Shifting Elements)1",0.000092,160,"./Code/main.cpp","InsertionSortTest2"
"Inner Loop (Shifting Elements)1",0.000090,160,"./Code/main.cpp","InsertionSortTest2"
"Inner Loop (Shifting Elements)1",0.000094,160,"./Code/main.cpp","InsertionSortTest2"
"Inner Loop (Shifting Elements)1",0.000120,160,"./Code/main.cpp","InsertionSortTest2"
"Inner Loop (Shifting Elements)1",0.000093,160,"./Code/main.cpp","InsertionSortTest2"
"Inner Loop (Shifting Elements)1",0.000093,160,"./Code/main.cpp","InsertionSortTest2"
"Inner Loop (Shifting Elements)1",0.000093,160,"./Code/main.cpp","InsertionSortTest2"
"Inner Loop (Shifting Elements)1",0.000095,160,"./Code/main.cpp","InsertionSortTest2"
"Inner Loop (Shifting Elements)1",0.000092,160,"./Code/main.cpp","InsertionSortTest2"
"Inner Loop (Shifting Elements)1",0.000089,160,"./Code/main.cpp","InsertionSortTest2"
"Inner Loop (Shifting Elements)1",0.000092,160,"./Code/main.cpp","InsertionSortTest2"
"Inner Loop (Shifting Elements)1",0.000091,160,"./Code/main.cpp","InsertionSortTest2"
"Inner Loop (Shifting Elements)1",0.000091,160,"./Code/main.cpp","InsertionSortTest2"
"Inner Loop (Shifting Elements)1",0.000091,160,"./Code/main.cpp","InsertionSortTest2"
"Inner Loop (Shifting Elements)1",0.000090,160,"./Code/main.cpp","InsertionSortTest2"
"Inner Loop (Shifting Elements)1",0.000092,160,"./Code/main.cpp","InsertionSortTest2"
"Inner Loop (Shifting Elements)1",0.000091,160,"./Code/main.cpp","InsertionSortTest2"
"Inner Loop (Shifting Elements)1",0.000093,160,"./Code/main.cpp","InsertionSortTest2"
"Inner Loop (Shifting Elements)1",0.000091,160,"./Code/main.cpp","InsertionSortTest2"
"Inner Loop (Shifting Elements)1",0.000093,160,"./Code/main.cpp","InsertionSortTest2"
"Inner Loop (Shifting Elements)1",0.000094,160,"./Code/main.cpp","InsertionSortTest2"
"Inner Loop (Shifting Elements)1",0.000094,160,"./Code/main.cpp","InsertionSortTest2"
"Inner Loop (Shifting Elements)1",0.000093,160,"./Code/main.cpp","InsertionSortTest2"
"Inner Loop (Shifting Elements)1",0.000092,160,"./Code/main.cpp","InsertionSortTest2"
"Inner Loop (Shifting Elements)1",0.000091,160,"./Code/main.cpp","InsertionSortTest2"
"Inner Loop (Shifting Elements)1",0.000093,160,"./Code/main.cpp","InsertionSortTest2"
"Inner Loop (Shifting Elements)1",0.000093,160,"./Code/main.cpp","InsertionSortTest2"
"Inner Loop (Shifting Elements)1",0.000094,160,"./Code/main.cpp","InsertionSortTest2"
"Inner Loop (Shifting Elements)1",0.000094,160,"./Code/main.cpp","InsertionSortTest2"
"Inner Loop (Shifting Elements)1",0.000093,160,"./Code/main.cpp","InsertionSortTest2"
"Inner Loop (Shifting Elements)1",0.000094,160,"./Code/main.cpp","InsertionSortTest2"
"Inner Loop (Shifting Elements)1",0.000094,160,"./Code/main.cpp","InsertionSortTest2"
"Inner Loop (Shifting Elements)1",0.000092,160,"./Code/main.cpp","InsertionSortTest2"
"Inner Loop (Shifting Elements)1",0.000094,160,"./Code/main.cpp","InsertionSortTest2"
"Inner Loop (Shifting Elements)1",0.000094,160,"./Code/main.cpp","InsertionSortTest2"
"Inner Loop (Shifting Elements)1",0.000094,160,"./Code/main.cpp","InsertionSortTest2"
"Inner Loop (Shifting Elements)1",0.000091,160,"./Code/main.cpp","InsertionSortTest2"
"Inner Loop (Shifting Elements)1",0.000093,160,"./Code/main.cpp","InsertionSortTest2"
"Inner Loop (Shifting Elements)1",0.000091,160,"./Code/main.cpp","InsertionSortTest2"
"Inner Loop (Shifting Elements)1",0.000093,160,"./Code/main.cpp","InsertionSortTest2"
"Inner Loop (Shifting Elements)1",0.000091,160,"./Code/main.cpp","InsertionSortTest2"
"Inner Loop (Shifting Elements)1",0.000092,160,"./Code/main.cpp","InsertionSortTest2"
"Inner Loop (Shifting Elements)1",0.000094,160,"./Code/main.cpp","InsertionSortTest2"
"Inner Loop (Shifting Elements)1",0.000093,160,"./Code/main.cpp","InsertionSortTest2"
"Inner Loop (Shifting Elements)1",0.000093,160,"./Code/main.cpp","InsertionSortTest2"
"Inner Loop (Shifting Elements)1",0.000093,160,"./Code/main.cpp","InsertionSortTest2"
"Inner Loop (Shifting Elements)1",0.000134,160,"./Code/main.cpp","InsertionSortTest2"
"Inner Loop (Shifting Elements)1",0.000115,160,"./Code/main.cpp","InsertionSortTest2"
"Inner Loop (Shifting Elements)1",0.000132,160,"./Code/main.cpp","InsertionSortTest2"
"Inner Loop (Shifting Elements)1",0.000100,160,"./Code/main.cpp","InsertionSortTest2"
"Inner Loop (Shifting Elements)1",0.000098,160,"./Code/main.cpp","InsertionSortTest2"
"Inner Loop (Shifting Elements)1",0.000097,160,"./Code/main.cpp","InsertionSortTest2"
"Inner Loop (Shifting Elements)1",0.000090,160,"./Code/main.cpp","InsertionSortTest2"
"Inner Loop (Shifting Elements)1",0.000089,160,"./Code/main.cpp","InsertionSortTest2"
"Inner Loop (Shifting Elements)1",0.000092,160,"./Code/main.cpp","InsertionSortTest2"
"Inner Loop (Shifting Elements)1",0.000091,160,"./Code/main.cpp","InsertionSortTest2"
"Inner Loop (Shifting Elements)1",0.000091,160,"./Code/main.cpp","InsertionSortTest2"
"Inner Loop (Shifting Elements)1",0.000114,160,"./Code/main.cpp","InsertionSortTest2"
"Inner Loop (Shifting Elements)1",0.000090,160,"./Code/main.cpp","InsertionSortTest2"
"Key Assignment1",0.000092,167,"./Code/main.cpp","InsertionSortTest2"
"Outer Loop1",0.031665,169,"./Code/main.cpp","InsertionSortTest2"
"Inner Loop (Shifting Elements)1",0.000093,160,"./Code/main.cpp","InsertionSortTest2"
"Inner Loop (Shifting Elements)1",0.000093,160,"./Code/main.cpp","InsertionSortTest2"
"Inner Loop (Shifting Elements)1",0.000091,160,"./Code/main.cpp","InsertionSortTest2"
"Inner Loop (Shifting Elements)1",0.000093,160,"./Code/main.cpp","InsertionSortTest2"
"Inner Loop (Shifting Elements)1",0.000092,160,"./Code/main.cpp","InsertionSortTest2"
"Inner Loop (Shifting Elements)1",0.000094,160,"./Code/main.cpp","InsertionSortTest2"
"Inner Loop (Shifting Elements)1",0.000091,160,"./Code/main.cpp","InsertionSortTest2"
"Inner Loop (Shifting Elements)1",0.000089,160,"./Code/main.cpp","InsertionSortTest2"
"Inner Loop (Shifting Elements)1",0.000088,160,"./Code/main.cpp","InsertionSortTest2"
"Inner Loop (Shifting Elements)1",0.000091,160,"./Code/main.cpp","InsertionSortTest2"
"Inner Loop (Shifting Elements)1",0.000090,160,"./Code/main.cpp","InsertionSortTest2"
"Inner Loop (Shifting Elements)1",0.000090,160,"./Code/main.cpp","InsertionSortTest2"
"Inner Loop (Shifting Elements)1",0.000089,160,"./Code/main.cpp","InsertionSortTest2"
"Inner Loop (Shifting Elements)1",0.000089,160,"./Code/main.cpp","InsertionSortTest2"
"Inner Loop (Shifting Elements)1",0.000090,160,"./Code/main.cpp","InsertionSortTest2"
"Inner Loop (Shifting Elements)1",0.000093,160,"./Code/main.cpp","InsertionSortTest2"
"Inner Loop (Shifting Elements)1",0.000090,160,"./Code/main.cpp","InsertionSortTest2"
"Inner Loop (Shifting Elements)1",0.000093,160,"./Code/main.cpp","InsertionSortTest2"
"Inner Loop (Shifting Elements)1",0.000090,160,"./Code/main.cpp","InsertionSortTest2"
"Inner Loop (Shifting Elements)1",0.000092,160,"./Code/main.cpp","InsertionSortTest2"
"Inner Loop (Shifting Elements)1",0.000090,160,"./Code/main.cpp","InsertionSortTest2"
"Inner Loop (Shifting Elements)1",0.000093,160,"./Code/main.cpp","InsertionSortTest2"
"Inner Loop (Shifting Elements)1",0.000092,160,"./Code/main.cpp","InsertionSortTest2"
"Inner Loop (Shifting Elements)1",0.000117,160,"./Code/main.cpp","InsertionSortTest2"
"Inner Loop (Shifting Elements)1",0.000094,160,"./Code/main.cpp","InsertionSortTest2"
"Inner Loop (Shifting Elements)1",0.000093,160,"./Code/main.cpp","InsertionSortTest2"
"Inner Loop (Shifting Elements)1",0.000091,160,"./Code/main.cpp","InsertionSortTest2"
"Inner Loop (Shifting Elements)1",0.000093,160,"./Code/main.cpp","InsertionSortTest2"
"Inner Loop (Shifting Elements)1",0.000093,160,"./Code/main.cpp","InsertionSortTest2"
"Inner Loop (Shifting Elements)1",0.000092,160,"./Code/main.cpp","InsertionSortTest2"
"Inner Loop (Shifting Elements)1",0.000093,160,"./Code/main.cpp","InsertionSortTest2"
"Inner Loop (Shifting Elements)1",0.000092,160,"./Code/main.cpp","InsertionSortTest2"
"Inner Loop (Shifting Elements)1",0.000096,160,"./Code/main.cpp","InsertionSortTest2"
"Inner Loop (Shifting Elements)1",0.000093,160,"./Code/main.cpp","InsertionSortTest2"
"Inner Loop (Shifting Elements)1",0.000091,160,"./Code/main.cpp","InsertionSortTest2"
"Inner Loop (Shifting Elements)1",0.000091,160,"./Code/main.cpp","InsertionSortTest2"
"Inner Loop (Shifting Elements)1",0.000093,160,"./Code/main.cpp","InsertionSortTest2"
"Inner Loop (Shifting Elements)1",0.000092,160,"./Code/main.cpp","InsertionSortTest2"
"Inner Loop (Shifting Elements)1",0.000094,160,"./Code/main.cpp","InsertionSortTest2"
"Key Assignment1",0.000093,167,"./Code/main.cpp","InsertionSortTest2"
"Outer Loop1",0.016313,169,"./Code/main.cpp","InsertionSortTest2"
"Inner Loop (Shifting Elements)1",0.000089,160,"./Code/main.cpp","InsertionSortTest2"
"Inner Loop (Shifting Elements)1",0.000096,160,"./Code/main.cpp","InsertionSortTest2"
"Inner Loop (Shifting Elements)1",0.000093,160,"./Code/main.cpp","InsertionSortTest2"
"Inner Loop (Shifting Elements)1",0.000092,160,"./Code/main.cpp","InsertionSortTest2"
"Inner Loop (Shifting Elements)1",0.000092,160,"./Code/main.cpp","InsertionSortTest2"
"Inner Loop (Shifting Elements)1",0.000092,160,"./Code/main.cpp","InsertionSortTest2"
"Inner Loop (Shifting Elements)1",0.000094,160,"./Code/main.cpp","InsertionSortTest2"
"Inner Loop (Shifting Elements)1",0.000092,160,"./Code/main.cpp","InsertionSortTest2"
"Inner Loop (Shifting Elements)1",0.000092,160,"./Code/main.cpp","InsertionSortTest2"
"Inner Loop (Shifting Elements)1",0.000093,160,"./Code/main.cpp","InsertionSortTest2"
"Inner Loop (Shifting Elements)1",0.000091,160,"./Code/main.cpp","InsertionSortTest2"
"Inner Loop (Shifting Elements)1",0.000090,160,"./Code/main.cpp","InsertionSortTest2"
"Inner Loop (Shifting Elements)1",0.000092,160,"./Code/main.cpp","InsertionSortTest2"
"Inner Loop (Shifting Elements)1",0.000091,160,"./Code/main.cpp","InsertionSortTest2"
"Inner Loop (Shifting Elements)1",0.000093,160,"./Code/main.cpp","InsertionSortTest2"
"Inner Loop (Shifting Elements)1",0.000094,160,"./Code/main.cpp","InsertionSortTest2"
"Key Assignment1",0.000089,167,"./Code/main.cpp","InsertionSortTest2"
"Outer Loop1",0.007044,169,"./Code/main.cpp","InsertionSortTest2"
"Inner Loop (Shifting Elements)1",0.000091,160,"./Code/main.cpp","InsertionSortTest2"
"Inner Loop (Shifting Elements)1",0.000094,160,"./Code/main.cpp","InsertionSortTest2"
"Inner Loop (Shifting Elements)1",0.000091,160,"./Code/main.cpp","InsertionSortTest2"
"Inner Loop (Shifting Elements)1",0.000091,160,"./Code/main.cpp","InsertionSortTest2"
"Inner Loop (Shifting Elements)1",0.000092,160,"./Code/main.cpp","InsertionSortTest2"
"Inner Loop (Shifting Elements)1",0.000091,160,"./Code/main.cpp","InsertionSortTest2"
"Inner Loop (Shifting Elements)1",0.000094,160,"./Code/main.cpp","InsertionSortTest2"
"Inner Loop (Shifting Elements)1",0.000091,160,"./Code/main.cpp","InsertionSortTest2"
"Inner Loop (Shifting Elements)1",0.000093,160,"./Code/main.cpp","InsertionSortTest2"
"Inner Loop (Shifting Elements)1",0.000095,160,"./Code/main.cpp","InsertionSortTest2"
"Inner Loop (Shifting Elements)1",0.000094,160,"./Code/main.cpp","InsertionSortTest2"
"Inner Loop (Shifting Elements)1",0.000093,160,"./Code/main.cpp","InsertionSortTest2"
"Inner Loop (Shifting Elements)1",0.000140,160,"./Code/main.cpp","InsertionSortTest2"
"Inner Loop (Shifting Elements)1",0.000110,160,"./Code/main.cpp","InsertionSortTest2"
"Inner Loop (Shifting Elements)1",0.000106,160,"./Code/main.cpp","InsertionSortTest2"
"Inner Loop (Shifting Elements)1",0.000100,160,"./Code/main.cpp","InsertionSortTest2"
"Inner Loop (Shifting Elements)1",0.000096,160,"./Code/main.cpp","InsertionSortTest2"
"Inner Loop (Shifting Elements)1",0.000094,160,"./Code/main.cpp","InsertionSortTest2"
"Inner Loop (Shifting Elements)1",0.000111,160,"./Code/main.cpp","InsertionSortTest2"
"Inner Loop (Shifting Elements)1",0.000096,160,"./Code/main.cpp","InsertionSortTest2"
"Inner Loop (Shifting Elements)1",0.000121,160,"./Code/main.cpp","InsertionSortTest2"
"Inner Loop (Shifting Elements)1",0.000097,160,"./Code/main.cpp","InsertionSortTest2"
"Inner Loop (Shifting Elements)1",0.000093,160,"./Code/main.cpp","InsertionSortTest2"
"Inner Loop (Shifting Elements)1",0.000095,160,"./Code/main.cpp","InsertionSortTest2"
"Inner Loop (Shifting Elements)1",0.000092,160,"./Code/main.cpp","InsertionSortTest2"
"Inner Loop (Shifting Elements)1",0.000092,160,"./Code/main.cpp","InsertionSortTest2"
"Inner Loop (Shifting Elements)1",0.000092,160,"./Code/main.cpp","InsertionSortTest2"
"Inner Loop (Shifting Elements)1",0.000093,160,"./Code/main.cpp","InsertionSortTest2"
"Inner Loop (Shifting Elements)1",0.000095,160,"./Code/main.cpp","InsertionSortTest2"
"Inner Loop (Shifting Elements)1",0.000095,160,"./Code/main.cpp","InsertionSortTest2"
"Inner Loop (Shifting Elements)1",0.000096,160,"./Code/main.cpp","InsertionSortTest2"
"Inner Loop (Shifting Elements)1",0.000094,160,"./Code/main.cpp","InsertionSortTest2"
"Inner Loop (Shifting Elements)1",0.000093,160,"./Code/main.cpp","InsertionSortTest2"
"Inner Loop (Shifting Elements)1",0.000092,160,"./Code/main.cpp","InsertionSortTest2"
"Inner Loop (Shifting Elements)1",0.000091,160,"./Code/main.cpp","InsertionSortTest2"
"Inner Loop (Shifting Elements)1",0.000093,160,"./Code/main.cpp","InsertionSortTest2"
"Inner Loop (Shifting Elements)1",0.000093,160,"./Code/main.cpp","InsertionSortTest2"
"Inner Loop (Shifting Elements)1",0.000092,160,"./Code/main.cpp","InsertionSortTest2"
"Inner Loop (Shifting Elements)1",0.000090,160,"./Code/main.cpp","InsertionSortTest2"
"Inner Loop (Shifting Elements)1",0.000092,160,"./Code/main.cpp","InsertionSortTest2"
"Inner Loop (Shifting Elements)1",0.000093,160,"./Code/main.cpp","InsertionSortTest2"
"Inner Loop (Shifting Elements)1",0.000095,160,"./Code/main.cpp","InsertionSortTest2"
"Inner Loop (Shifting Elements)1",0.000095,160,"./Code/main.cpp","InsertionSortTest2"
"Inner Loop (Shifting Elements)1",0.000094,160,"./Code/main.cpp","InsertionSortTest2"
"Inner Loop (Shifting Elements)1",0.000095,160,"./Code/main.cpp","InsertionSortTest2"
"Inner Loop (Shifting Elements)1",0.000093,160,"./Code/main.cpp","InsertionSortTest2"
"Inner Loop (Shifting Elements)1",0.000093,160,"./Code/main.cpp","InsertionSortTest2"
"Inner Loop (Shifting Elements)1",0.000094,160,"./Code/main.cpp","InsertionSortTest2"
"Inner Loop (Shifting Elements)1",0.000093,160,"./Code/main.cpp","InsertionSortTest2"
"Inner Loop (Shifting Elements)1",0.000093,160,"./Code/main.cpp","InsertionSortTest2"
"Inner Loop (Shifting Elements)1",0.000091,160,"./Code/main.cpp","InsertionSortTest2"
"Inner Loop (Shifting Elements)1",0.000092,160,"./Code/main.cpp","InsertionSortTest2"
"Inner Loop (Shifting Elements)1",0.000093,160,"./Code/main.cpp","InsertionSortTest2"
"Inner Loop (Shifting Elements)1",0.000093,160,"./Code/main.cpp","InsertionSortTest2"
"Inner Loop (Shifting Elements)1",0.000092,160,"./Code/main.cpp","InsertionSortTest2"
"Inner Loop (Shifting Elements)1",0.000093,160,"./Code/main.cpp","InsertionSortTest2"
"Inner Loop (Shifting Elements)1",0.000091,160,"./Code/main.cpp","InsertionSortTest2"
"Inner Loop (Shifting Elements)1",0.000093,160,"./Code/main.cpp","InsertionSortTest2"
"Inner Loop (Shifting Elements)1",0.000093,160,"./Code/main.cpp","InsertionSortTest2"
"Inner Loop (Shifting Elements)1",0.000093,160,"./Code/main.cpp","InsertionSortTest2"
"Inner Loop (Shifting Elements)1",0.000095,160,"./Code/main.cpp","InsertionSortTest2"
"Inner Loop (Shifting Elements)1",0.000096,160,"./Code/main.cpp","InsertionSortTest2"
"Inner Loop (Shifting Elements)1",0.000093,160,"./Code/main.cpp","InsertionSortTest2"
"Inner Loop (Shifting Elements)1",0.000094,160,"./Code/main.cpp","InsertionSortTest2"
"Key Assignment1",0.000093,167,"./Code/main.cpp","InsertionSortTest2"
"Outer Loop1",0.042839,169,"./Code/main.cpp","InsertionSortTest2"
"Inner Loop (Shifting Elements)1",0.000094,160,"./Code/main.cpp","InsertionSortTest2"
"Inner Loop (Shifting Elements)1",0.000093,160,"./Code/main.cpp","InsertionSortTest2"
"Inner Loop (Shifting Elements)1",0.000093,160,"./Code/main.cpp","InsertionSortTest2"
"Inner Loop (Shifting Elements)1",0.000094,160,"./Code/main.cpp","InsertionSortTest2"
"Inner Loop (Shifting Elements)1",0.000095,160,"./Code/main.cpp","InsertionSortTest2"
"Inner Loop (Shifting Elements)1",0.000092,160,"./Code/main.cpp","InsertionSortTest2"
"Inner Loop (Shifting Elements)1",0.000095,160,"./Code/main.cpp","InsertionSortTest2"
"Inner Loop (Shifting Elements)1",0.000095,160,"./Code/main.cpp","InsertionSortTest2"
"Inner Loop (Shifting Elements)1",0.000091,160,"./Code/main.cpp","InsertionSortTest2"
"Inner Loop (Shifting Elements)1",0.000092,160,"./Code/main.cpp","InsertionSortTest2"
"Inner Loop (Shifting Elements)1",0.000093,160,"./Code/main.cpp","InsertionSortTest2"
"Inner Loop (Shifting Elements)1",0.000094,160,"./Code/main.cpp","InsertionSortTest2"
"Inner Loop (Shifting Elements)1",0.000097,160,"./Code/main.cpp","InsertionSortTest2"
"Inner Loop (Shifting Elements)1",0.000094,160,"./Code/main.cpp","InsertionSortTest2"
"Inner Loop (Shifting Elements)1",0.000094,160,"./Code/main.cpp","InsertionSortTest2"
"Inner Loop (Shifting Elements)1",0.000093,160,"./Code/main.cpp","InsertionSortTest2"
"Inner Loop (Shifting Elements)1",0.000093,160,"./Code/main.cpp","InsertionSortTest2"
"Inner Loop (Shifting Elements)1",0.000094,160,"./Code/main.cpp","InsertionSortTest2"
"Inner Loop (Shifting Elements)1",0.000096,160,"./Code/main.cpp","InsertionSortTest2"
"Inner Loop (Shifting Elements)1",0.000092,160,"./Code/main.cpp","InsertionSortTest2"
"Inner Loop (Shifting Elements)1",0.000096,160,"./Code/main.cpp","InsertionSortTest2"
"Inner Loop (Shifting Elements)1",0.000094,160,"./Code/main.cpp","InsertionSortTest2"
"Inner Loop (Shifting Elements)1",0.000095,160,"./Code/main.cpp","InsertionSortTest2"
"Inner Loop (Shifting Elements)1",0.000093,160,"./Code/main.cpp","InsertionSortTest2"
"Inner Loop (Shifting Elements)1",0.000094,160,"./Code/main.cpp","InsertionSortTest2"
"Inner Loop (Shifting Elements)1",0.000093,160,"./Code/main.cpp","InsertionSortTest2"
"Inner Loop (Shifting Elements)1",0.000093,160,"./Code/main.cpp","InsertionSortTest2"
"Inner Loop (Shifting Elements)1",0.000093,160,"./Code/main.cpp","InsertionSortTest2"
"Inner Loop (Shifting Elements)1",0.000093,160,"./Code/main.cpp","InsertionSortTest2"
"Inner Loop (Shifting Elements)1",0.000093,160,"./Code/main.cpp","InsertionSortTest2"
"Inner Loop (Shifting Elements)1",0.000094,160,"./Code/main.cpp","InsertionSortTest2"
"Inner Loop (Shifting Elements)1",0.000110,160,"./Code/main.cpp","InsertionSortTest2"
"Inner Loop (Shifting Elements)1",0.000109,160,"./Code/main.cpp","InsertionSortTest2"
"Inner Loop (Shifting Elements)1",0.000104,160,"./Code/main.cpp","InsertionSortTest2"
"Inner Loop (Shifting Elements)1",0.000099,160,"./Code/main.cpp","InsertionSortTest2"
"Inner Loop (Shifting Elements)1",0.000095,160,"./Code/main.cpp","InsertionSortTest2"
"Inner Loop (Shifting Elements)1",0.000096,160,"./Code/main.cpp","InsertionSortTest2"
"Inner Loop (Shifting Elements)1",0.000094,160,"./Code/main.cpp","InsertionSortTest2"
"Inner Loop (Shifting Elements)1",0.000092,160,"./Code/main.cpp","InsertionSortTest2"
"Inner Loop (Shifting Elements)1",0.000092,160,"./Code/main.cpp","InsertionSortTest2"
"Inner Loop (Shifting Elements)1",0.000093,160,"./Code/main.cpp","InsertionSortTest2"
"Inner Loop (Shifting Elements)1",0.000095,160,"./Code/main.cpp","InsertionSortTest2"
"Inner Loop (Shifting Elements)1",0.000093,160,"./Code/main.cpp","InsertionSortTest2"
"Inner Loop (Shifting Elements)1",0.000094,160,"./Code/main.cpp","InsertionSortTest2"
"Inner Loop (Shifting Elements)1",0.000092,160,"./Code/main.cpp","InsertionSortTest2"
"Inner Loop (Shifting Elements)1",0.000095,160,"./Code/main.cpp","InsertionSortTest2"
"Inner Loop (Shifting Elements)1",0.000094,160,"./Code/main.cpp","InsertionSortTest2"
"Inner Loop (Shifting Elements)1",0.000093,160,"./Code/main.cpp","InsertionSortTest2"
"Key Assignment1",0.000092,167,"./Code/main.cpp","InsertionSortTest2"
"Outer Loop1",0.031955,169,"./Code/main.cpp","InsertionSortTest2"
"Inner Loop (Shifting Elements)1",0.000091,160,"./Code/main.cpp","InsertionSortTest2"
"Inner Loop (Shifting Elements)1",0.000096,160,"./Code/main.cpp","InsertionSortTest2"
"Inner Loop (Shifting Elements)1",0.000095,160,"./Code/main.cpp","InsertionSortTest2"
"Inner Loop (Shifting Elements)1",0.000089,160,"./Code/main.cpp","InsertionSortTest2"
"Inner Loop (Shifting Elements)1",0.000091,160,"./Code/main.cpp","InsertionSortTest2"
"Inner Loop (Shifting Elements)1",0.000091,160,"./Code/main.cpp","InsertionSortTest2"
"Inner Loop (Shifting Elements)1",0.000092,160,"./Code/main.cpp","InsertionSortTest2"
"Inner Loop (Shifting Elements)1",0.000095,160,"./Code/main.cpp","InsertionSortTest2"
"Inner Loop (Shifting Elements)1",0.000092,160,"./Code/main.cpp","InsertionSortTest2"
"Inner Loop (Shifting Elements)1",0.000091,160,"./Code/main.cpp","InsertionSortTest2"
"Inner Loop (Shifting Elements)1",0.000092,160,"./Code/main.cpp","InsertionSortTest2"
"Inner Loop (Shifting Elements)1",0.000093,160,"./Code/main.cpp","InsertionSortTest2"
"Inner Loop (Shifting Elements)1",0.000090,160,"./Code/main.cpp","InsertionSortTest2"
"Inner Loop (Shifting Elements)1",0.000091,160,"./Code/main.cpp","InsertionSortTest2"
"Inner Loop (Shifting Elements)1",0.000092,160,"./Code/main.cpp","InsertionSortTest2"
"Inner Loop (Shifting Elements)1",0.000089,160,"./Code/main.cpp","InsertionSortTest2"
"Inner Loop (Shifting Elements)1",0.000090,160,"./Code/main.cpp","InsertionSortTest2"
"Inner Loop (Shifting Elements)1",0.000091,160,"./Code/main.cpp","InsertionSortTest2"
"Inner Loop (Shifting Elements)1",0.000093,160,"./Code/main.cpp","InsertionSortTest2"
"Inner Loop (Shifting Elements)1",0.000089,160,"./Code/main.cpp","InsertionSortTest2"
"Inner Loop (Shifting Elements)1",0.000093,160,"./Code/main.cpp","InsertionSortTest2"
"Inner Loop (Shifting Elements)1",0.000092,160,"./Code/main.cpp","InsertionSortTest2"
"Inner Loop (Shifting Elements)1",0.000088,160,"./Code/main.cpp","InsertionSortTest2"
"Inner Loop (Shifting Elements)1",0.000090,160,"./Code/main.cpp","InsertionSortTest2"
"Key Assignment1",0.000090,167,"./Code/main.cpp","InsertionSortTest2"
"Outer Loop1",0.010259,169,"./Code/main.cpp","InsertionSortTest2"
"Key Assignment1",0.000093,167,"./Code/main.cpp","InsertionSortTest2"
"Outer Loop1",0.000474,169,"./Code/main.cpp","InsertionSortTest2"
"Inner Loop (Shifting Elements)1",0.000090,160,"./Code/main.cpp","InsertionSortTest2"
"Inner Loop (Shifting Elements)1",0.000091,160,"./Code/main.cpp","InsertionSortTest2"
"Inner Loop (Shifting Elements)1",0.000094,160,"./Code/main.cpp","InsertionSortTest2"
"Inner Loop (Shifting Elements)1",0.000094,160,"./Code/main.cpp","InsertionSortTest2"
"Inner Loop (Shifting Elements)1",0.000094,160,"./Code/main.cpp","InsertionSortTest2"
"Inner Loop (Shifting Elements)1",0.000092,160,"./Code/main.cpp","InsertionSortTest2"
"Inner Loop (Shifting Elements)1",0.000093,160,"./Code/main.cpp","InsertionSortTest2"
"Inner Loop (Shifting Elements)1",0.000092,160,"./Code/main.cpp","InsertionSortTest2"
"Inner Loop (Shifting Elements)1",0.000093,160,"./Code/main.cpp","InsertionSortTest2"
"Inner Loop (Shifting Elements)1",0.000091,160,"./Code/main.cpp","InsertionSortTest2"
"Inner Loop (Shifting Elements)1",0.000093,160,"./Code/main.cpp","InsertionSortTest2"
"Inner Loop (Shifting Elements)1",0.000095,160,"./Code/main.cpp","InsertionSortTest2"
"Inner Loop (Shifting Elements)1",0.000097,160,"./Code/main.cpp","InsertionSortTest2"
"Inner Loop (Shifting Elements)1",0.000096,160,"./Code/main.cpp","InsertionSortTest2"
"Inner Loop (Shifting Elements)1",0.000093,160,"./Code/main.cpp","InsertionSortTest2"
"Inner Loop (Shifting Elements)1",0.000092,160,"./Code/main.cpp","InsertionSortTest2"
"Inner Loop (Shifting Elements)1",0.000094,160,"./Code/main.cpp","InsertionSortTest2"
"Inner Loop (Shifting Elements)1",0.000093,160,"./Code/main.cpp","InsertionSortTest2"
"Inner Loop (Shifting Elements)1",0.000092,160,"./Code/main.cpp","InsertionSortTest2"
"Inner Loop (Shifting Elements)1",0.000092,160,"./Code/main.cpp","InsertionSortTest2"
"Inner Loop (Shifting Elements)1",0.000092,160,"./Code/main.cpp","InsertionSortTest2"
"Inner Loop (Shifting Elements)1",0.000094,160,"./Code/main.cpp","InsertionSortTest2"
"Inner Loop (Shifting Elements)1",0.000095,160,"./Code/main.cpp","InsertionSortTest2"
"Inner Loop (Shifting Elements)1",0.000094,160,"./Code/main.cpp","InsertionSortTest2"
"Inner Loop (Shifting Elements)1",0.000093,160,"./Code/main.cpp","InsertionSortTest2"
"Inner Loop (Shifting Elements)1",0.000093,160,"./Code/main.cpp","InsertionSortTest2"
"Inner Loop (Shifting Elements)1",0.000093,160,"./Code/main.cpp","InsertionSortTest2"
"Inner Loop (Shifting Elements)1",0.000092,160,"./Code/main.cpp","InsertionSortTest2"
"Inner Loop (Shifting Elements)1",0.000092,160,"./Code/main.cpp","InsertionSortTest2"
"Inner Loop (Shifting Elements)1",0.000092,160,"./Code/main.cpp","InsertionSortTest2"
"Inner Loop (Shifting Elements)1",0.000094,160,"./Code/main.cpp","InsertionSortTest2"
"Inner Loop (Shifting Elements)1",0.000092,160,"./Code/main.cpp","InsertionSortTest2"
"Inner Loop (Shifting Elements)1",0.000091,160,"./Code/main.cpp","InsertionSortTest2"
"Inner Loop (Shifting Elements)1",0.000094,160,"./Code/main.cpp","InsertionSortTest2"
"Inner Loop (Shifting Elements)1",0.000092,160,"./Code/main.cpp","InsertionSortTest2"
"Inner Loop (Shifting Elements)1",0.000093,160,"./Code/main.cpp","InsertionSortTest2"
"Inner Loop (Shifting Elements)1",0.000092,160,"./Code/main.cpp","InsertionSortTest2"
"Inner Loop (Shifting Elements)1",0.000091,160,"./Code/main.cpp","InsertionSortTest2"
"Inner Loop (Shifting Elements)1",0.000109,160,"./Code/main.cpp","InsertionSortTest2"
"Inner Loop (Shifting Elements)1",0.000103,160,"./Code/main.cpp","InsertionSortTest2"
"Inner Loop (Shifting Elements)1",0.000107,160,"./Code/main.cpp","InsertionSortTest2"
"Inner Loop (Shifting Elements)1",0.000101,160,"./Code/main.cpp","InsertionSortTest2"
"Inner Loop (Shifting Elements)1",0.000094,160,"./Code/main.cpp","InsertionSortTest2"
"Inner Loop (Shifting Elements)1",0.000091,160,"./Code/main.cpp","InsertionSortTest2"
"Inner Loop (Shifting Elements)1",0.000121,160,"./Code/main.cpp","InsertionSortTest2"
"Inner Loop (Shifting Elements)1",0.000122,160,"./Code/main.cpp","InsertionSortTest2"
"Inner Loop (Shifting Elements)1",0.000097,160,"./Code/main.cpp","InsertionSortTest2"
"Inner Loop (Shifting Elements)1",0.000093,160,"./Code/main.cpp","InsertionSortTest2"
"Inner Loop (Shifting Elements)1",0.000096,160,"./Code/main.cpp","InsertionSortTest2"
"Inner Loop (Shifting Elements)1",0.000092,160,"./Code/main.cpp","InsertionSortTest2"
"Inner Loop (Shifting Elements)1",0.000093,160,"./Code/main.cpp","InsertionSortTest2"
"Inner Loop (Shifting Elements)1",0.000093,160,"./Code/main.cpp","InsertionSortTest2"
"Inner Loop (Shifting Elements)1",0.000092,160,"./Code/main.cpp","InsertionSortTest2"
"Inner Loop (Shifting Elements)1",0.000091,160,"./Code/main.cpp","InsertionSortTest2"
"Inner Loop (Shifting Elements)1",0.000092,160,"./Code/main.cpp","InsertionSortTest2"
"Inner Loop (Shifting Elements)1",0.000092,160,"./Code/main.cpp","InsertionSortTest2"
"Inner Loop (Shifting Elements)1",0.000094,160,"./Code/main.cpp","InsertionSortTest2"
"Inner Loop (Shifting Elements)1",0.000095,160,"./Code/main.cpp","InsertionSortTest2"
"Inner Loop (Shifting Elements)1",0.000093,160,"./Code/main.cpp","InsertionSortTest2"
"Key Assignment1",0.000092,167,"./Code/main.cpp","InsertionSortTest2"
"Outer Loop1",0.025961,169,"./Code/main.cpp","InsertionSortTest2"
"Inner Loop (Shifting Elements)1",0.000092,160,"./Code/main.cpp","InsertionSortTest2"
"Inner Loop (Shifting Elements)1",0.000091,160,"./Code/main.cpp","InsertionSortTest2"
"Inner Loop (Shifting Elements)1",0.000095,160,"./Code/main.cpp","InsertionSortTest2"
"Inner Loop (Shifting Elements)1",0.000092,160,"./Code/main.cpp","InsertionSortTest2"
"Inner Loop (Shifting Elements)1",0.000093,160,"./Code/main.cpp","InsertionSortTest2"
"Inner Loop (Shifting Elements)1",0.000092,160,"./Code/main.cpp","InsertionSortTest2"
"Inner Loop (Shifting Elements)1",0.000094,160,"./Code/main.cpp","InsertionSortTest2"
"Inner Loop (Shifting Elements)1",0.000093,160,"./Code/main.cpp","InsertionSortTest2"
"Inner Loop (Shifting Elements)1",0.000094,160,"./Code/main.cpp","InsertionSortTest2"
"Inner Loop (Shifting Elements)1",0.000093,160,"./Code/main.cpp","InsertionSortTest2"
"Inner Loop (Shifting Elements)1",0.000094,160,"./Code/main.cpp","InsertionSortTest2"
"Inner Loop (Shifting Elements)1",0.000093,160,"./Code/main.cpp","InsertionSortTest2"
"Inner Loop (Shifting Elements)1",0.000093,160,"./Code/main.cpp","InsertionSortTest2"
"Inner Loop (Shifting Elements)1",0.000094,160,"./Code/main.cpp","InsertionSortTest2"
"Inner Loop (Shifting Elements)1",0.000094,160,"./Code/main.cpp","InsertionSortTest2"
"Inner Loop (Shifting Elements)1",0.000092,160,"./Code/main.cpp","InsertionSortTest2"
"Inner Loop (Shifting Elements)1",0.000096,160,"./Code/main.cpp","InsertionSortTest2"
"Inner Loop (Shifting Elements)1",0.000093,160,"./Code/main.cpp","InsertionSortTest2"
"Inner Loop (Shifting Elements)1",0.000092,160,"./Code/main.cpp","InsertionSortTest2"
"Inner Loop (Shifting Elements)1",0.000092,160,"./Code/main.cpp","InsertionSortTest2"
"Inner Loop (Shifting Elements)1",0.000091,160,"./Code/main.cpp","InsertionSortTest2"
"Inner Loop (Shifting Elements)1",0.000093,160,"./Code/main.cpp","InsertionSortTest2"
"Inner Loop (Shifting Elements)1",0.000093,160,"./Code/main.cpp","InsertionSortTest2"
"Inner Loop (Shifting Elements)1",0.000092,160,"./Code/main.cpp","InsertionSortTest2"
"Inner Loop (Shifting Elements)1",0.000093,160,"./Code/main.cpp","InsertionSortTest2"
"Inner Loop (Shifting Elements)1",0.000121,160,"./Code/main.cpp","InsertionSortTest2"
"Inner Loop (Shifting Elements)1",0.000091,160,"./Code/main.cpp","InsertionSortTest2"
"Inner Loop (Shifting Elements)1",0.000094,160,"./Code/main.cpp","InsertionSortTest2"
"Inner Loop (Shifting Elements)1",0.000092,160,"./Code/main.cpp","InsertionSortTest2"
"Inner Loop (Shifting Elements)1",0.000093,160,"./Code/main.cpp","InsertionSortTest2"
"Inner Loop (Shifting Elements)1",0.000092,160,"./Code/main.cpp","InsertionSortTest2"
"Inner Loop (Shifting Elements)1",0.000091,160,"./Code/main.cpp","InsertionSortTest2"
"Inner Loop (Shifting Elements)1",0.000095,160,"./Code/main.cpp","InsertionSortTest2"
"Inner Loop (Shifting Elements)1",0.000092,160,"./Code/main.cpp","InsertionSortTest2"
"Key Assignment1",0.000090,167,"./Code/main.cpp","InsertionSortTest2"
"Outer Loop1",0.014409,169,"./Code/main.cpp","InsertionSortTest2"
"Inner Loop (Shifting Elements)1",0.000093,160,"./Code/main.cpp","InsertionSortTest2"
"Inner Loop (Shifting Elements)1",0.000092,160,"./Code/main.cpp","InsertionSortTest2"
"Inner Loop (Shifting Elements)1",0.000094,160,"./Code/main.cpp","InsertionSortTest2"
"Inner Loop (Shifting Elements)1",0.000093,160,"./Code/main.cpp","InsertionSortTest2"
"Inner Loop (Shifting Elements)1",0.000093,160,"./Code/main.cpp","InsertionSortTest2"
"Inner Loop (Shifting Elements)1",0.000093,160,"./Code/main.cpp","InsertionSortTest2"
"Inner Loop (Shifting Elements)1",0.000092,160,"./Code/main.cpp","InsertionSortTest2"
"Inner Loop (Shifting Elements)1",0.000092,160,"./Code/main.cpp","InsertionSortTest2"
"Key Assignment1",0.000093,167,"./Code/main.cpp","InsertionSortTest2"
"Outer Loop1",0.003731,169,"./Code/main.cpp","InsertionSortTest2"
"Inner Loop (Shifting Elements)1",0.000091,160,"./Code/main.cpp","InsertionSortTest2"
"Inner Loop (Shifting Elements)1",0.000094,160,"./Code/main.cpp","InsertionSortTest2"
"Inner Loop (Shifting Elements)1",0.000094,160,"./Code/main.cpp","InsertionSortTest2"
"Inner Loop (Shifting Elements)1",0.000093,160,"./Code/main.cpp","InsertionSortTest2"
"Inner Loop (Shifting Elements)1",0.000092,160,"./Code/main.cpp","InsertionSortTest2"
"Inner Loop (Shifting Elements)1",0.000092,160,"./Code/main.cpp","InsertionSortTest2"
"Inner Loop (Shifting Elements)1",0.000091,160,"./Code/main.cpp","InsertionSortTest2"
"Inner Loop (Shifting Elements)1",0.000092,160,"./Code/main.cpp","InsertionSortTest2"
"Inner Loop (Shifting Elements)1",0.000092,160,"./Code/main.cpp","InsertionSortTest2"
"Inner Loop (Shifting Elements)1",0.000093,160,"./Code/main.cpp","InsertionSortTest2"
"Inner Loop (Shifting Elements)1",0.000094,160,"./Code/main.cpp","InsertionSortTest2"
"Inner Loop (Shifting Elements)1",0.000093,160,"./Code/main.cpp","InsertionSortTest2"
"Inner Loop (Shifting Elements)1",0.000093,160,"./Code/main.cpp","InsertionSortTest2"
"Inner Loop (Shifting Elements)1",0.000093,160,"./Code/main.cpp","InsertionSortTest2"
"Inner Loop (Shifting Elements)1",0.000093,160,"./Code/main.cpp","InsertionSortTest2"
"Inner Loop (Shifting Elements)1",0.000092,160,"./Code/main.cpp","InsertionSortTest2"
"Inner Loop (Shifting Elements)1",0.000092,160,"./Code/main.cpp","InsertionSortTest2"
"Inner Loop (Shifting Elements)1",0.000143,160,"./Code/main.cpp","InsertionSortTest2"
"Inner Loop (Shifting Elements)1",0.000112,160,"./Code/main.cpp","InsertionSortTest2"
"Inner Loop (Shifting Elements)1",0.000129,160,"./Code/main.cpp","InsertionSortTest2"
"Inner Loop (Shifting Elements)1",0.000125,160,"./Code/main.cpp","InsertionSortTest2"
"Inner Loop (Shifting Elements)1",0.000127,160,"./Code/main.cpp","InsertionSortTest2"
"Inner Loop (Shifting Elements)1",0.000094,160,"./Code/main.cpp","InsertionSortTest2"
"Inner Loop (Shifting Elements)1",0.000093,160,"./Code/main.cpp","InsertionSortTest2"
"Inner Loop (Shifting Elements)1",0.000092,160,"./Code/main.cpp","InsertionSortTest2"
"Inner Loop (Shifting Elements)1",0.000094,160,"./Code/main.cpp","InsertionSortTest2"
"Inner Loop (Shifting Elements)1",0.000094,160,"./Code/main.cpp","InsertionSortTest2"
"Inner Loop (Shifting Elements)1",0.000093,160,"./Code/main.cpp","InsertionSortTest2"
"Inner Loop (Shifting Elements)1",0.000095,160,"./Code/main.cpp","InsertionSortTest2"
"Inner Loop (Shifting Elements)1",0.000094,160,"./Code/main.cpp","InsertionSortTest2"
"Inner Loop (Shifting Elements)1",0.000092,160,"./Code/main.cpp","InsertionSortTest2"
"Inner Loop (Shifting Elements)1",0.000091,160,"./Code/main.cpp","InsertionSortTest2"
"Inner Loop (Shifting Elements)1",0.000102,160,"./Code/main.cpp","InsertionSortTest2"
"Inner Loop (Shifting Elements)1",0.000092,160,"./Code/main.cpp","InsertionSortTest2"
"Inner Loop (Shifting Elements)1",0.000093,160,"./Code/main.cpp","InsertionSortTest2"
"Inner Loop (Shifting Elements)1",0.000094,160,"./Code/main.cpp","InsertionSortTest2"
"Inner Loop (Shifting Elements)1",0.000093,160,"./Code/main.cpp","InsertionSortTest2"
"Inner Loop (Shifting Elements)1",0.000094,160,"./Code/main.cpp","InsertionSortTest2"
"Inner Loop (Shifting Elements)1",0.000122,160,"./Code/main.cpp","InsertionSortTest2"
"Inner Loop (Shifting Elements)1",0.000095,160,"./Code/main.cpp","InsertionSortTest2"
"Inner Loop (Shifting Elements)1",0.000092,160,"./Code/main.cpp","InsertionSortTest2"
"Inner Loop (Shifting Elements)1",0.000094,160,"./Code/main.cpp","InsertionSortTest2"
"Inner Loop (Shifting Elements)1",0.000094,160,"./Code/main.cpp","InsertionSortTest2"
"Inner Loop (Shifting Elements)1",0.000092,160,"./Code/main.cpp","InsertionSortTest2"
"Inner Loop (Shifting Elements)1",0.000093,160,"./Code/main.cpp","InsertionSortTest2"
"Inner Loop (Shifting Elements)1",0.000093,160,"./Code/main.cpp","InsertionSortTest2"
"Inner Loop (Shifting Elements)1",0.000091,160,"./Code/main.cpp","InsertionSortTest2"
"Inner Loop (Shifting Elements)1",0.000091,160,"./Code/main.cpp","InsertionSortTest2"
"Inner Loop (Shifting Elements)1",0.000092,160,"./Code/main.cpp","InsertionSortTest2"
"Inner Loop (Shifting Elements)1",0.000091,160,"./Code/main.cpp","InsertionSortTest2"
"Inner Loop (Shifting Elements)1",0.000093,160,"./Code/main.cpp","InsertionSortTest2"
"Inner Loop (Shifting Elements)1",0.000091,160,"./Code/main.cpp","InsertionSortTest2"
"Inner Loop (Shifting Elements)1",0.000093,160,"./Code/main.cpp","InsertionSortTest2"
"Inner Loop (Shifting Elements)1",0.000093,160,"./Code/main.cpp","InsertionSortTest2"
"Inner Loop (Shifting Elements)1",0.000094,160,"./Code/main.cpp","InsertionSortTest2"
"Inner Loop (Shifting Elements)1",0.000094,160,"./Code/main.cpp","InsertionSortTest2"
"Inner Loop (Shifting Elements)1",0.000090,160,"./Code/main.cpp","InsertionSortTest2"
"Inner Loop (Shifting Elements)1",0.000094,160,"./Code/main.cpp","InsertionSortTest2"
"Inner Loop (Shifting Elements)1",0.000092,160,"./Code/main.cpp","InsertionSortTest2"
"Inner Loop (Shifting Elements)1",0.000093,160,"./Code/main.cpp","InsertionSortTest2"
"Inner Loop (Shifting Elements)1",0.000092,160,"./Code/main.cpp","InsertionSortTest2"
"Inner Loop (Shifting Elements)1",0.000095,160,"./Code/main.cpp","InsertionSortTest2"
"Inner Loop (Shifting Elements)1",0.000094,160,"./Code/main.cpp","InsertionSortTest2"
"Inner Loop (Shifting Elements)1",0.000091,160,"./Code/main.cpp","InsertionSortTest2"
"Inner Loop (Shifting Elements)1",0.000094,160,"./Code/main.cpp","InsertionSortTest2"
"Inner Loop (Shifting Elements)1",0.000092,160,"./Code/main.cpp","InsertionSortTest2"
"Inner Loop (Shifting Elements)1",0.000091,160,"./Code/main.cpp","InsertionSortTest2"
"Inner Loop (Shifting Elements)1",0.000092,160,"./Code/main.cpp","InsertionSortTest2"
"Inner Loop (Shifting Elements)1",0.000092,160,"./Code/main.cpp","InsertionSortTest2"
"Inner Loop (Shifting Elements)1",0.000093,160,"./Code/main.cpp","InsertionSortTest2"
"Inner Loop (Shifting Elements)1",0.000092,160,"./Code/main.cpp","InsertionSortTest2"
"Inner Loop (Shifting Elements)1",0.000092,160,"./Code/main.cpp","InsertionSortTest2"
"Inner Loop (Shifting Elements)1",0.000092,160,"./Code/main.cpp","InsertionSortTest2"
"Inner Loop (Shifting Elements)1",0.000093,160,"./Code/main.cpp","InsertionSortTest2"
"Inner Loop (Shifting Elements)1",0.000094,160,"./Code/main.cpp","InsertionSortTest2"
"Inner Loop (Shifting Elements)1",0.000094,160,"./Code/main.cpp","InsertionSortTest2"
"Inner Loop (Shifting Elements)1",0.000094,160,"./Code/main.cpp","InsertionSortTest2"
"Inner Loop (Shifting Elements)1",0.000091,160,"./Code/main.cpp","InsertionSortTest2"
"Inner Loop (Shifting Elements)1",0.000095,160,"./Code/main.cpp","InsertionSortTest2"
"Inner Loop (Shifting Elements)1",0.000094,160,"./Code/main.cpp","InsertionSortTest2"
"Inner Loop (Shifting Elements)1",0.000095,160,"./Code/main.cpp","InsertionSortTest2"
"Inner Loop (Shifting Elements)1",0.000095,160,"./Code/main.cpp","InsertionSortTest2"
"Key Assignment1",0.000095,167,"./Code/main.cpp","InsertionSortTest2"
"Outer Loop1",0.035989,169,"./Code/main.cpp","InsertionSortTest2"
"Inner Loop (Shifting Elements)1",0.000093,160,"./Code/main.cpp","InsertionSortTest2"
"Inner Loop (Shifting Elements)1",0.000089,160,"./Code/main.cpp","InsertionSortTest2"
"Inner Loop (Shifting Elements)1",0.000094,160,"./Code/main.cpp","InsertionSortTest2"
"Inner Loop (Shifting Elements)1",0.000093,160,"./Code/main.cpp","InsertionSortTest2"
"Inner Loop (Shifting Elements)1",0.000093,160,"./Code/main.cpp","InsertionSortTest2"
"Inner Loop (Shifting Elements)1",0.000094,160,"./Code/main.cpp","InsertionSortTest2"
"Inner Loop (Shifting Elements)1",0.000094,160,"./Code/main.cpp","InsertionSortTest2"
"Inner Loop (Shifting Elements)1",0.000093,160,"./Code/main.cpp","InsertionSortTest2"
"Inner Loop (Shifting Elements)1",0.000092,160,"./Code/main.cpp","InsertionSortTest2"
"Inner Loop (Shifting Elements)1",0.000092,160,"./Code/main.cpp","InsertionSortTest2"
"Inner Loop (Shifting Elements)1",0.000092,160,"./Code/main.cpp","InsertionSortTest2"
"Inner Loop (Shifting Elements)1",0.000094,160,"./Code/main.cpp","InsertionSortTest2"
"Inner Loop (Shifting Elements)1",0.000091,160,"./Code/main.cpp","InsertionSortTest2"
"Inner Loop (Shifting Elements)1",0.000090,160,"./Code/main.cpp","InsertionSortTest2"
"Inner Loop (Shifting Elements)1",0.000090,160,"./Code/main.cpp","InsertionSortTest2"
"Inner Loop (Shifting Elements)1",0.000092,160,"./Code/main.cpp","InsertionSortTest2"
"Inner Loop (Shifting Elements)1",0.000092,160,"./Code/main.cpp","InsertionSortTest2"
"Inner Loop (Shifting Elements)1",0.000091,160,"./Code/main.cpp","InsertionSortTest2"
"Inner Loop (Shifting Elements)1",0.000108,160,"./Code/main.cpp","InsertionSortTest2"
"Inner Loop (Shifting Elements)1",0.000110,160,"./Code/main.cpp","InsertionSortTest2"
"Inner Loop (Shifting Elements)1",0.000109,160,"./Code/main.cpp","InsertionSortTest2"
"Inner Loop (Shifting Elements)1",0.000101,160,"./Code/main.cpp","InsertionSortTest2"
"Inner Loop (Shifting Elements)1",0.000098,160,"./Code/main.cpp","InsertionSortTest2"
"Inner Loop (Shifting Elements)1",0.000094,160,"./Code/main.cpp","InsertionSortTest2"
"Inner Loop (Shifting Elements)1",0.000097,160,"./Code/main.cpp","InsertionSortTest2"
"Inner Loop (Shifting Elements)1",0.000096,160,"./Code/main.cpp","InsertionSortTest2"
"Inner Loop (Shifting Elements)1",0.000095,160,"./Code/main.cpp","InsertionSortTest2"
"Inner Loop (Shifting Elements)1",0.000096,160,"./Code/main.cpp","InsertionSortTest2"
"Inner Loop (Shifting Elements)1",0.000095,160,"./Code/main.cpp","InsertionSortTest2"
"Inner Loop (Shifting Elements)1",0.000096,160,"./Code/main.cpp","InsertionSortTest2"
"Inner Loop (Shifting Elements)1",0.000096,160,"./Code/main.cpp","InsertionSortTest2"
"Inner Loop (Shifting Elements)1",0.000098,160,"./Code/main.cpp","InsertionSortTest2"
"Inner Loop (Shifting Elements)1",0.000092,160,"./Code/main.cpp","InsertionSortTest2"
"Inner Loop (Shifting Elements)1",0.000093,160,"./Code/main.cpp","InsertionSortTest2"
"Inner Loop (Shifting Elements)1",0.000093,160,"./Code/main.cpp","InsertionSortTest2"
"Inner Loop (Shifting Elements)1",0.000093,160,"./Code/main.cpp","InsertionSortTest2"
"Inner Loop (Shifting Elements)1",0.000092,160,"./Code/main.cpp","InsertionSortTest2"
"Inner Loop (Shifting Elements)1",0.000092,160,"./Code/main.cpp","InsertionSortTest2"
"Inner Loop (Shifting Elements)1",0.000090,160,"./Code/main.cpp","InsertionSortTest2"
"Inner Loop (Shifting Elements)1",0.000093,160,"./Code/main.cpp","InsertionSortTest2"
"Inner Loop (Shifting Elements)1",0.000093,160,"./Code/main.cpp","InsertionSortTest2"
"Inner Loop (Shifting Elements)1",0.000118,160,"./Code/main.cpp","InsertionSortTest2"
"Inner Loop (Shifting Elements)1",0.000093,160,"./Code/main.cpp","InsertionSortTest2"
"Inner Loop (Shifting Elements)1",0.000093,160,"./Code/main.cpp","InsertionSortTest2"
"Key Assignment1",0.000090,167,"./Code/main.cpp","InsertionSortTest2"
"Outer Loop1",0.031461,169,"./Code/main.cpp","InsertionSortTest2"
"Inner Loop (Shifting Elements)1",0.000094,160,"./Code/main.cpp","InsertionSortTest2"
"Inner Loop (Shifting Elements)1",0.000093,160,"./Code/main.cpp","InsertionSortTest2"
"Inner Loop (Shifting Elements)1",0.000092,160,"./Code/main.cpp","InsertionSortTest2"
"Inner Loop (Shifting Elements)1",0.000092,160,"./Code/main.cpp","InsertionSortTest2"
"Inner Loop (Shifting Elements)1",0.000091,160,"./Code/main.cpp","InsertionSortTest2"
"Inner Loop (Shifting Elements)1",0.000092,160,"./Code/main.cpp","InsertionSortTest2"
"Inner Loop (Shifting Elements)1",0.000092,160,"./Code/main.cpp","InsertionSortTest2"
"Inner Loop (Shifting Elements)1",0.000091,160,"./Code/main.cpp","InsertionSortTest2"
"Inner Loop (Shifting Elements)1",0.000092,160,"./Code/main.cpp","InsertionSortTest2"
"Inner Loop (Shifting Elements)1",0.000092,160,"./Code/main.cpp","InsertionSortTest2"
"Inner Loop (Shifting Elements)1",0.000094,160,"./Code/main.cpp","InsertionSortTest2"
"Inner Loop (Shifting Elements)1",0.000092,160,"./Code/main.cpp","InsertionSortTest2"
"Inner Loop (Shifting Elements)1",0.000094,160,"./Code/main.cpp","InsertionSortTest2"
"Inner Loop (Shifting Elements)1",0.000091,160,"./Code/main.cpp","InsertionSortTest2"
"Inner Loop (Shifting Elements)1",0.000094,160,"./Code/main.cpp","InsertionSortTest2"
"Inner Loop (Shifting Elements)1",0.000091,160,"./Code/main.cpp","InsertionSortTest2"
"Inner Loop (Shifting Elements)1",0.000092,160,"./Code/main.cpp","InsertionSortTest2"
"Inner Loop (Shifting Elements)1",0.000093,160,"./Code/main.cpp","InsertionSortTest2"
"Key Assignment1",0.000092,167,"./Code/main.cpp","InsertionSortTest2"
"Outer Loop1",0.007818,169,"./Code/main.cpp","InsertionSortTest2"
"Inner Loop (Shifting Elements)1",0.000092,160,"./Code/main.cpp","InsertionSortTest2"
"Inner Loop (Shifting Elements)1",0.000093,160,"./Code/main.cpp","InsertionSortTest2"
"Inner Loop (Shifting Elements)1",0.000092,160,"./Code/main.cpp","InsertionSortTest2"
"Inner Loop (Shifting Elements)1",0.000092,160,"./Code/main.cpp","InsertionSortTest2"
"Inner Loop (Shifting Elements)1",0.000093,160,"./Code/main.cpp","InsertionSortTest2"
"Inner Loop (Shifting Elements)1",0.000094,160,"./Code/main.cpp","InsertionSortTest2"
"Inner Loop (Shifting Elements)1",0.000093,160,"./Code/main.cpp","InsertionSortTest2"
"Inner Loop (Shifting Elements)1",0.000092,160,"./Code/main.cpp","InsertionSortTest2"
"Inner Loop (Shifting Elements)1",0.000094,160,"./Code/main.cpp","InsertionSortTest2"
"Inner Loop (Shifting Elements)1",0.000095,160,"./Code/main.cpp","InsertionSortTest2"
"Inner Loop (Shifting Elements)1",0.000092,160,"./Code/main.cpp","InsertionSortTest2"
"Inner Loop (Shifting Elements)1",0.000095,160,"./Code/main.cpp","InsertionSortTest2"
"Inner Loop (Shifting Elements)1",0.000094,160,"./Code/main.cpp","InsertionSortTest2"
"Inner Loop (Shifting Elements)1",0.000091,160,"./Code/main.cpp","InsertionSortTest2"
"Inner Loop (Shifting Elements)1",0.000092,160,"./Code/main.cpp","InsertionSortTest2"
"Inner Loop (Shifting Elements)1",0.000094,160,"./Code/main.cpp","InsertionSortTest2"
"Inner Loop (Shifting Elements)1",0.000093,160,"./Code/main.cpp","InsertionSortTest2"
"Inner Loop (Shifting Elements)1",0.000092,160,"./Code/main.cpp","InsertionSortTest2"
"Inner Loop (Shifting Elements)1",0.000095,160,"./Code/main.cpp","InsertionSortTest2"
"Inner Loop (Shifting Elements)1",0.000093,160,"./Code/main.cpp","InsertionSortTest2"
"Inner Loop (Shifting Elements)1",0.000094,160,"./Code/main.cpp","InsertionSortTest2"
"Inner Loop (Shifting Elements)1",0.000093,160,"./Code/main.cpp","InsertionSortTest2"
"Inner Loop (Shifting Elements)1",0.000096,160,"./Code/main.cpp","InsertionSortTest2"
"Inner Loop (Shifting Elements)1",0.000094,160,"./Code/main.cpp","InsertionSortTest2"
"Inner Loop (Shifting Elements)1",0.000093,160,"./Code/main.cpp","InsertionSortTest2"
"Inner Loop (Shifting Elements)1",0.000093,160,"./Code/main.cpp","InsertionSortTest2"
"Inner Loop (Shifting Elements)1",0.000093,160,"./Code/main.cpp","InsertionSortTest2"
"Inner Loop (Shifting Elements)1",0.000091,160,"./Code/main.cpp","InsertionSortTest2"
"Inner Loop (Shifting Elements)1",0.000091,160,"./Code/main.cpp","InsertionSortTest2"
"Inner Loop (Shifting Elements)1",0.000090,160,"./Code/main.cpp","InsertionSortTest2"
"Inner Loop (Shifting Elements)1",0.000093,160,"./Code/main.cpp","InsertionSortTest2"
"Inner Loop (Shifting Elements)1",0.000093,160,"./Code/main.cpp","InsertionSortTest2"
"Inner Loop (Shifting Elements)1",0.000094,160,"./Code/main.cpp","InsertionSortTest2"
"Inner Loop (Shifting Elements)1",0.000095,160,"./Code/main.cpp","InsertionSortTest2"
"Inner Loop (Shifting Elements)1",0.000093,160,"./Code/main.cpp","InsertionSortTest2"
"Inner Loop (Shifting Elements)1",0.000091,160,"./Code/main.cpp","InsertionSortTest2"
"Inner Loop (Shifting Elements)1",0.000091,160,"./Code/main.cpp","InsertionSortTest2"
"Inner Loop (Shifting Elements)1",0.000107,160,"./Code/main.cpp","InsertionSortTest2"
"Inner Loop (Shifting Elements)1",0.000156,160,"./Code/main.cpp","InsertionSortTest2"
"Inner Loop (Shifting Elements)1",0.000108,160,"./Code/main.cpp","InsertionSortTest2"
"Inner Loop (Shifting Elements)1",0.000106,160,"./Code/main.cpp","InsertionSortTest2"
"Inner Loop (Shifting Elements)1",0.000099,160,"./Code/main.cpp","InsertionSortTest2"
"Inner Loop (Shifting Elements)1",0.000090,160,"./Code/main.cpp","InsertionSortTest2"
"Inner Loop (Shifting Elements)1",0.000091,160,"./Code/main.cpp","InsertionSortTest2"
"Inner Loop (Shifting Elements)1",0.000093,160,"./Code/main.cpp","InsertionSortTest2"
"Inner Loop (Shifting Elements)1",0.000093,160,"./Code/main.cpp","InsertionSortTest2"
"Inner Loop (Shifting Elements)1",0.000092,160,"./Code/main.cpp","InsertionSortTest2"
"Inner Loop (Shifting Elements)1",0.000114,160,"./Code/main.cpp","InsertionSortTest2"
"Inner Loop (Shifting Elements)1",0.000090,160,"./Code/main.cpp","InsertionSortTest2"
"Inner Loop (Shifting Elements)1",0.000088,160,"./Code/main.cpp","InsertionSortTest2"
"Inner Loop (Shifting Elements)1",0.000089,160,"./Code/main.cpp","InsertionSortTest2"
"Inner Loop (Shifting Elements)1",0.000090,160,"./Code/main.cpp","InsertionSortTest2"
"Inner Loop (Shifting Elements)1",0.000089,160,"./Code/main.cpp","InsertionSortTest2"
"Inner Loop (Shifting Elements)1",0.000088,160,"./Code/main.cpp","InsertionSortTest2"
"Inner Loop (Shifting Elements)1",0.000089,160,"./Code/main.cpp","InsertionSortTest2"
"Inner Loop (Shifting Elements)1",0.000092,160,"./Code/main.cpp","InsertionSortTest2"
"Inner Loop (Shifting Elements)1",0.000090,160,"./Code/main.cpp","InsertionSortTest2"
"Inner Loop (Shifting Elements)1",0.000089,160,"./Code/main.cpp","InsertionSortTest2"
"Inner Loop (Shifting Elements)1",0.000090,160,"./Code/main.cpp","InsertionSortTest2"
"Inner Loop (Shifting Elements)1",0.000092,160,"./Code/main.cpp","InsertionSortTest2"
"Inner Loop (Shifting Elements)1",0.000089,160,"./Code/main.cpp","InsertionSortTest2"
"Inner Loop (Shifting Elements)1",0.000089,160,"./Code/main.cpp","InsertionSortTest2"
"Inner Loop (Shifting Elements)1",0.000093,160,"./Code/main.cpp","InsertionSortTest2"
"Inner Loop (Shifting Elements)1",0.000093,160,"./Code/main.cpp","InsertionSortTest2"
"Inner Loop (Shifting Elements)1",0.000095,160,"./Code/main.cpp","InsertionSortTest2"
"Inner Loop (Shifting Elements)1",0.000096,160,"./Code/main.cpp","InsertionSortTest2"
"Inner Loop (Shifting Elements)1",0.000091,160,"./Code/main.cpp","InsertionSortTest2"
"Inner Loop (Shifting Elements)1",0.000094,160,"./Code/main.cpp","InsertionSortTest2"
"Inner Loop (Shifting Elements)1",0.000091,160,"./Code/main.cpp","InsertionSortTest2"
"Inner Loop (Shifting Elements)1",0.000095,160,"./Code/main.cpp","InsertionSortTest2"
"Inner Loop (Shifting Elements)1",0.000092,160,"./Code/main.cpp","InsertionSortTest2"
"Inner Loop (Shifting Elements)1",0.000094,160,"./Code/main.cpp","InsertionSortTest2"
"Key Assignment1",0.000091,167,"./Code/main.cpp","InsertionSortTest2"
"Outer Loop1",0.031279,169,"./Code/main.cpp","InsertionSortTest2"
"Inner Loop (Shifting Elements)1",0.000093,160,"./Code/main.cpp","InsertionSortTest2"
"Inner Loop (Shifting Elements)1",0.000092,160,"./Code/main.cpp","InsertionSortTest2"
"Inner Loop (Shifting Elements)1",0.000091,160,"./Code/main.cpp","InsertionSortTest2"
"Inner Loop (Shifting Elements)1",0.000092,160,"./Code/main.cpp","InsertionSortTest2"
"Inner Loop (Shifting Elements)1",0.000093,160,"./Code/main.cpp","InsertionSortTest2"
"Inner Loop (Shifting Elements)1",0.000092,160,"./Code/main.cpp","InsertionSortTest2"
"Inner Loop (Shifting Elements)1",0.000092,160,"./Code/main.cpp","InsertionSortTest2"
"Inner Loop (Shifting Elements)1",0.000090,160,"./Code/main.cpp","InsertionSortTest2"
"Inner Loop (Shifting Elements)1",0.000091,160,"./Code/main.cpp","InsertionSortTest2"
"Inner Loop (Shifting Elements)1",0.000093,160,"./Code/main.cpp","InsertionSortTest2"
"Inner Loop (Shifting Elements)1",0.000093,160,"./Code/main.cpp","InsertionSortTest2"
"Inner Loop (Shifting Elements)1",0.000091,160,"./Code/main.cpp","InsertionSortTest2"
"Inner Loop (Shifting Elements)1",0.000091,160,"./Code/main.cpp","InsertionSortTest2"
"Inner Loop (Shifting Elements)1",0.000090,160,"./Code/main.cpp","InsertionSortTest2"
"Inner Loop (Shifting Elements)1",0.000092,160,"./Code/main.cpp","InsertionSortTest2"
"Inner Loop (Shifting Elements)1",0.000092,160,"./Code/main.cpp","InsertionSortTest2"
"Inner Loop (Shifting Elements)1",0.000093,160,"./Code/main.cpp","InsertionSortTest2"
"Inner Loop (Shifting Elements)1",0.000093,160,"./Code/main.cpp","InsertionSortTest2"
"Inner Loop (Shifting Elements)1",0.000095,160,"./Code/main.cpp","InsertionSortTest2"
"Inner Loop (Shifting Elements)1",0.000094,160,"./Code/main.cpp","InsertionSortTest2"
"Inner Loop (Shifting Elements)1",0.000093,160,"./Code/main.cpp","InsertionSortTest2"
"Inner Loop (Shifting Elements)1",0.000090,160,"./Code/main.cpp","InsertionSortTest2"
"Inner Loop (Shifting Elements)1",0.000091,160,"./Code/main.cpp","InsertionSortTest2"
"Inner Loop (Shifting Elements)1",0.000094,160,"./Code/main.cpp","InsertionSortTest2"
"Inner Loop (Shifting Elements)1",0.000091,160,"./Code/main.cpp","InsertionSortTest2"
"Inner Loop (Shifting Elements)1",0.000094,160,"./Code/main.cpp","InsertionSortTest2"
"Inner Loop (Shifting Elements)1",0.000089,160,"./Code/main.cpp","InsertionSortTest2"
"Inner Loop (Shifting Elements)1",0.000094,160,"./Code/main.cpp","InsertionSortTest2"
"Inner Loop (Shifting Elements)1",0.000093,160,"./Code/main.cpp","InsertionSortTest2"
"Inner Loop (Shifting Elements)1",0.000091,160,"./Code/main.cpp","InsertionSortTest2"
"Inner Loop (Shifting Elements)1",0.000092,160,"./Code/main.cpp","InsertionSortTest2"
"Inner Loop (Shifting Elements)1",0.000093,160,"./Code/main.cpp","InsertionSortTest2"
"Inner Loop (Shifting Elements)1",0.000091,160,"./Code/main.cpp","InsertionSortTest2"
"Inner Loop (Shifting Elements)1",0.000093,160,"./Code/main.cpp","InsertionSortTest2"
"Inner Loop (Shifting Elements)1",0.000091,160,"./Code/main.cpp","InsertionSortTest2"
"Inner Loop (Shifting Elements)1",0.000091,160,"./Code/main.cpp","InsertionSortTest2"
"Inner Loop (Shifting Elements)1",0.000092,160,"./Code/main.cpp","InsertionSortTest2"
"Inner Loop (Shifting Elements)1",0.000089,160,"./Code/main.cpp","InsertionSortTest2"
"Inner Loop (Shifting Elements)1",0.000090,160,"./Code/main.cpp","InsertionSortTest2"
"Inner Loop (Shifting Elements)1",0.000092,160,"./Code/main.cpp","InsertionSortTest2"
"Inner Loop (Shifting Elements)1",0.000093,160,"./Code/main.cpp","InsertionSortTest2"
"Inner Loop (Shifting Elements)1",0.000092,160,"./Code/main.cpp","InsertionSortTest2"
"Inner Loop (Shifting Elements)1",0.000092,160,"./Code/main.cpp","InsertionSortTest2"
"Inner Loop (Shifting Elements)1",0.000090,160,"./Code/main.cpp","InsertionSortTest2"
"Inner Loop (Shifting Elements)1",0.000092,160,"./Code/main.cpp","InsertionSortTest2"
"Inner Loop (Shifting Elements)1",0.000092,160,"./Code/main.cpp","InsertionSortTest2"
"Inner Loop (Shifting Elements)1",0.000091,160,"./Code/main.cpp","InsertionSortTest2"
"Inner Loop (Shifting Elements)1",0.000094,160,"./Code/main.cpp","InsertionSortTest2"
"Inner Loop (Shifting Elements)1",0.000094,160,"./Code/main.cpp","InsertionSortTest2"
"Inner Loop (Shifting Elements)1",0.000151,160,"./Code/main.cpp","InsertionSortTest2"
"Inner Loop (Shifting Elements)1",0.000108,160,"./Code/main.cpp","InsertionSortTest2"
"Inner Loop (Shifting Elements)1",0.000107,160,"./Code/main.cpp","InsertionSortTest2"
"Inner Loop (Shifting Elements)1",0.000102,160,"./Code/main.cpp","InsertionSortTest2"
"Inner Loop (Shifting Elements)1",0.000098,160,"./Code/main.cpp","InsertionSortTest2"
"Key Assignment1",0.000132,167,"./Code/main.cpp","InsertionSortTest2"
"Outer Loop1",0.041320,169,"./Code/main.cpp","InsertionSortTest2"
"Inner Loop (Shifting Elements)1",0.000096,160,"./Code/main.cpp","InsertionSortTest2"
"Inner Loop (Shifting Elements)1",0.000096,160,"./Code/main.cpp","InsertionSortTest2"
"Inner Loop (Shifting Elements)1",0.000095,160,"./Code/main.cpp","InsertionSortTest2"
"Inner Loop (Shifting Elements)1",0.000095,160,"./Code/main.cpp","InsertionSortTest2"
"Inner Loop (Shifting Elements)1",0.000094,160,"./Code/main.cpp","InsertionSortTest2"
"Inner Loop (Shifting Elements)1",0.000096,160,"./Code/main.cpp","InsertionSortTest2"
"Inner Loop (Shifting Elements)1",0.000096,160,"./Code/main.cpp","InsertionSortTest2"
"Inner Loop (Shifting Elements)1",0.000096,160,"./Code/main.cpp","InsertionSortTest2"
"Inner Loop (Shifting Elements)1",0.000095,160,"./Code/main.cpp","InsertionSortTest2"
"Inner Loop (Shifting Elements)1",0.000095,160,"./Code/main.cpp","InsertionSortTest2"
"Inner Loop (Shifting Elements)1",0.000094,160,"./Code/main.cpp","InsertionSortTest2"
"Inner Loop (Shifting Elements)1",0.000095,160,"./Code/main.cpp","InsertionSortTest2"
"Inner Loop (Shifting Elements)1",0.000097,160,"./Code/main.cpp","InsertionSortTest2"
"Inner Loop (Shifting Elements)1",0.000096,160,"./Code/main.cpp","InsertionSortTest2"
"Inner Loop (Shifting Elements)1",0.000094,160,"./Code/main.cpp","InsertionSortTest2"
"Inner Loop (Shifting Elements)1",0.000096,160,"./Code/main.cpp","InsertionSortTest2"
"Inner Loop (Shifting Elements)1",0.000094,160,"./Code/main.cpp","InsertionSortTest2"
"Inner Loop (Shifting Elements)1",0.000094,160,"./Code/main.cpp","InsertionSortTest2"
"Inner Loop (Shifting Elements)1",0.000096,160,"./Code/main.cpp","InsertionSortTest2"
"Inner Loop (Shifting Elements)1",0.000094,160,"./Code/main.cpp","InsertionSortTest2"
"Inner Loop (Shifting Elements)1",0.000094,160,"./Code/main.cpp","InsertionSortTest2"
"Inner Loop (Shifting Elements)1",0.000095,160,"./Code/main.cpp","InsertionSortTest2"
"Inner Loop (Shifting Elements)1",0.000095,160,"./Code/main.cpp","InsertionSortTest2"
"Inner Loop (Shifting Elements)1",0.000122,160,"./Code/main.cpp","InsertionSortTest2"
"Inner Loop (Shifting Elements)1",0.000092,160,"./Code/main.cpp","InsertionSortTest2"
"Inner Loop (Shifting Elements)1",0.000095,160,"./Code/main.cpp","InsertionSortTest2"
"Inner Loop (Shifting Elements)1",0.000095,160,"./Code/main.cpp","InsertionSortTest2"
"Key Assignment1",0.000095,167,"./Code/main.cpp","InsertionSortTest2"
"Outer Loop1",0.011664,169,"./Code/main.cpp","InsertionSortTest2"
"Key Assignment1",0.000093,167,"./Code/main.cpp","InsertionSortTest2"
"Outer Loop1",0.000472,169,"./Code/main.cpp","InsertionSortTest2"
"Inner Loop (Shifting Elements)1",0.000096,160,"./Code/main.cpp","InsertionSortTest2"
"Inner Loop (Shifting Elements)1",0.000095,160,"./Code/main.cpp","InsertionSortTest2"
"Inner Loop (Shifting Elements)1",0.000094,160,"./Code/main.cpp","InsertionSortTest2"
"Inner Loop (Shifting Elements)1",0.000092,160,"./Code/main.cpp","InsertionSortTest2"
"Inner Loop (Shifting Elements)1",0.000093,160,"./Code/main.cpp","InsertionSortTest2"
"Inner Loop (Shifting Elements)1",0.000096,160,"./Code/main.cpp","InsertionSortTest2"
"Inner Loop (Shifting Elements)1",0.000097,160,"./Code/main.cpp","InsertionSortTest2"
"Inner Loop (Shifting Elements)1",0.000095,160,"./Code/main.cpp","InsertionSortTest2"
"Inner Loop (Shifting Elements)1",0.000093,160,"./Code/main.cpp","InsertionSortTest2"
"Inner Loop (Shifting Elements)1",0.000094,160,"./Code/main.cpp","InsertionSortTest2"
"Inner Loop (Shifting Elements)1",0.000095,160,"./Code/main.cpp","InsertionSortTest2"
"Inner Loop (Shifting Elements)1",0.000091,160,"./Code/main.cpp","InsertionSortTest2"
"Inner Loop (Shifting Elements)1",0.000094,160,"./Code/main.cpp","InsertionSortTest2"
"Inner Loop (Shifting Elements)1",0.000096,160,"./Code/main.cpp","InsertionSortTest2"
"Inner Loop (Shifting Elements)1",0.000094,160,"./Code/main.cpp","InsertionSortTest2"
"Inner Loop (Shifting Elements)1",0.000095,160,"./Code/main.cpp","InsertionSortTest2"
"Inner Loop (Shifting Elements)1",0.000093,160,"./Code/main.cpp","InsertionSortTest2"
"Inner Loop (Shifting Elements)1",0.000094,160,"./Code/main.cpp","InsertionSortTest2"
"Inner Loop (Shifting Elements)1",0.000092,160,"./Code/main.cpp","InsertionSortTest2"
"Inner Loop (Shifting Elements)1",0.000094,160,"./Code/main.cpp","InsertionSortTest2"
"Inner Loop (Shifting Elements)1",0.000093,160,"./Code/main.cpp","InsertionSortTest2"
"Inner Loop (Shifting Elements)1",0.000096,160,"./Code/main.cpp","InsertionSortTest2"
"Inner Loop (Shifting Elements)1",0.000095,160,"./Code/main.cpp","InsertionSortTest2"
"Inner Loop (Shifting Elements)1",0.000094,160,"./Code/main.cpp","InsertionSortTest2"
"Inner Loop (Shifting Elements)1",0.000093,160,"./Code/main.cpp","InsertionSortTest2"
"Inner Loop (Shifting Elements)1",0.000092,160,"./Code/main.cpp","InsertionSortTest2"
"Inner Loop (Shifting Elements)1",0.000093,160,"./Code/main.cpp","InsertionSortTest2"
"Inner Loop (Shifting Elements)1",0.000094,160,"./Code/main.cpp","InsertionSortTest2"
"Inner Loop (Shifting Elements)1",0.000094,160,"./Code/main.cpp","InsertionSortTest2"
"Inner Loop (Shifting Elements)1",0.000096,160,"./Code/main.cpp","InsertionSortTest2"
"Inner Loop (Shifting Elements)1",0.000093,160,"./Code/main.cpp","InsertionSortTest2"
"Inner Loop (Shifting Elements)1",0.000095,160,"./Code/main.cpp","InsertionSortTest2"
"Inner Loop (Shifting Elements)1",0.000095,160,"./Code/main.cpp","InsertionSortTest2"
"Inner Loop (Shifting Elements)1",0.000094,160,"./Code/main.cpp","InsertionSortTest2"
"Inner Loop (Shifting Elements)1",0.000093,160,"./Code/main.cpp","InsertionSortTest2"
"Inner Loop (Shifting Elements)1",0.000096,160,"./Code/main.cpp","InsertionSortTest2"
"Inner Loop (Shifting Elements)1",0.000093,160,"./Code/main.cpp","InsertionSortTest2"
"Inner Loop (Shifting Elements)1",0.000093,160,"./Code/main.cpp","InsertionSortTest2"
"Inner Loop (Shifting Elements)1",0.000094,160,"./Code/main.cpp","InsertionSortTest2"
"Inner Loop (Shifting Elements)1",0.000093,160,"./Code/main.cpp","InsertionSortTest2"
"Inner Loop (Shifting Elements)1",0.000092,160,"./Code/main.cpp","InsertionSortTest2"
"Inner Loop (Shifting Elements)1",0.000093,160,"./Code/main.cpp","InsertionSortTest2"
"Inner Loop (Shifting Elements)1",0.000093,160,"./Code/main.cpp","InsertionSortTest2"
"Inner Loop (Shifting Elements)1",0.000097,160,"./Code/main.cpp","InsertionSortTest2"
"Inner Loop (Shifting Elements)1",0.000095,160,"./Code/main.cpp","InsertionSortTest2"
"Inner Loop (Shifting Elements)1",0.000094,160,"./Code/main.cpp","InsertionSortTest2"
"Inner Loop (Shifting Elements)1",0.000093,160,"./Code/main.cpp","InsertionSortTest2"
"Inner Loop (Shifting Elements)1",0.000135,160,"./Code/main.cpp","InsertionSortTest2"
"Inner Loop (Shifting Elements)1",0.000123,160,"./Code/main.cpp","InsertionSortTest2"
"Inner Loop (Shifting Elements)1",0.000100,160,"./Code/main.cpp","InsertionSortTest2"
"Inner Loop (Shifting Elements)1",0.000110,160,"./Code/main.cpp","InsertionSortTest2"
"Inner Loop (Shifting Elements)1",0.000095,160,"./Code/main.cpp","InsertionSortTest2"
"Inner Loop (Shifting Elements)1",0.000098,160,"./Code/main.cpp","InsertionSortTest2"
"Inner Loop (Shifting Elements)1",0.000129,160,"./Code/main.cpp","InsertionSortTest2"
"Inner Loop (Shifting Elements)1",0.000096,160,"./Code/main.cpp","InsertionSortTest2"
"Inner Loop (Shifting Elements)1",0.000093,160,"./Code/main.cpp","InsertionSortTest2"
"Inner Loop (Shifting Elements)1",0.000091,160,"./Code/main.cpp","InsertionSortTest2"
"Inner Loop (Shifting Elements)1",0.000093,160,"./Code/main.cpp","InsertionSortTest2"
"Inner Loop (Shifting Elements)1",0.000093,160,"./Code/main.cpp","InsertionSortTest2"
"Inner Loop (Shifting Elements)1",0.000093,160,"./Code/main.cpp","InsertionSortTest2"
"Inner Loop (Shifting Elements)1",0.000091,160,"./Code/main.cpp","InsertionSortTest2"
"Inner Loop (Shifting Elements)1",0.000094,160,"./Code/main.cpp","InsertionSortTest2"
"Inner Loop (Shifting Elements)1",0.000093,160,"./Code/main.cpp","InsertionSortTest2"
"Inner Loop (Shifting Elements)1",0.000092,160,"./Code/main.cpp","InsertionSortTest2"
"Inner Loop (Shifting Elements)1",0.000092,160,"./Code/main.cpp","InsertionSortTest2"
"Inner Loop (Shifting Elements)1",0.000091,160,"./Code/main.cpp","InsertionSortTest2"
"Key Assignment1",0.000092,167,"./Code/main.cpp","InsertionSortTest2"
"Outer Loop1",0.028979,169,"./Code/main.cpp","InsertionSortTest2"
"Inner Loop (Shifting Elements)1",0.000091,160,"./Code/main.cpp","InsertionSortTest2"
"Inner Loop (Shifting Elements)1",0.000092,160,"./Code/main.cpp","InsertionSortTest2"
"Inner Loop (Shifting Elements)1",0.000093,160,"./Code/main.cpp","InsertionSortTest2"
"Inner Loop (Shifting Elements)1",0.000090,160,"./Code/main.cpp","InsertionSortTest2"
"Inner Loop (Shifting Elements)1",0.000093,160,"./Code/main.cpp","InsertionSortTest2"
"Inner Loop (Shifting Elements)1",0.000091,160,"./Code/main.cpp","InsertionSortTest2"
"Inner Loop (Shifting Elements)1",0.000090,160,"./Code/main.cpp","InsertionSortTest2"
"Inner Loop (Shifting Elements)1",0.000092,160,"./Code/main.cpp","InsertionSortTest2"
"Inner Loop (Shifting Elements)1",0.000092,160,"./Code/main.cpp","InsertionSortTest2"
"Inner Loop (Shifting Elements)1",0.000092,160,"./Code/main.cpp","InsertionSortTest2"
"Inner Loop (Shifting Elements)1",0.000091,160,"./Code/main.cpp","InsertionSortTest2"
"Inner Loop (Shifting Elements)1",0.000093,160,"./Code/main.cpp","InsertionSortTest2"
"Inner Loop (Shifting Elements)1",0.000094,160,"./Code/main.cpp","InsertionSortTest2"
"Inner Loop (Shifting Elements)1",0.000091,160,"./Code/main.cpp","InsertionSortTest2"
"Inner Loop (Shifting Elements)1",0.000090,160,"./Code/main.cpp","InsertionSortTest2"
"Inner Loop (Shifting Elements)1",0.000089,160,"./Code/main.cpp","InsertionSortTest2"
"Inner Loop (Shifting Elements)1",0.000091,160,"./Code/main.cpp","InsertionSortTest2"
"Inner Loop (Shifting Elements)1",0.000091,160,"./Code/main.cpp","InsertionSortTest2"
"Inner Loop (Shifting Elements)1",0.000091,160,"./Code/main.cpp","InsertionSortTest2"
"Inner Loop (Shifting Elements)1",0.000092,160,"./Code/main.cpp","InsertionSortTest2"
"Inner Loop (Shifting Elements)1",0.000090,160,"./Code/main.cpp","InsertionSortTest2"
"Inner Loop (Shifting Elements)1",0.000091,160,"./Code/main.cpp","InsertionSortTest2"
"Inner Loop (Shifting Elements)1",0.000089,160,"./Code/main.cpp","InsertionSortTest2"
"Inner Loop (Shifting Elements)1",0.000090,160,"./Code/main.cpp","InsertionSortTest2"
"Inner Loop (Shifting Elements)1",0.000092,160,"./Code/main.cpp","InsertionSortTest2"
"Inner Loop (Shifting Elements)1",0.000090,160,"./Code/main.cpp","InsertionSortTest2"
"Inner Loop (Shifting Elements)1",0.000092,160,"./Code/main.cpp","InsertionSortTest2"
"Inner Loop (Shifting Elements)1",0.000116,160,"./Code/main.cpp","InsertionSortTest2"
"Inner Loop (Shifting Elements)1",0.000090,160,"./Code/main.cpp","InsertionSortTest2"
"Inner Loop (Shifting Elements)1",0.000091,160,"./Code/main.cpp","InsertionSortTest2"
"Inner Loop (Shifting Elements)1",0.000090,160,"./Code/main.cpp","InsertionSortTest2"
"Inner Loop (Shifting Elements)1",0.000093,160,"./Code/main.cpp","InsertionSortTest2"
"Inner Loop (Shifting Elements)1",0.000094,160,"./Code/main.cpp","InsertionSortTest2"
"Inner Loop (Shifting Elements)1",0.000095,160,"./Code/main.cpp","InsertionSortTest2"
"Inner Loop (Shifting Elements)1",0.000092,160,"./Code/main.cpp","InsertionSortTest2"
"Inner Loop (Shifting Elements)1",0.000092,160,"./Code/main.cpp","InsertionSortTest2"
"Inner Loop (Shifting Elements)1",0.000094,160,"./Code/main.cpp","InsertionSortTest2"
"Inner Loop (Shifting Elements)1",0.000092,160,"./Code/main.cpp","InsertionSortTest2"
"Key Assignment1",0.000087,167,"./Code/main.cpp","InsertionSortTest2"
"Outer Loop1",0.016100,169,"./Code/main.cpp","InsertionSortTest2"
"Inner Loop (Shifting Elements)1",0.000089,160,"./Code/main.cpp","InsertionSortTest2"
"Inner Loop (Shifting Elements)1",0.000091,160,"./Code/main.cpp","InsertionSortTest2"
"Inner Loop (Shifting Elements)1",0.000092,160,"./Code/main.cpp","InsertionSortTest2"
"Inner Loop (Shifting Elements)1",0.000092,160,"./Code/main.cpp","InsertionSortTest2"
"Inner Loop (Shifting Elements)1",0.000094,160,"./Code/main.cpp","InsertionSortTest2"
"Inner Loop (Shifting Elements)1",0.000091,160,"./Code/main.cpp","InsertionSortTest2"
"Inner Loop (Shifting Elements)1",0.000094,160,"./Code/main.cpp","InsertionSortTest2"
"Inner Loop (Shifting Elements)1",0.000097,160,"./Code/main.cpp","InsertionSortTest2"
"Inner Loop (Shifting Elements)1",0.000097,160,"./Code/main.cpp","InsertionSortTest2"
"Key Assignment1",0.000092,167,"./Code/main.cpp","InsertionSortTest2"
"Outer Loop1",0.004180,169,"./Code/main.cpp","InsertionSortTest2"
"Inner Loop (Shifting Elements)1",0.000093,160,"./Code/main.cpp","InsertionSortTest2"
"Inner Loop (Shifting Elements)1",0.000092,160,"./Code/main.cpp","InsertionSortTest2"
"Inner Loop (Shifting Elements)1",0.000093,160,"./Code/main.cpp","InsertionSortTest2"
"Inner Loop (Shifting Elements)1",0.000095,160,"./Code/main.cpp","InsertionSortTest2"
"Inner Loop (Shifting Elements)1",0.000094,160,"./Code/main.cpp","InsertionSortTest2"
"Inner Loop (Shifting Elements)1",0.000093,160,"./Code/main.cpp","InsertionSortTest2"
"Inner Loop (Shifting Elements)1",0.000092,160,"./Code/main.cpp","InsertionSortTest2"
"Inner Loop (Shifting Elements)1",0.000092,160,"./Code/main.cpp","InsertionSortTest2"
"Inner Loop (Shifting Elements)1",0.000092,160,"./Code/main.cpp","InsertionSortTest2"
"Inner Loop (Shifting Elements)1",0.000093,160,"./Code/main.cpp","InsertionSortTest2"
"Inner Loop (Shifting Elements)1",0.000095,160,"./Code/main.cpp","InsertionSortTest2"
"Inner Loop (Shifting Elements)1",0.000094,160,"./Code/main.cpp","InsertionSortTest2"
"Inner Loop (Shifting Elements)1",0.000094,160,"./Code/main.cpp","InsertionSortTest2"
"Inner Loop (Shifting Elements)1",0.000133,160,"./Code/main.cpp","InsertionSortTest2"
"Inner Loop (Shifting Elements)1",0.000107,160,"./Code/main.cpp","InsertionSortTest2"
"Inner Loop (Shifting Elements)1",0.000105,160,"./Code/main.cpp","InsertionSortTest2"
"Inner Loop (Shifting Elements)1",0.000102,160,"./Code/main.cpp","InsertionSortTest2"
"Inner Loop (Shifting Elements)1",0.000098,160,"./Code/main.cpp","InsertionSortTest2"
"Inner Loop (Shifting Elements)1",0.000100,160,"./Code/main.cpp","InsertionSortTest2"
"Inner Loop (Shifting Elements)1",0.000109,160,"./Code/main.cpp","InsertionSortTest2"
"Inner Loop (Shifting Elements)1",0.000095,160,"./Code/main.cpp","InsertionSortTest2"
"Inner Loop (Shifting Elements)1",0.000109,160,"./Code/main.cpp","InsertionSortTest2"
"Inner Loop (Shifting Elements)1",0.000094,160,"./Code/main.cpp","InsertionSortTest2"
"Inner Loop (Shifting Elements)1",0.000091,160,"./Code/main.cpp","InsertionSortTest2"
"Inner Loop (Shifting Elements)1",0.000093,160,"./Code/main.cpp","InsertionSortTest2"
"Inner Loop (Shifting Elements)1",0.000094,160,"./Code/main.cpp","InsertionSortTest2"
"Inner Loop (Shifting Elements)1",0.000096,160,"./Code/main.cpp","InsertionSortTest2"
"Inner Loop (Shifting Elements)1",0.000092,160,"./Code/main.cpp","InsertionSortTest2"
"Inner Loop (Shifting Elements)1",0.000093,160,"./Code/main.cpp","InsertionSortTest2"
"Inner Loop (Shifting Elements)1",0.000091,160,"./Code/main.cpp","InsertionSortTest2"
"Inner Loop (Shifting Elements)1",0.000117,160,"./Code/main.cpp","InsertionSortTest2"
"Inner Loop (Shifting Elements)1",0.000090,160,"./Code/main.cpp","InsertionSortTest2"
"Inner Loop (Shifting Elements)1",0.000094,160,"./Code/main.cpp","InsertionSortTest2"
"Inner Loop (Shifting Elements)1",0.000094,160,"./Code/main.cpp","InsertionSortTest2"
"Inner Loop (Shifting Elements)1",0.000116,160,"./Code/main.cpp","InsertionSortTest2"
"Inner Loop (Shifting Elements)1",0.000091,160,"./Code/main.cpp","InsertionSortTest2"
"Inner Loop (Shifting Elements)1",0.000092,160,"./Code/main.cpp","InsertionSortTest2"
"Inner Loop (Shifting Elements)1",0.000094,160,"./Code/main.cpp","InsertionSortTest2"
"Inner Loop (Shifting Elements)1",0.000093,160,"./Code/main.cpp","InsertionSortTest2"
"Inner Loop (Shifting Elements)1",0.000091,160,"./Code/main.cpp","InsertionSortTest2"
"Inner Loop (Shifting Elements)1",0.000091,160,"./Code/main.cpp","InsertionSortTest2"
"Inner Loop (Shifting Elements)1",0.000091,160,"./Code/main.cpp","InsertionSortTest2"
"Inner Loop (Shifting Elements)1",0.000090,160,"./Code/main.cpp","InsertionSortTest2"
"Inner Loop (Shifting Elements)1",0.000093,160,"./Code/main.cpp","InsertionSortTest2"
"Inner Loop (Shifting Elements)1",0.000092,160,"./Code/main.cpp","InsertionSortTest2"
"Inner Loop (Shifting Elements)1",0.000093,160,"./Code/main.cpp","InsertionSortTest2"
"Inner Loop (Shifting Elements)1",0.000092,160,"./Code/main.cpp","InsertionSortTest2"
"Inner Loop (Shifting Elements)1",0.000094,160,"./Code/main.cpp","InsertionSortTest2"
"Inner Loop (Shifting Elements)1",0.000093,160,"./Code/main.cpp","InsertionSortTest2"
"Inner Loop (Shifting Elements)1",0.000091,160,"./Code/main.cpp","InsertionSortTest2"
"Inner Loop (Shifting Elements)1",0.000095,160,"./Code/main.cpp","InsertionSortTest2"
"Inner Loop (Shifting Elements)1",0.000094,160,"./Code/main.cpp","InsertionSortTest2"
"Inner Loop (Shifting Elements)1",0.000092,160,"./Code/main.cpp","InsertionSortTest2"
"Inner Loop (Shifting Elements)1",0.000091,160,"./Code/main.cpp","InsertionSortTest2"
"Inner Loop (Shifting Elements)1",0.000093,160,"./Code/main.cpp","InsertionSortTest2"
"Inner Loop (Shifting Elements)1",0.000091,160,"./Code/main.cpp","InsertionSortTest2"
"Inner Loop (Shifting Elements)1",0.000092,160,"./Code/main.cpp","InsertionSortTest2"
"Inner Loop (Shifting Elements)1",0.000091,160,"./Code/main.cpp","InsertionSortTest2"
"Inner Loop (Shifting Elements)1",0.000092,160,"./Code/main.cpp","InsertionSortTest2"
"Inner Loop (Shifting Elements)1",0.000088,160,"./Code/main.cpp","InsertionSortTest2"
"Inner Loop (Shifting Elements)1",0.000092,160,"./Code/main.cpp","InsertionSortTest2"
"Inner Loop (Shifting Elements)1",0.000092,160,"./Code/main.cpp","InsertionSortTest2"
"Inner Loop (Shifting Elements)1",0.000094,160,"./Code/main.cpp","InsertionSortTest2"
"Inner Loop (Shifting Elements)1",0.000091,160,"./Code/main.cpp","InsertionSortTest2"
"Inner Loop (Shifting Elements)1",0.000092,160,"./Code/main.cpp","InsertionSortTest2"
"Inner Loop (Shifting Elements)1",0.000090,160,"./Code/main.cpp","InsertionSortTest2"
"Inner Loop (Shifting Elements)1",0.000089,160,"./Code/main.cpp","InsertionSortTest2"
"Inner Loop (Shifting Elements)1",0.000092,160,"./Code/main.cpp","InsertionSortTest2"
"Inner Loop (Shifting Elements)1",0.000092,160,"./Code/main.cpp","InsertionSortTest2"
"Inner Loop (Shifting Elements)1",0.000092,160,"./Code/main.cpp","InsertionSortTest2"
"Inner Loop (Shifting Elements)1",0.000094,160,"./Code/main.cpp","InsertionSortTest2"
"Inner Loop (Shifting Elements)1",0.000093,160,"./Code/main.cpp","InsertionSortTest2"
"Inner Loop (Shifting Elements)1",0.000092,160,"./Code/main.cpp","InsertionSortTest2"
"Inner Loop (Shifting Elements)1",0.000091,160,"./Code/main.cpp","InsertionSortTest2"
"Inner Loop (Shifting Elements)1",0.000094,160,"./Code/main.cpp","InsertionSortTest2"
"Inner Loop (Shifting Elements)1",0.000093,160,"./Code/main.cpp","InsertionSortTest2"
"Inner Loop (Shifting Elements)1",0.000091,160,"./Code/main.cpp","InsertionSortTest2"
"Inner Loop (Shifting Elements)1",0.000089,160,"./Code/main.cpp","InsertionSortTest2"
"Inner Loop (Shifting Elements)1",0.000095,160,"./Code/main.cpp","InsertionSortTest2"
"Inner Loop (Shifting Elements)1",0.000092,160,"./Code/main.cpp","InsertionSortTest2"
"Inner Loop (Shifting Elements)1",0.000093,160,"./Code/main.cpp","InsertionSortTest2"
"Inner Loop (Shifting Elements)1",0.000094,160,"./Code/main.cpp","InsertionSortTest2"
"Inner Loop (Shifting Elements)1",0.000095,160,"./Code/main.cpp","InsertionSortTest2"
"Inner Loop (Shifting Elements)1",0.000094,160,"./Code/main.cpp","InsertionSortTest2"
"Inner Loop (Shifting Elements)1",0.000094,160,"./Code/main.cpp","InsertionSortTest2"
"Inner Loop (Shifting Elements)1",0.000090,160,"./Code/main.cpp","InsertionSortTest2"
"Inner Loop (Shifting Elements)1",0.000090,160,"./Code/main.cpp","InsertionSortTest2"
"Inner Loop (Shifting Elements)1",0.000091,160,"./Code/main.cpp","InsertionSortTest2"
"Inner Loop (Shifting Elements)1",0.000093,160,"./Code/main.cpp","InsertionSortTest2"
"Inner Loop (Shifting Elements)1",0.000093,160,"./Code/main.cpp","InsertionSortTest2"
"Inner Loop (Shifting Elements)1",0.000088,160,"./Code/main.cpp","InsertionSortTest2"
"Key Assignment1",0.000089,167,"./Code/main.cpp","InsertionSortTest2"
"Outer Loop1",0.051944,169,"./Code/main.cpp","InsertionSortTest2"
"Insertion Sort Test1",1.107732,172,"./Code/main.cpp","InsertionSortTest2"
"Inner Loop (Shifting Elements)2",0.000169,228,"./Code/main.cpp","InsertionSortTest2_Modified"
"Key Assignment2",0.000159,235,"./Code/main.cpp","InsertionSortTest2_Modified"
"Outer Loop2",0.006512,237,"./Code/main.cpp","InsertionSortTest2_Modified"
"Inner Loop (Shifting Elements)2",0.000096,228,"./Code/main.cpp","InsertionSortTest2_Modified"
"Key Assignment2",0.000096,235,"./Code/main.cpp","InsertionSortTest2_Modified"
"Outer Loop2",0.012676,237,"./Code/main.cpp","InsertionSortTest2_Modified"
"Inner Loop (Shifting Elements)2",0.000110,228,"./Code/main.cpp","InsertionSortTest2_Modified"
"Inner Loop (Shifting Elements)2",0.000107,228,"./Code/main.cpp","InsertionSortTest2_Modified"
"Inner Loop (Shifting Elements)2",0.000101,228,"./Code/main.cpp","InsertionSortTest2_Modified"
"Key Assignment2",0.000093,235,"./Code/main.cpp","InsertionSortTest2_Modified"
"Outer Loop2",0.002070,237,"./Code/main.cpp","InsertionSortTest2_Modified"
"Inner Loop (Shifting Elements)2",0.000091,228,"./Code/main.cpp","InsertionSortTest2_Modified"
"Key Assignment2",0.000092,235,"./Code/main.cpp","InsertionSortTest2_Modified"
"Outer Loop2",0.000886,237,"./Code/main.cpp","InsertionSortTest2_Modified"
"Inner Loop (Shifting Elements)2",0.000093,228,"./Code/main.cpp","InsertionSortTest2_Modified"
"Inner Loop (Shifting Elements)2",0.000092,228,"./Code/main.cpp","InsertionSortTest2_Modified"
"Inner Loop (Shifting Elements)2",0.000092,228,"./Code/main.cpp","InsertionSortTest2_Modified"
"Key Assignment2",0.000090,235,"./Code/main.cpp","InsertionSortTest2_Modified"
"Outer Loop2",0.001724,237,"./Code/main.cpp","InsertionSortTest2_Modified"
"Inner Loop (Shifting Elements)2",0.000091,228,"./Code/main.cpp","InsertionSortTest2_Modified"
"Key Assignment2",0.000120,235,"./Code/main.cpp","InsertionSortTest2_Modified"
"Outer Loop2",0.000914,237,"./Code/main.cpp","InsertionSortTest2_Modified"
"Inner Loop (Shifting Elements)2",0.000094,228,"./Code/main.cpp","InsertionSortTest2_Modified"
"Inner Loop (Shifting Elements)2",0.000090,228,"./Code/main.cpp","InsertionSortTest2_Modified"
"Inner Loop (Shifting Elements)2",0.000094,228,"./Code/main.cpp","InsertionSortTest2_Modified"
"Inner Loop (Shifting Elements)2",0.000097,228,"./Code/main.cpp","InsertionSortTest2_Modified"
"Inner Loop (Shifting Elements)2",0.000094,228,"./Code/main.cpp","InsertionSortTest2_Modified"
"Inner Loop (Shifting Elements)2",0.000091,228,"./Code/main.cpp","InsertionSortTest2_Modified"
"Inner Loop (Shifting Elements)2",0.000093,228,"./Code/main.cpp","InsertionSortTest2_Modified"
"Key Assignment2",0.000090,235,"./Code/main.cpp","InsertionSortTest2_Modified"
"Outer Loop2",0.003332,237,"./Code/main.cpp","InsertionSortTest2_Modified"
"Inner Loop (Shifting Elements)2",0.000092,228,"./Code/main.cpp","InsertionSortTest2_Modified"
"Inner Loop (Shifting Elements)2",0.000092,228,"./Code/main.cpp","InsertionSortTest2_Modified"
"Inner Loop (Shifting Elements)2",0.000093,228,"./Code/main.cpp","InsertionSortTest2_Modified"
"Inner Loop (Shifting Elements)2",0.000094,228,"./Code/main.cpp","InsertionSortTest2_Modified"
"Key Assignment2",0.000091,235,"./Code/main.cpp","InsertionSortTest2_Modified"
"Outer Loop2",0.002096,237,"./Code/main.cpp","InsertionSortTest2_Modified"
"Inner Loop (Shifting Elements)2",0.000091,228,"./Code/main.cpp","InsertionSortTest2_Modified"
"Inner Loop (Shifting Elements)2",0.000091,228,"./Code/main.cpp","InsertionSortTest2_Modified"
"Inner Loop (Shifting Elements)2",0.000096,228,"./Code/main.cpp","InsertionSortTest2_Modified"
"Inner Loop (Shifting Elements)2",0.000093,228,"./Code/main.cpp","InsertionSortTest2_Modified"
"Inner Loop (Shifting Elements)2",0.000095,228,"./Code/main.cpp","InsertionSortTest2_Modified"
"Inner Loop (Shifting Elements)2",0.000092,228,"./Code/main.cpp","InsertionSortTest2_Modified"
"Key Assignment2",0.000093,235,"./Code/main.cpp","InsertionSortTest2_Modified"
"Outer Loop2",0.002913,237,"./Code/main.cpp","InsertionSortTest2_Modified"
"Inner Loop (Shifting Elements)2",0.000091,228,"./Code/main.cpp","InsertionSortTest2_Modified"
"Inner Loop (Shifting Elements)2",0.000090,228,"./Code/main.cpp","InsertionSortTest2_Modified"
"Inner Loop (Shifting Elements)2",0.000092,228,"./Code/main.cpp","InsertionSortTest2_Modified"
"Inner Loop (Shifting Elements)2",0.000094,228,"./Code/main.cpp","InsertionSortTest2_Modified"
"Inner Loop (Shifting Elements)2",0.000093,228,"./Code/main.cpp","InsertionSortTest2_Modified"
"Inner Loop (Shifting Elements)2",0.000091,228,"./Code/main.cpp","InsertionSortTest2_Modified"
"Key Assignment2",0.000092,235,"./Code/main.cpp","InsertionSortTest2_Modified"
"Outer Loop2",0.002868,237,"./Code/main.cpp","InsertionSortTest2_Modified"
"Inner Loop (Shifting Elements)2",0.000093,228,"./Code/main.cpp","InsertionSortTest2_Modified"
"Inner Loop (Shifting Elements)2",0.000090,228,"./Code/main.cpp","InsertionSortTest2_Modified"
"Inner Loop (Shifting Elements)2",0.000091,228,"./Code/main.cpp","InsertionSortTest2_Modified"
"Key Assignment2",0.000091,235,"./Code/main.cpp","InsertionSortTest2_Modified"
"Outer Loop2",0.001710,237,"./Code/main.cpp","InsertionSortTest2_Modified"
"Inner Loop (Shifting Elements)2",0.000091,228,"./Code/main.cpp","InsertionSortTest2_Modified"
"Inner Loop (Shifting Elements)2",0.000091,228,"./Code/main.cpp","InsertionSortTest2_Modified"
"Inner Loop (Shifting Elements)2",0.000090,228,"./Code/main.cpp","InsertionSortTest2_Modified"
"Inner Loop (Shifting Elements)2",0.000091,228,"./Code/main.cpp","InsertionSortTest2_Modified"
"Inner Loop (Shifting Elements)2",0.000090,228,"./Code/main.cpp","InsertionSortTest2_Modified"
"Inner Loop (Shifting Elements)2",0.000094,228,"./Code/main.cpp","InsertionSortTest2_Modified"
"Inner Loop (Shifting Elements)2",0.000093,228,"./Code/main.cpp","InsertionSortTest2_Modified"
"Inner Loop (Shifting Elements)2",0.000095,228,"./Code/main.cpp","InsertionSortTest2_Modified"
"Key Assignment2",0.000094,235,"./Code/main.cpp","InsertionSortTest2_Modified"
"Outer Loop2",0.003693,237,"./Code/main.cpp","InsertionSortTest2_Modified"
"Inner Loop (Shifting Elements)2",0.000093,228,"./Code/main.cpp","InsertionSortTest2_Modified"
"Inner Loop (Shifting Elements)2",0.000090,228,"./Code/main.cpp","InsertionSortTest2_Modified"
"Inner Loop (Shifting Elements)2",0.000095,228,"./Code/main.cpp","InsertionSortTest2_Modified"
"Inner Loop (Shifting Elements)2",0.000094,228,"./Code/main.cpp","InsertionSortTest2_Modified"
"Inner Loop (Shifting Elements)2",0.000091,228,"./Code/main.cpp","InsertionSortTest2_Modified"
"Inner Loop (Shifting Elements)2",0.000092,228,"./Code/main.cpp","InsertionSortTest2_Modified"
"Inner Loop (Shifting Elements)2",0.000094,228,"./Code/main.cpp","InsertionSortTest2_Modified"
"Inner Loop (Shifting Elements)2",0.000093,228,"./Code/main.cpp","InsertionSortTest2_Modified"
"Key Assignment2",0.000093,235,"./Code/main.cpp","InsertionSortTest2_Modified"
"Outer Loop2",0.003692,237,"./Code/main.cpp","InsertionSortTest2_Modified"
"Inner Loop (Shifting Elements)2",0.000091,228,"./Code/main.cpp","InsertionSortTest2_Modified"
"Inner Loop (Shifting Elements)2",0.000092,228,"./Code/main.cpp","InsertionSortTest2_Modified"
"Inner Loop (Shifting Elements)2",0.000093,228,"./Code/main.cpp","InsertionSortTest2_Modified"
"Inner Loop (Shifting Elements)2",0.000092,228,"./Code/main.cpp","InsertionSortTest2_Modified"
"Inner Loop (Shifting Elements)2",0.000092,228,"./Code/main.cpp","InsertionSortTest2_Modified"
"Key Assignment2",0.000092,235,"./Code/main.cpp","InsertionSortTest2_Modified"
"Outer Loop2",0.002515,237,"./Code/main.cpp","InsertionSortTest2_Modified"
"Inner Loop (Shifting Elements)2",0.000093,228,"./Code/main.cpp","InsertionSortTest2_Modified"
"Key Assignment2",0.000091,235,"./Code/main.cpp","InsertionSortTest2_Modified"
"Outer Loop2",0.000871,237,"./Code/main.cpp","InsertionSortTest2_Modified"
"Inner Loop (Shifting Elements)2",0.000091,228,"./Code/main.cpp","InsertionSortTest2_Modified"
"Inner Loop (Shifting Elements)2",0.000092,228,"./Code/main.cpp","InsertionSortTest2_Modified"
"Inner Loop (Shifting Elements)2",0.000110,228,"./Code/main.cpp","InsertionSortTest2_Modified"
"Inner Loop (Shifting Elements)2",0.000148,228,"./Code/main.cpp","InsertionSortTest2_Modified"
"Inner Loop (Shifting Elements)2",0.000134,228,"./Code/main.cpp","InsertionSortTest2_Modified"
"Inner Loop (Shifting Elements)2",0.000093,228,"./Code/main.cpp","InsertionSortTest2_Modified"
"Inner Loop (Shifting Elements)2",0.000089,228,"./Code/main.cpp","InsertionSortTest2_Modified"
"Inner Loop (Shifting Elements)2",0.000088,228,"./Code/main.cpp","InsertionSortTest2_Modified"
"Inner Loop (Shifting Elements)2",0.000088,228,"./Code/main.cpp","InsertionSortTest2_Modified"
"Key Assignment2",0.000092,235,"./Code/main.cpp","InsertionSortTest2_Modified"
"Outer Loop2",0.005614,237,"./Code/main.cpp","InsertionSortTest2_Modified"
"Inner Loop (Shifting Elements)2",0.000118,228,"./Code/main.cpp","InsertionSortTest2_Modified"
"Inner Loop (Shifting Elements)2",0.000089,228,"./Code/main.cpp","InsertionSortTest2_Modified"
"Inner Loop (Shifting Elements)2",0.000089,228,"./Code/main.cpp","InsertionSortTest2_Modified"
"Inner Loop (Shifting Elements)2",0.000096,228,"./Code/main.cpp","InsertionSortTest2_Modified"
"Inner Loop (Shifting Elements)2",0.000091,228,"./Code/main.cpp","InsertionSortTest2_Modified"
"Inner Loop (Shifting Elements)2",0.000092,228,"./Code/main.cpp","InsertionSortTest2_Modified"
"Inner Loop (Shifting Elements)2",0.000094,228,"./Code/main.cpp","InsertionSortTest2_Modified"
"Inner Loop (Shifting Elements)2",0.000094,228,"./Code/main.cpp","InsertionSortTest2_Modified"
"Inner Loop (Shifting Elements)2",0.000093,228,"./Code/main.cpp","InsertionSortTest2_Modified"
"Inner Loop (Shifting Elements)2",0.000091,228,"./Code/main.cpp","InsertionSortTest2_Modified"
"Inner Loop (Shifting Elements)2",0.000094,228,"./Code/main.cpp","InsertionSortTest2_Modified"
"Inner Loop (Shifting Elements)2",0.000094,228,"./Code/main.cpp","InsertionSortTest2_Modified"
"Inner Loop (Shifting Elements)2",0.000092,228,"./Code/main.cpp","InsertionSortTest2_Modified"
"Inner Loop (Shifting Elements)2",0.000093,228,"./Code/main.cpp","InsertionSortTest2_Modified"
"Key Assignment2",0.000092,235,"./Code/main.cpp","InsertionSortTest2_Modified"
"Outer Loop2",0.006172,237,"./Code/main.cpp","InsertionSortTest2_Modified"
"Inner Loop (Shifting Elements)2",0.000093,228,"./Code/main.cpp","InsertionSortTest2_Modified"
"Key Assignment2",0.000090,235,"./Code/main.cpp","InsertionSortTest2_Modified"
"Outer Loop2",0.000867,237,"./Code/main.cpp","InsertionSortTest2_Modified"
"Inner Loop (Shifting Elements)2",0.000092,228,"./Code/main.cpp","InsertionSortTest2_Modified"
"Inner Loop (Shifting Elements)2",0.000090,228,"./Code/main.cpp","InsertionSortTest2_Modified"
"Inner Loop (Shifting Elements)2",0.000090,228,"./Code/main.cpp","InsertionSortTest2_Modified"
"Inner Loop (Shifting Elements)2",0.000092,228,"./Code/main.cpp","InsertionSortTest2_Modified"
"Inner Loop (Shifting Elements)2",0.000090,228,"./Code/main.cpp","InsertionSortTest2_Modified"
"Inner Loop (Shifting Elements)2",0.000091,228,"./Code/main.cpp","InsertionSortTest2_Modified"
"Inner Loop (Shifting Elements)2",0.000095,228,"./Code/main.cpp","InsertionSortTest2_Modified"
"Inner Loop (Shifting Elements)2",0.000089,228,"./Code/main.cpp","InsertionSortTest2_Modified"
"Inner Loop (Shifting Elements)2",0.000091,228,"./Code/main.cpp","InsertionSortTest2_Modified"
"Inner Loop (Shifting Elements)2",0.000092,228,"./Code/main.cpp","InsertionSortTest2_Modified"
"Inner Loop (Shifting Elements)2",0.000095,228,"./Code/main.cpp","InsertionSortTest2_Modified"
"Inner Loop (Shifting Elements)2",0.000091,228,"./Code/main.cpp","InsertionSortTest2_Modified"
"Key Assignment2",0.000092,235,"./Code/main.cpp","InsertionSortTest2_Modified"
"Outer Loop2",0.005337,237,"./Code/main.cpp","InsertionSortTest2_Modified"
"Inner Loop (Shifting Elements)2",0.000092,228,"./Code/main.cpp","InsertionSortTest2_Modified"
"Inner Loop (Shifting Elements)2",0.000093,228,"./Code/main.cpp","InsertionSortTest2_Modified"
"Inner Loop (Shifting Elements)2",0.000092,228,"./Code/main.cpp","InsertionSortTest2_Modified"
"Inner Loop (Shifting Elements)2",0.000091,228,"./Code/main.cpp","InsertionSortTest2_Modified"
"Inner Loop (Shifting Elements)2",0.000095,228,"./Code/main.cpp","InsertionSortTest2_Modified"
"Inner Loop (Shifting Elements)2",0.000090,228,"./Code/main.cpp","InsertionSortTest2_Modified"
"Inner Loop (Shifting Elements)2",0.000091,228,"./Code/main.cpp","InsertionSortTest2_Modified"
"Inner Loop (Shifting Elements)2",0.000093,228,"./Code/main.cpp","InsertionSortTest2_Modified"
"Inner Loop (Shifting Elements)2",0.000092,228,"./Code/main.cpp","InsertionSortTest2_Modified"
"Key Assignment2",0.000090,235,"./Code/main.cpp","InsertionSortTest2_Modified"
"Outer Loop2",0.004112,237,"./Code/main.cpp","InsertionSortTest2_Modified"
"Inner Loop (Shifting Elements)2",0.000087,228,"./Code/main.cpp","InsertionSortTest2_Modified"
"Inner Loop (Shifting Elements)2",0.000092,228,"./Code/main.cpp","InsertionSortTest2_Modified"
"Inner Loop (Shifting Elements)2",0.000091,228,"./Code/main.cpp","InsertionSortTest2_Modified"
"Inner Loop (Shifting Elements)2",0.000091,228,"./Code/main.cpp","InsertionSortTest2_Modified"
"Key Assignment2",0.000088,235,"./Code/main.cpp","InsertionSortTest2_Modified"
"Outer Loop2",0.002071,237,"./Code/main.cpp","InsertionSortTest2_Modified"
"Inner Loop (Shifting Elements)2",0.000092,228,"./Code/main.cpp","InsertionSortTest2_Modified"
"Inner Loop (Shifting Elements)2",0.000092,228,"./Code/main.cpp","InsertionSortTest2_Modified"
"Inner Loop (Shifting Elements)2",0.000092,228,"./Code/main.cpp","InsertionSortTest2_Modified"
"Inner Loop (Shifting Elements)2",0.000091,228,"./Code/main.cpp","InsertionSortTest2_Modified"
"Inner Loop (Shifting Elements)2",0.000093,228,"./Code/main.cpp","InsertionSortTest2_Modified"
"Inner Loop (Shifting Elements)2",0.000093,228,"./Code/main.cpp","InsertionSortTest2_Modified"
"Inner Loop (Shifting Elements)2",0.000093,228,"./Code/main.cpp","InsertionSortTest2_Modified"
"Inner Loop (Shifting Elements)2",0.000090,228,"./Code/main.cpp","InsertionSortTest2_Modified"
"Inner Loop (Shifting Elements)2",0.000123,228,"./Code/main.cpp","InsertionSortTest2_Modified"
"Inner Loop (Shifting Elements)2",0.000090,228,"./Code/main.cpp","InsertionSortTest2_Modified"
"Inner Loop (Shifting Elements)2",0.000091,228,"./Code/main.cpp","InsertionSortTest2_Modified"
"Inner Loop (Shifting Elements)2",0.000092,228,"./Code/main.cpp","InsertionSortTest2_Modified"
"Inner Loop (Shifting Elements)2",0.000093,228,"./Code/main.cpp","InsertionSortTest2_Modified"
"Inner Loop (Shifting Elements)2",0.000094,228,"./Code/main.cpp","InsertionSortTest2_Modified"
"Inner Loop (Shifting Elements)2",0.000096,228,"./Code/main.cpp","InsertionSortTest2_Modified"
"Inner Loop (Shifting Elements)2",0.000093,228,"./Code/main.cpp","InsertionSortTest2_Modified"
"Key Assignment2",0.000092,235,"./Code/main.cpp","InsertionSortTest2_Modified"
"Outer Loop2",0.006983,237,"./Code/main.cpp","InsertionSortTest2_Modified"
"Inner Loop (Shifting Elements)2",0.000090,228,"./Code/main.cpp","InsertionSortTest2_Modified"
"Inner Loop (Shifting Elements)2",0.000089,228,"./Code/main.cpp","InsertionSortTest2_Modified"
"Inner Loop (Shifting Elements)2",0.000092,228,"./Code/main.cpp","InsertionSortTest2_Modified"
"Inner Loop (Shifting Elements)2",0.000091,228,"./Code/main.cpp","InsertionSortTest2_Modified"
"Inner Loop (Shifting Elements)2",0.000093,228,"./Code/main.cpp","InsertionSortTest2_Modified"
"Inner Loop (Shifting Elements)2",0.000092,228,"./Code/main.cpp","InsertionSortTest2_Modified"
"Inner Loop (Shifting Elements)2",0.000090,228,"./Code/main.cpp","InsertionSortTest2_Modified"
"Inner Loop (Shifting Elements)2",0.000091,228,"./Code/main.cpp","InsertionSortTest2_Modified"
"Inner Loop (Shifting Elements)2",0.000106,228,"./Code/main.cpp","InsertionSortTest2_Modified"
"Inner Loop (Shifting Elements)2",0.000136,228,"./Code/main.cpp","InsertionSortTest2_Modified"
"Inner Loop (Shifting Elements)2",0.000102,228,"./Code/main.cpp","InsertionSortTest2_Modified"
"Inner Loop (Shifting Elements)2",0.000132,228,"./Code/main.cpp","InsertionSortTest2_Modified"
"Key Assignment2",0.000096,235,"./Code/main.cpp","InsertionSortTest2_Modified"
"Outer Loop2",0.006779,237,"./Code/main.cpp","InsertionSortTest2_Modified"
"Inner Loop (Shifting Elements)2",0.000095,228,"./Code/main.cpp","InsertionSortTest2_Modified"
"Inner Loop (Shifting Elements)2",0.000092,228,"./Code/main.cpp","InsertionSortTest2_Modified"
"Inner Loop (Shifting Elements)2",0.000094,228,"./Code/main.cpp","InsertionSortTest2_Modified"
"Inner Loop (Shifting Elements)2",0.000092,228,"./Code/main.cpp","InsertionSortTest2_Modified"
"Inner Loop (Shifting Elements)2",0.000093,228,"./Code/main.cpp","InsertionSortTest2_Modified"
"Inner Loop (Shifting Elements)2",0.000092,228,"./Code/main.cpp","InsertionSortTest2_Modified"
"Key Assignment2",0.000094,235,"./Code/main.cpp","InsertionSortTest2_Modified"
"Outer Loop2",0.003054,237,"./Code/main.cpp","InsertionSortTest2_Modified"
"Key Assignment2",0.000091,235,"./Code/main.cpp","InsertionSortTest2_Modified"
"Outer Loop2",0.000476,237,"./Code/main.cpp","InsertionSortTest2_Modified"
"Inner Loop (Shifting Elements)2",0.000090,228,"./Code/main.cpp","InsertionSortTest2_Modified"
"Inner Loop (Shifting Elements)2",0.000092,228,"./Code/main.cpp","InsertionSortTest2_Modified"
"Inner Loop (Shifting Elements)2",0.000092,228,"./Code/main.cpp","InsertionSortTest2_Modified"
"Inner Loop (Shifting Elements)2",0.000091,228,"./Code/main.cpp","InsertionSortTest2_Modified"
"Inner Loop (Shifting Elements)2",0.000133,228,"./Code/main.cpp","InsertionSortTest2_Modified"
"Inner Loop (Shifting Elements)2",0.000096,228,"./Code/main.cpp","InsertionSortTest2_Modified"
"Inner Loop (Shifting Elements)2",0.000092,228,"./Code/main.cpp","InsertionSortTest2_Modified"
"Inner Loop (Shifting Elements)2",0.000092,228,"./Code/main.cpp","InsertionSortTest2_Modified"
"Inner Loop (Shifting Elements)2",0.000094,228,"./Code/main.cpp","InsertionSortTest2_Modified"
"Inner Loop (Shifting Elements)2",0.000093,228,"./Code/main.cpp","InsertionSortTest2_Modified"
"Inner Loop (Shifting Elements)2",0.000093,228,"./Code/main.cpp","InsertionSortTest2_Modified"
"Inner Loop (Shifting Elements)2",0.000094,228,"./Code/main.cpp","InsertionSortTest2_Modified"
"Inner Loop (Shifting Elements)2",0.000095,228,"./Code/main.cpp","InsertionSortTest2_Modified"
"Inner Loop (Shifting Elements)2",0.000092,228,"./Code/main.cpp","InsertionSortTest2_Modified"
"Inner Loop (Shifting Elements)2",0.000094,228,"./Code/main.cpp","InsertionSortTest2_Modified"
"Inner Loop (Shifting Elements)2",0.000093,228,"./Code/main.cpp","InsertionSortTest2_Modified"
"Inner Loop (Shifting Elements)2",0.000093,228,"./Code/main.cpp","InsertionSortTest2_Modified"
"Key Assignment2",0.000093,235,"./Code/main.cpp","InsertionSortTest2_Modified"
"Outer Loop2",0.007461,237,"./Code/main.cpp","InsertionSortTest2_Modified"
"Inner Loop (Shifting Elements)2",0.000095,228,"./Code/main.cpp","InsertionSortTest2_Modified"
"Inner Loop (Shifting Elements)2",0.000093,228,"./Code/main.cpp","InsertionSortTest2_Modified"
"Inner Loop (Shifting Elements)2",0.000091,228,"./Code/main.cpp","InsertionSortTest2_Modified"
"Inner Loop (Shifting Elements)2",0.000093,228,"./Code/main.cpp","InsertionSortTest2_Modified"
"Inner Loop (Shifting Elements)2",0.000091,228,"./Code/main.cpp","InsertionSortTest2_Modified"
"Inner Loop (Shifting Elements)2",0.000091,228,"./Code/main.cpp","InsertionSortTest2_Modified"
"Inner Loop (Shifting Elements)2",0.000092,228,"./Code/main.cpp","InsertionSortTest2_Modified"
"Inner Loop (Shifting Elements)2",0.000091,228,"./Code/main.cpp","InsertionSortTest2_Modified"
"Inner Loop (Shifting Elements)2",0.000091,228,"./Code/main.cpp","InsertionSortTest2_Modified"
"Inner Loop (Shifting Elements)2",0.000095,228,"./Code/main.cpp","InsertionSortTest2_Modified"
"Key Assignment2",0.000092,235,"./Code/main.cpp","InsertionSortTest2_Modified"
"Outer Loop2",0.004560,237,"./Code/main.cpp","InsertionSortTest2_Modified"
"Inner Loop (Shifting Elements)2",0.000090,228,"./Code/main.cpp","InsertionSortTest2_Modified"
"Inner Loop (Shifting Elements)2",0.000091,228,"./Code/main.cpp","InsertionSortTest2_Modified"
"Key Assignment2",0.000091,235,"./Code/main.cpp","InsertionSortTest2_Modified"
"Outer Loop2",0.001301,237,"./Code/main.cpp","InsertionSortTest2_Modified"
"Inner Loop (Shifting Elements)2",0.000092,228,"./Code/main.cpp","InsertionSortTest2_Modified"
"Inner Loop (Shifting Elements)2",0.000091,228,"./Code/main.cpp","InsertionSortTest2_Modified"
"Inner Loop (Shifting Elements)2",0.000092,228,"./Code/main.cpp","InsertionSortTest2_Modified"
"Inner Loop (Shifting Elements)2",0.000092,228,"./Code/main.cpp","InsertionSortTest2_Modified"
"Inner Loop (Shifting Elements)2",0.000096,228,"./Code/main.cpp","InsertionSortTest2_Modified"
"Inner Loop (Shifting Elements)2",0.000091,228,"./Code/main.cpp","InsertionSortTest2_Modified"
"Inner Loop (Shifting Elements)2",0.000092,228,"./Code/main.cpp","InsertionSortTest2_Modified"
"Inner Loop (Shifting Elements)2",0.000091,228,"./Code/main.cpp","InsertionSortTest2_Modified"
"Inner Loop (Shifting Elements)2",0.000094,228,"./Code/main.cpp","InsertionSortTest2_Modified"
"Inner Loop (Shifting Elements)2",0.000091,228,"./Code/main.cpp","InsertionSortTest2_Modified"
"Inner Loop (Shifting Elements)2",0.000093,228,"./Code/main.cpp","InsertionSortTest2_Modified"
"Inner Loop (Shifting Elements)2",0.000092,228,"./Code/main.cpp","InsertionSortTest2_Modified"
"Inner Loop (Shifting Elements)2",0.000093,228,"./Code/main.cpp","InsertionSortTest2_Modified"
"Inner Loop (Shifting Elements)2",0.000092,228,"./Code/main.cpp","InsertionSortTest2_Modified"
"Inner Loop (Shifting Elements)2",0.000092,228,"./Code/main.cpp","InsertionSortTest2_Modified"
"Inner Loop (Shifting Elements)2",0.000091,228,"./Code/main.cpp","InsertionSortTest2_Modified"
"Inner Loop (Shifting Elements)2",0.000092,228,"./Code/main.cpp","InsertionSortTest2_Modified"
"Inner Loop (Shifting Elements)2",0.000091,228,"./Code/main.cpp","InsertionSortTest2_Modified"
"Inner Loop (Shifting Elements)2",0.000093,228,"./Code/main.cpp","InsertionSortTest2_Modified"
"Inner Loop (Shifting Elements)2",0.000094,228,"./Code/main.cpp","InsertionSortTest2_Modified"
"Inner Loop (Shifting Elements)2",0.000094,228,"./Code/main.cpp","InsertionSortTest2_Modified"
"Inner Loop (Shifting Elements)2",0.000092,228,"./Code/main.cpp","InsertionSortTest2_Modified"
"Inner Loop (Shifting Elements)2",0.000092,228,"./Code/main.cpp","InsertionSortTest2_Modified"
"Inner Loop (Shifting Elements)2",0.000090,228,"./Code/main.cpp","InsertionSortTest2_Modified"
"Inner Loop (Shifting Elements)2",0.000091,228,"./Code/main.cpp","InsertionSortTest2_Modified"
"Inner Loop (Shifting Elements)2",0.000091,228,"./Code/main.cpp","InsertionSortTest2_Modified"
"Inner Loop (Shifting Elements)2",0.000094,228,"./Code/main.cpp","InsertionSortTest2_Modified"
"Inner Loop (Shifting Elements)2",0.000091,228,"./Code/main.cpp","InsertionSortTest2_Modified"
"Key Assignment2",0.000093,235,"./Code/main.cpp","InsertionSortTest2_Modified"
"Outer Loop2",0.011813,237,"./Code/main.cpp","InsertionSortTest2_Modified"
"Inner Loop (Shifting Elements)2",0.000092,228,"./Code/main.cpp","InsertionSortTest2_Modified"
"Inner Loop (Shifting Elements)2",0.000091,228,"./Code/main.cpp","InsertionSortTest2_Modified"
"Inner Loop (Shifting Elements)2",0.000092,228,"./Code/main.cpp","InsertionSortTest2_Modified"
"Inner Loop (Shifting Elements)2",0.000091,228,"./Code/main.cpp","InsertionSortTest2_Modified"
"Inner Loop (Shifting Elements)2",0.000094,228,"./Code/main.cpp","InsertionSortTest2_Modified"
"Inner Loop (Shifting Elements)2",0.000137,228,"./Code/main.cpp","InsertionSortTest2_Modified"
"Inner Loop (Shifting Elements)2",0.000132,228,"./Code/main.cpp","InsertionSortTest2_Modified"
"Inner Loop (Shifting Elements)2",0.000145,228,"./Code/main.cpp","InsertionSortTest2_Modified"
"Inner Loop (Shifting Elements)2",0.000102,228,"./Code/main.cpp","InsertionSortTest2_Modified"
"Inner Loop (Shifting Elements)2",0.000098,228,"./Code/main.cpp","InsertionSortTest2_Modified"
"Inner Loop (Shifting Elements)2",0.000093,228,"./Code/main.cpp","InsertionSortTest2_Modified"
"Inner Loop (Shifting Elements)2",0.000093,228,"./Code/main.cpp","InsertionSortTest2_Modified"
"Inner Loop (Shifting Elements)2",0.000091,228,"./Code/main.cpp","InsertionSortTest2_Modified"
"Inner Loop (Shifting Elements)2",0.000092,228,"./Code/main.cpp","InsertionSortTest2_Modified"
"Key Assignment2",0.000128,235,"./Code/main.cpp","InsertionSortTest2_Modified"
"Outer Loop2",0.007490,237,"./Code/main.cpp","InsertionSortTest2_Modified"
"Inner Loop (Shifting Elements)2",0.000093,228,"./Code/main.cpp","InsertionSortTest2_Modified"
"Inner Loop (Shifting Elements)2",0.000093,228,"./Code/main.cpp","InsertionSortTest2_Modified"
"Inner Loop (Shifting Elements)2",0.000092,228,"./Code/main.cpp","InsertionSortTest2_Modified"
"Inner Loop (Shifting Elements)2",0.000092,228,"./Code/main.cpp","InsertionSortTest2_Modified"
"Inner Loop (Shifting Elements)2",0.000090,228,"./Code/main.cpp","InsertionSortTest2_Modified"
"Inner Loop (Shifting Elements)2",0.000093,228,"./Code/main.cpp","InsertionSortTest2_Modified"
"Key Assignment2",0.000093,235,"./Code/main.cpp","InsertionSortTest2_Modified"
"Outer Loop2",0.002996,237,"./Code/main.cpp","InsertionSortTest2_Modified"
"Inner Loop (Shifting Elements)2",0.000093,228,"./Code/main.cpp","InsertionSortTest2_Modified"
"Inner Loop (Shifting Elements)2",0.000094,228,"./Code/main.cpp","InsertionSortTest2_Modified"
"Inner Loop (Shifting Elements)2",0.000095,228,"./Code/main.cpp","InsertionSortTest2_Modified"
"Inner Loop (Shifting Elements)2",0.000094,228,"./Code/main.cpp","InsertionSortTest2_Modified"
"Inner Loop (Shifting Elements)2",0.000094,228,"./Code/main.cpp","InsertionSortTest2_Modified"
"Inner Loop (Shifting Elements)2",0.000094,228,"./Code/main.cpp","InsertionSortTest2_Modified"
"Inner Loop (Shifting Elements)2",0.000094,228,"./Code/main.cpp","InsertionSortTest2_Modified"
"Inner Loop (Shifting Elements)2",0.000095,228,"./Code/main.cpp","InsertionSortTest2_Modified"
"Inner Loop (Shifting Elements)2",0.000093,228,"./Code/main.cpp","InsertionSortTest2_Modified"
"Inner Loop (Shifting Elements)2",0.000095,228,"./Code/main.cpp","InsertionSortTest2_Modified"
"Inner Loop (Shifting Elements)2",0.000090,228,"./Code/main.cpp","InsertionSortTest2_Modified"
"Inner Loop (Shifting Elements)2",0.000096,228,"./Code/main.cpp","InsertionSortTest2_Modified"
"Inner Loop (Shifting Elements)2",0.000093,228,"./Code/main.cpp","InsertionSortTest2_Modified"
"Inner Loop (Shifting Elements)2",0.000092,228,"./Code/main.cpp","InsertionSortTest2_Modified"
"Inner Loop (Shifting Elements)2",0.000094,228,"./Code/main.cpp","InsertionSortTest2_Modified"
"Inner Loop (Shifting Elements)2",0.000094,228,"./Code/main.cpp","InsertionSortTest2_Modified"
"Inner Loop (Shifting Elements)2",0.000092,228,"./Code/main.cpp","InsertionSortTest2_Modified"
"Inner Loop (Shifting Elements)2",0.000093,228,"./Code/main.cpp","InsertionSortTest2_Modified"
"Inner Loop (Shifting Elements)2",0.000093,228,"./Code/main.cpp","InsertionSortTest2_Modified"
"Inner Loop (Shifting Elements)2",0.000093,228,"./Code/main.cpp","InsertionSortTest2_Modified"
"Inner Loop (Shifting Elements)2",0.000095,228,"./Code/main.cpp","InsertionSortTest2_Modified"
"Inner Loop (Shifting Elements)2",0.000102,228,"./Code/main.cpp","InsertionSortTest2_Modified"
"Inner Loop (Shifting Elements)2",0.000092,228,"./Code/main.cpp","InsertionSortTest2_Modified"
"Inner Loop (Shifting Elements)2",0.000092,228,"./Code/main.cpp","InsertionSortTest2_Modified"
"Key Assignment2",0.000092,235,"./Code/main.cpp","InsertionSortTest2_Modified"
"Outer Loop2",0.010416,237,"./Code/main.cpp","InsertionSortTest2_Modified"
"Inner Loop (Shifting Elements)2",0.000093,228,"./Code/main.cpp","InsertionSortTest2_Modified"
"Inner Loop (Shifting Elements)2",0.000125,228,"./Code/main.cpp","InsertionSortTest2_Modified"
"Inner Loop (Shifting Elements)2",0.000091,228,"./Code/main.cpp","InsertionSortTest2_Modified"
"Inner Loop (Shifting Elements)2",0.000092,228,"./Code/main.cpp","InsertionSortTest2_Modified"
"Inner Loop (Shifting Elements)2",0.000094,228,"./Code/main.cpp","InsertionSortTest2_Modified"
"Inner Loop (Shifting Elements)2",0.000092,228,"./Code/main.cpp","InsertionSortTest2_Modified"
"Inner Loop (Shifting Elements)2",0.000092,228,"./Code/main.cpp","InsertionSortTest2_Modified"
"Inner Loop (Shifting Elements)2",0.000091,228,"./Code/main.cpp","InsertionSortTest2_Modified"
"Inner Loop (Shifting Elements)2",0.000093,228,"./Code/main.cpp","InsertionSortTest2_Modified"
"Inner Loop (Shifting Elements)2",0.000093,228,"./Code/main.cpp","InsertionSortTest2_Modified"
"Inner Loop (Shifting Elements)2",0.000093,228,"./Code/main.cpp","InsertionSortTest2_Modified"
"Inner Loop (Shifting Elements)2",0.000091,228,"./Code/main.cpp","InsertionSortTest2_Modified"
"Inner Loop (Shifting Elements)2",0.000094,228,"./Code/main.cpp","InsertionSortTest2_Modified"
"Inner Loop (Shifting Elements)2",0.000094,228,"./Code/main.cpp","InsertionSortTest2_Modified"
"Inner Loop (Shifting Elements)2",0.000093,228,"./Code/main.cpp","InsertionSortTest2_Modified"
"Inner Loop (Shifting Elements)2",0.000092,228,"./Code/main.cpp","InsertionSortTest2_Modified"
"Inner Loop (Shifting Elements)2",0.000094,228,"./Code/main.cpp","InsertionSortTest2_Modified"
"Inner Loop (Shifting Elements)2",0.000093,228,"./Code/main.cpp","InsertionSortTest2_Modified"
"Key Assignment2",0.000093,235,"./Code/main.cpp","InsertionSortTest2_Modified"
"Outer Loop2",0.007817,237,"./Code/main.cpp","InsertionSortTest2_Modified"
"Inner Loop (Shifting Elements)2",0.000130,228,"./Code/main.cpp","InsertionSortTest2_Modified"
"Inner Loop (Shifting Elements)2",0.000093,228,"./Code/main.cpp","InsertionSortTest2_Modified"
"Inner Loop (Shifting Elements)2",0.000093,228,"./Code/main.cpp","InsertionSortTest2_Modified"
"Inner Loop (Shifting Elements)2",0.000095,228,"./Code/main.cpp","InsertionSortTest2_Modified"
"Inner Loop (Shifting Elements)2",0.000091,228,"./Code/main.cpp","InsertionSortTest2_Modified"
"Inner Loop (Shifting Elements)2",0.000091,228,"./Code/main.cpp","InsertionSortTest2_Modified"
"Inner Loop (Shifting Elements)2",0.000093,228,"./Code/main.cpp","InsertionSortTest2_Modified"
"Inner Loop (Shifting Elements)2",0.000093,228,"./Code/main.cpp","InsertionSortTest2_Modified"
"Inner Loop (Shifting Elements)2",0.000093,228,"./Code/main.cpp","InsertionSortTest2_Modified"
"Key Assignment2",0.000092,235,"./Code/main.cpp","InsertionSortTest2_Modified"
"Outer Loop2",0.004173,237,"./Code/main.cpp","InsertionSortTest2_Modified"
"Key Assignment2",0.000088,235,"./Code/main.cpp","InsertionSortTest2_Modified"
"Outer Loop2",0.000465,237,"./Code/main.cpp","InsertionSortTest2_Modified"
"Inner Loop (Shifting Elements)2",0.000092,228,"./Code/main.cpp","InsertionSortTest2_Modified"
"Inner Loop (Shifting Elements)2",0.000093,228,"./Code/main.cpp","InsertionSortTest2_Modified"
"Inner Loop (Shifting Elements)2",0.000093,228,"./Code/main.cpp","InsertionSortTest2_Modified"
"Inner Loop (Shifting Elements)2",0.000089,228,"./Code/main.cpp","InsertionSortTest2_Modified"
"Inner Loop (Shifting Elements)2",0.000093,228,"./Code/main.cpp","InsertionSortTest2_Modified"
"Inner Loop (Shifting Elements)2",0.000093,228,"./Code/main.cpp","InsertionSortTest2_Modified"
"Inner Loop (Shifting Elements)2",0.000094,228,"./Code/main.cpp","InsertionSortTest2_Modified"
"Inner Loop (Shifting Elements)2",0.000107,228,"./Code/main.cpp","InsertionSortTest2_Modified"
"Inner Loop (Shifting Elements)2",0.000109,228,"./Code/main.cpp","InsertionSortTest2_Modified"
"Inner Loop (Shifting Elements)2",0.000107,228,"./Code/main.cpp","InsertionSortTest2_Modified"
"Inner Loop (Shifting Elements)2",0.000099,228,"./Code/main.cpp","InsertionSortTest2_Modified"
"Inner Loop (Shifting Elements)2",0.000126,228,"./Code/main.cpp","InsertionSortTest2_Modified"
"Inner Loop (Shifting Elements)2",0.000095,228,"./Code/main.cpp","InsertionSortTest2_Modified"
"Inner Loop (Shifting Elements)2",0.000098,228,"./Code/main.cpp","InsertionSortTest2_Modified"
"Inner Loop (Shifting Elements)2",0.000095,228,"./Code/main.cpp","InsertionSortTest2_Modified"
"Inner Loop (Shifting Elements)2",0.000096,228,"./Code/main.cpp","InsertionSortTest2_Modified"
"Inner Loop (Shifting Elements)2",0.000094,228,"./Code/main.cpp","InsertionSortTest2_Modified"
"Inner Loop (Shifting Elements)2",0.000096,228,"./Code/main.cpp","InsertionSortTest2_Modified"
"Inner Loop (Shifting Elements)2",0.000096,228,"./Code/main.cpp","InsertionSortTest2_Modified"
"Inner Loop (Shifting Elements)2",0.000094,228,"./Code/main.cpp","InsertionSortTest2_Modified"
"Inner Loop (Shifting Elements)2",0.000097,228,"./Code/main.cpp","InsertionSortTest2_Modified"
"Inner Loop (Shifting Elements)2",0.000096,228,"./Code/main.cpp","InsertionSortTest2_Modified"
"Inner Loop (Shifting Elements)2",0.000097,228,"./Code/main.cpp","InsertionSortTest2_Modified"
"Inner Loop (Shifting Elements)2",0.000095,228,"./Code/main.cpp","InsertionSortTest2_Modified"
"Key Assignment2",0.000095,235,"./Code/main.cpp","InsertionSortTest2_Modified"
"Outer Loop2",0.011867,237,"./Code/main.cpp","InsertionSortTest2_Modified"
"Inner Loop (Shifting Elements)2",0.000092,228,"./Code/main.cpp","InsertionSortTest2_Modified"
"Inner Loop (Shifting Elements)2",0.000092,228,"./Code/main.cpp","InsertionSortTest2_Modified"
"Inner Loop (Shifting Elements)2",0.000093,228,"./Code/main.cpp","InsertionSortTest2_Modified"
"Inner Loop (Shifting Elements)2",0.000093,228,"./Code/main.cpp","InsertionSortTest2_Modified"
"Inner Loop (Shifting Elements)2",0.000091,228,"./Code/main.cpp","InsertionSortTest2_Modified"
"Inner Loop (Shifting Elements)2",0.000093,228,"./Code/main.cpp","InsertionSortTest2_Modified"
"Inner Loop (Shifting Elements)2",0.000095,228,"./Code/main.cpp","InsertionSortTest2_Modified"
"Inner Loop (Shifting Elements)2",0.000094,228,"./Code/main.cpp","InsertionSortTest2_Modified"
"Inner Loop (Shifting Elements)2",0.000093,228,"./Code/main.cpp","InsertionSortTest2_Modified"
"Inner Loop (Shifting Elements)2",0.000095,228,"./Code/main.cpp","InsertionSortTest2_Modified"
"Inner Loop (Shifting Elements)2",0.000093,228,"./Code/main.cpp","InsertionSortTest2_Modified"
"Inner Loop (Shifting Elements)2",0.000091,228,"./Code/main.cpp","InsertionSortTest2_Modified"
"Inner Loop (Shifting Elements)2",0.000093,228,"./Code/main.cpp","InsertionSortTest2_Modified"
"Inner Loop (Shifting Elements)2",0.000094,228,"./Code/main.cpp","InsertionSortTest2_Modified"
"Key Assignment2",0.000092,235,"./Code/main.cpp","InsertionSortTest2_Modified"
"Outer Loop2",0.006138,237,"./Code/main.cpp","InsertionSortTest2_Modified"
"Inner Loop (Shifting Elements)2",0.000095,228,"./Code/main.cpp","InsertionSortTest2_Modified"
"Inner Loop (Shifting Elements)2",0.000091,228,"./Code/main.cpp","InsertionSortTest2_Modified"
"Inner Loop (Shifting Elements)2",0.000092,228,"./Code/main.cpp","InsertionSortTest2_Modified"
"Key Assignment2",0.000092,235,"./Code/main.cpp","InsertionSortTest2_Modified"
"Outer Loop2",0.001671,237,"./Code/main.cpp","InsertionSortTest2_Modified"
"Inner Loop (Shifting Elements)2",0.000091,228,"./Code/main.cpp","InsertionSortTest2_Modified"
"Inner Loop (Shifting Elements)2",0.000096,228,"./Code/main.cpp","InsertionSortTest2_Modified"
"Inner Loop (Shifting Elements)2",0.000092,228,"./Code/main.cpp","InsertionSortTest2_Modified"
"Inner Loop (Shifting Elements)2",0.000099,228,"./Code/main.cpp","InsertionSortTest2_Modified"
"Inner Loop (Shifting Elements)2",0.000092,228,"./Code/main.cpp","InsertionSortTest2_Modified"
"Inner Loop (Shifting Elements)2",0.000095,228,"./Code/main.cpp","InsertionSortTest2_Modified"
"Inner Loop (Shifting Elements)2",0.000091,228,"./Code/main.cpp","InsertionSortTest2_Modified"
"Inner Loop (Shifting Elements)2",0.000095,228,"./Code/main.cpp","InsertionSortTest2_Modified"
"Inner Loop (Shifting Elements)2",0.000092,228,"./Code/main.cpp","InsertionSortTest2_Modified"
"Inner Loop (Shifting Elements)2",0.000093,228,"./Code/main.cpp","InsertionSortTest2_Modified"
"Inner Loop (Shifting Elements)2",0.000095,228,"./Code/main.cpp","InsertionSortTest2_Modified"
"Inner Loop (Shifting Elements)2",0.000093,228,"./Code/main.cpp","InsertionSortTest2_Modified"
"Inner Loop (Shifting Elements)2",0.000096,228,"./Code/main.cpp","InsertionSortTest2_Modified"
"Inner Loop (Shifting Elements)2",0.000094,228,"./Code/main.cpp","InsertionSortTest2_Modified"
"Inner Loop (Shifting Elements)2",0.000093,228,"./Code/main.cpp","InsertionSortTest2_Modified"
"Inner Loop (Shifting Elements)2",0.000094,228,"./Code/main.cpp","InsertionSortTest2_Modified"
"Inner Loop (Shifting Elements)2",0.000092,228,"./Code/main.cpp","InsertionSortTest2_Modified"
"Inner Loop (Shifting Elements)2",0.000092,228,"./Code/main.cpp","InsertionSortTest2_Modified"
"Inner Loop (Shifting Elements)2",0.000095,228,"./Code/main.cpp","InsertionSortTest2_Modified"
"Inner Loop (Shifting Elements)2",0.000093,228,"./Code/main.cpp","InsertionSortTest2_Modified"
"Inner Loop (Shifting Elements)2",0.000093,228,"./Code/main.cpp","InsertionSortTest2_Modified"
"Inner Loop (Shifting Elements)2",0.000091,228,"./Code/main.cpp","InsertionSortTest2_Modified"
"Inner Loop (Shifting Elements)2",0.000093,228,"./Code/main.cpp","InsertionSortTest2_Modified"
"Inner Loop (Shifting Elements)2",0.000092,228,"./Code/main.cpp","InsertionSortTest2_Modified"
"Inner Loop (Shifting Elements)2",0.000091,228,"./Code/main.cpp","InsertionSortTest2_Modified"
"Inner Loop (Shifting Elements)2",0.000094,228,"./Code/main.cpp","InsertionSortTest2_Modified"
"Inner Loop (Shifting Elements)2",0.000097,228,"./Code/main.cpp","InsertionSortTest2_Modified"
"Inner Loop (Shifting Elements)2",0.000092,228,"./Code/main.cpp","InsertionSortTest2_Modified"
"Inner Loop (Shifting Elements)2",0.000095,228,"./Code/main.cpp","InsertionSortTest2_Modified"
"Inner Loop (Shifting Elements)2",0.000093,228,"./Code/main.cpp","InsertionSortTest2_Modified"
"Inner Loop (Shifting Elements)2",0.000094,228,"./Code/main.cpp","InsertionSortTest2_Modified"
"Inner Loop (Shifting Elements)2",0.000094,228,"./Code/main.cpp","InsertionSortTest2_Modified"
"Inner Loop (Shifting Elements)2",0.000093,228,"./Code/main.cpp","InsertionSortTest2_Modified"
"Inner Loop (Shifting Elements)2",0.000095,228,"./Code/main.cpp","InsertionSortTest2_Modified"
"Inner Loop (Shifting Elements)2",0.000092,228,"./Code/main.cpp","InsertionSortTest2_Modified"
"Inner Loop (Shifting Elements)2",0.000093,228,"./Code/main.cpp","InsertionSortTest2_Modified"
"Inner Loop (Shifting Elements)2",0.000095,228,"./Code/main.cpp","InsertionSortTest2_Modified"
"Key Assignment2",0.000091,235,"./Code/main.cpp","InsertionSortTest2_Modified"
"Outer Loop2",0.015592,237,"./Code/main.cpp","InsertionSortTest2_Modified"
"Inner Loop (Shifting Elements)2",0.000092,228,"./Code/main.cpp","InsertionSortTest2_Modified"
"Inner Loop (Shifting Elements)2",0.000093,228,"./Code/main.cpp","InsertionSortTest2_Modified"
"Inner Loop (Shifting Elements)2",0.000096,228,"./Code/main.cpp","InsertionSortTest2_Modified"
"Inner Loop (Shifting Elements)2",0.000097,228,"./Code/main.cpp","InsertionSortTest2_Modified"
"Inner Loop (Shifting Elements)2",0.000097,228,"./Code/main.cpp","InsertionSortTest2_Modified"
"Inner Loop (Shifting Elements)2",0.000095,228,"./Code/main.cpp","InsertionSortTest2_Modified"
"Inner Loop (Shifting Elements)2",0.000138,228,"./Code/main.cpp","InsertionSortTest2_Modified"
"Inner Loop (Shifting Elements)2",0.000107,228,"./Code/main.cpp","InsertionSortTest2_Modified"
"Inner Loop (Shifting Elements)2",0.000141,228,"./Code/main.cpp","InsertionSortTest2_Modified"
"Inner Loop (Shifting Elements)2",0.000098,228,"./Code/main.cpp","InsertionSortTest2_Modified"
"Inner Loop (Shifting Elements)2",0.000128,228,"./Code/main.cpp","InsertionSortTest2_Modified"
"Inner Loop (Shifting Elements)2",0.000091,228,"./Code/main.cpp","InsertionSortTest2_Modified"
"Inner Loop (Shifting Elements)2",0.000089,228,"./Code/main.cpp","InsertionSortTest2_Modified"
"Inner Loop (Shifting Elements)2",0.000094,228,"./Code/main.cpp","InsertionSortTest2_Modified"
"Inner Loop (Shifting Elements)2",0.000090,228,"./Code/main.cpp","InsertionSortTest2_Modified"
"Inner Loop (Shifting Elements)2",0.000092,228,"./Code/main.cpp","InsertionSortTest2_Modified"
"Inner Loop (Shifting Elements)2",0.000092,228,"./Code/main.cpp","InsertionSortTest2_Modified"
"Inner Loop (Shifting Elements)2",0.000092,228,"./Code/main.cpp","InsertionSortTest2_Modified"
"Inner Loop (Shifting Elements)2",0.000092,228,"./Code/main.cpp","InsertionSortTest2_Modified"
"Key Assignment2",0.000091,235,"./Code/main.cpp","InsertionSortTest2_Modified"
"Outer Loop2",0.011721,237,"./Code/main.cpp","InsertionSortTest2_Modified"
"Inner Loop (Shifting Elements)2",0.000094,228,"./Code/main.cpp","InsertionSortTest2_Modified"
"Inner Loop (Shifting Elements)2",0.000094,228,"./Code/main.cpp","InsertionSortTest2_Modified"
"Inner Loop (Shifting Elements)2",0.000094,228,"./Code/main.cpp","InsertionSortTest2_Modified"
"Inner Loop (Shifting Elements)2",0.000094,228,"./Code/main.cpp","InsertionSortTest2_Modified"
"Inner Loop (Shifting Elements)2",0.000093,228,"./Code/main.cpp","InsertionSortTest2_Modified"
"Inner Loop (Shifting Elements)2",0.000096,228,"./Code/main.cpp","InsertionSortTest2_Modified"
"Inner Loop (Shifting Elements)2",0.000096,228,"./Code/main.cpp","InsertionSortTest2_Modified"
"Inner Loop (Shifting Elements)2",0.000096,228,"./Code/main.cpp","InsertionSortTest2_Modified"
"Key Assignment2",0.000089,235,"./Code/main.cpp","InsertionSortTest2_Modified"
"Outer Loop2",0.003685,237,"./Code/main.cpp","InsertionSortTest2_Modified"
"Inner Loop (Shifting Elements)2",0.000091,228,"./Code/main.cpp","InsertionSortTest2_Modified"
"Inner Loop (Shifting Elements)2",0.000092,228,"./Code/main.cpp","InsertionSortTest2_Modified"
"Inner Loop (Shifting Elements)2",0.000090,228,"./Code/main.cpp","InsertionSortTest2_Modified"
"Inner Loop (Shifting Elements)2",0.000092,228,"./Code/main.cpp","InsertionSortTest2_Modified"
"Inner Loop (Shifting Elements)2",0.000092,228,"./Code/main.cpp","InsertionSortTest2_Modified"
"Inner Loop (Shifting Elements)2",0.000092,228,"./Code/main.cpp","InsertionSortTest2_Modified"
"Inner Loop (Shifting Elements)2",0.000093,228,"./Code/main.cpp","InsertionSortTest2_Modified"
"Inner Loop (Shifting Elements)2",0.000091,228,"./Code/main.cpp","InsertionSortTest2_Modified"
"Inner Loop (Shifting Elements)2",0.000092,228,"./Code/main.cpp","InsertionSortTest2_Modified"
"Inner Loop (Shifting Elements)2",0.000090,228,"./Code/main.cpp","InsertionSortTest2_Modified"
"Inner Loop (Shifting Elements)2",0.000092,228,"./Code/main.cpp","InsertionSortTest2_Modified"
"Inner Loop (Shifting Elements)2",0.000090,228,"./Code/main.cpp","InsertionSortTest2_Modified"
"Inner Loop (Shifting Elements)2",0.000093,228,"./Code/main.cpp","InsertionSortTest2_Modified"
"Inner Loop (Shifting Elements)2",0.000090,228,"./Code/main.cpp","InsertionSortTest2_Modified"
"Inner Loop (Shifting Elements)2",0.000091,228,"./Code/main.cpp","InsertionSortTest2_Modified"
"Inner Loop (Shifting Elements)2",0.000091,228,"./Code/main.cpp","InsertionSortTest2_Modified"
"Inner Loop (Shifting Elements)2",0.000093,228,"./Code/main.cpp","InsertionSortTest2_Modified"
"Inner Loop (Shifting Elements)2",0.000093,228,"./Code/main.cpp","InsertionSortTest2_Modified"
"Inner Loop (Shifting Elements)2",0.000091,228,"./Code/main.cpp","InsertionSortTest2_Modified"
"Inner Loop (Shifting Elements)2",0.000092,228,"./Code/main.cpp","InsertionSortTest2_Modified"
"Inner Loop (Shifting Elements)2",0.000094,228,"./Code/main.cpp","InsertionSortTest2_Modified"
"Inner Loop (Shifting Elements)2",0.000094,228,"./Code/main.cpp","InsertionSortTest2_Modified"
"Inner Loop (Shifting Elements)2",0.000093,228,"./Code/main.cpp","InsertionSortTest2_Modified"
"Inner Loop (Shifting Elements)2",0.000091,228,"./Code/main.cpp","InsertionSortTest2_Modified"
"Inner Loop (Shifting Elements)2",0.000092,228,"./Code/main.cpp","InsertionSortTest2_Modified"
"Inner Loop (Shifting Elements)2",0.000091,228,"./Code/main.cpp","InsertionSortTest2_Modified"
"Inner Loop (Shifting Elements)2",0.000096,228,"./Code/main.cpp","InsertionSortTest2_Modified"
"Inner Loop (Shifting Elements)2",0.000095,228,"./Code/main.cpp","InsertionSortTest2_Modified"
"Inner Loop (Shifting Elements)2",0.000091,228,"./Code/main.cpp","InsertionSortTest2_Modified"
"Inner Loop (Shifting Elements)2",0.000094,228,"./Code/main.cpp","InsertionSortTest2_Modified"
"Inner Loop (Shifting Elements)2",0.000091,228,"./Code/main.cpp","InsertionSortTest2_Modified"
"Inner Loop (Shifting Elements)2",0.000092,228,"./Code/main.cpp","InsertionSortTest2_Modified"
"Key Assignment2",0.000092,235,"./Code/main.cpp","InsertionSortTest2_Modified"
"Outer Loop2",0.013331,237,"./Code/main.cpp","InsertionSortTest2_Modified"
"Inner Loop (Shifting Elements)2",0.000091,228,"./Code/main.cpp","InsertionSortTest2_Modified"
"Inner Loop (Shifting Elements)2",0.000093,228,"./Code/main.cpp","InsertionSortTest2_Modified"
"Inner Loop (Shifting Elements)2",0.000092,228,"./Code/main.cpp","InsertionSortTest2_Modified"
"Inner Loop (Shifting Elements)2",0.000091,228,"./Code/main.cpp","InsertionSortTest2_Modified"
"Inner Loop (Shifting Elements)2",0.000093,228,"./Code/main.cpp","InsertionSortTest2_Modified"
"Inner Loop (Shifting Elements)2",0.000094,228,"./Code/main.cpp","InsertionSortTest2_Modified"
"Inner Loop (Shifting Elements)2",0.000089,228,"./Code/main.cpp","InsertionSortTest2_Modified"
"Inner Loop (Shifting Elements)2",0.000091,228,"./Code/main.cpp","InsertionSortTest2_Modified"
"Inner Loop (Shifting Elements)2",0.000091,228,"./Code/main.cpp","InsertionSortTest2_Modified"
"Inner Loop (Shifting Elements)2",0.000091,228,"./Code/main.cpp","InsertionSortTest2_Modified"
"Inner Loop (Shifting Elements)2",0.000097,228,"./Code/main.cpp","InsertionSortTest2_Modified"
"Inner Loop (Shifting Elements)2",0.000093,228,"./Code/main.cpp","InsertionSortTest2_Modified"
"Inner Loop (Shifting Elements)2",0.000094,228,"./Code/main.cpp","InsertionSortTest2_Modified"
"Inner Loop (Shifting Elements)2",0.000090,228,"./Code/main.cpp","InsertionSortTest2_Modified"
"Inner Loop (Shifting Elements)2",0.000093,228,"./Code/main.cpp","InsertionSortTest2_Modified"
"Inner Loop (Shifting Elements)2",0.000091,228,"./Code/main.cpp","InsertionSortTest2_Modified"
"Inner Loop (Shifting Elements)2",0.000090,228,"./Code/main.cpp","InsertionSortTest2_Modified"
"Inner Loop (Shifting Elements)2",0.000092,228,"./Code/main.cpp","InsertionSortTest2_Modified"
"Inner Loop (Shifting Elements)2",0.000092,228,"./Code/main.cpp","InsertionSortTest2_Modified"
"Inner Loop (Shifting Elements)2",0.000092,228,"./Code/main.cpp","InsertionSortTest2_Modified"
"Inner Loop (Shifting Elements)2",0.000093,228,"./Code/main.cpp","InsertionSortTest2_Modified"
"Inner Loop (Shifting Elements)2",0.000092,228,"./Code/main.cpp","InsertionSortTest2_Modified"
"Inner Loop (Shifting Elements)2",0.000093,228,"./Code/main.cpp","InsertionSortTest2_Modified"
"Inner Loop (Shifting Elements)2",0.000093,228,"./Code/main.cpp","InsertionSortTest2_Modified"
"Key Assignment2",0.000094,235,"./Code/main.cpp","InsertionSortTest2_Modified"
"Outer Loop2",0.010261,237,"./Code/main.cpp","InsertionSortTest2_Modified"
"Inner Loop (Shifting Elements)2",0.000091,228,"./Code/main.cpp","InsertionSortTest2_Modified"
"Inner Loop (Shifting Elements)2",0.000179,228,"./Code/main.cpp","InsertionSortTest2_Modified"
"Inner Loop (Shifting Elements)2",0.000113,228,"./Code/main.cpp","InsertionSortTest2_Modified"
"Inner Loop (Shifting Elements)2",0.000136,228,"./Code/main.cpp","InsertionSortTest2_Modified"
"Inner Loop (Shifting Elements)2",0.000099,228,"./Code/main.cpp","InsertionSortTest2_Modified"
"Inner Loop (Shifting Elements)2",0.000101,228,"./Code/main.cpp","InsertionSortTest2_Modified"
"Inner Loop (Shifting Elements)2",0.000098,228,"./Code/main.cpp","InsertionSortTest2_Modified"
"Inner Loop (Shifting Elements)2",0.000094,228,"./Code/main.cpp","InsertionSortTest2_Modified"
"Inner Loop (Shifting Elements)2",0.000092,228,"./Code/main.cpp","InsertionSortTest2_Modified"
"Inner Loop (Shifting Elements)2",0.000093,228,"./Code/main.cpp","InsertionSortTest2_Modified"
"Inner Loop (Shifting Elements)2",0.000093,228,"./Code/main.cpp","InsertionSortTest2_Modified"
"Inner Loop (Shifting Elements)2",0.000093,228,"./Code/main.cpp","InsertionSortTest2_Modified"
"Key Assignment2",0.000094,235,"./Code/main.cpp","InsertionSortTest2_Modified"
"Outer Loop2",0.007808,237,"./Code/main.cpp","InsertionSortTest2_Modified"
"Key Assignment2",0.000097,235,"./Code/main.cpp","InsertionSortTest2_Modified"
"Outer Loop2",0.000472,237,"./Code/main.cpp","InsertionSortTest2_Modified"
"Inner Loop (Shifting Elements)2",0.000093,228,"./Code/main.cpp","InsertionSortTest2_Modified"
"Inner Loop (Shifting Elements)2",0.000094,228,"./Code/main.cpp","InsertionSortTest2_Modified"
"Inner Loop (Shifting Elements)2",0.000096,228,"./Code/main.cpp","InsertionSortTest2_Modified"
"Inner Loop (Shifting Elements)2",0.000090,228,"./Code/main.cpp","InsertionSortTest2_Modified"
"Inner Loop (Shifting Elements)2",0.000095,228,"./Code/main.cpp","InsertionSortTest2_Modified"
"Inner Loop (Shifting Elements)2",0.000092,228,"./Code/main.cpp","InsertionSortTest2_Modified"
"Inner Loop (Shifting Elements)2",0.000094,228,"./Code/main.cpp","InsertionSortTest2_Modified"
"Inner Loop (Shifting Elements)2",0.000093,228,"./Code/main.cpp","InsertionSortTest2_Modified"
"Inner Loop (Shifting Elements)2",0.000093,228,"./Code/main.cpp","InsertionSortTest2_Modified"
"Inner Loop (Shifting Elements)2",0.000095,228,"./Code/main.cpp","InsertionSortTest2_Modified"
"Inner Loop (Shifting Elements)2",0.000092,228,"./Code/main.cpp","InsertionSortTest2_Modified"
"Inner Loop (Shifting Elements)2",0.000094,228,"./Code/main.cpp","InsertionSortTest2_Modified"
"Inner Loop (Shifting Elements)2",0.000093,228,"./Code/main.cpp","InsertionSortTest2_Modified"
"Inner Loop (Shifting Elements)2",0.000092,228,"./Code/main.cpp","InsertionSortTest2_Modified"
"Inner Loop (Shifting Elements)2",0.000091,228,"./Code/main.cpp","InsertionSortTest2_Modified"
"Inner Loop (Shifting Elements)2",0.000091,228,"./Code/main.cpp","InsertionSortTest2_Modified"
"Inner Loop (Shifting Elements)2",0.000092,228,"./Code/main.cpp","InsertionSortTest2_Modified"
"Inner Loop (Shifting Elements)2",0.000093,228,"./Code/main.cpp","InsertionSortTest2_Modified"
"Inner Loop (Shifting Elements)2",0.000093,228,"./Code/main.cpp","InsertionSortTest2_Modified"
"Inner Loop (Shifting Elements)2",0.000094,228,"./Code/main.cpp","InsertionSortTest2_Modified"
"Inner Loop (Shifting Elements)2",0.000094,228,"./Code/main.cpp","InsertionSortTest2_Modified"
"Inner Loop (Shifting Elements)2",0.000093,228,"./Code/main.cpp","InsertionSortTest2_Modified"
"Inner Loop (Shifting Elements)2",0.000090,228,"./Code/main.cpp","InsertionSortTest2_Modified"
"Inner Loop (Shifting Elements)2",0.000092,228,"./Code/main.cpp","InsertionSortTest2_Modified"
"Inner Loop (Shifting Elements)2",0.000091,228,"./Code/main.cpp","InsertionSortTest2_Modified"
"Inner Loop (Shifting Elements)2",0.000091,228,"./Code/main.cpp","InsertionSortTest2_Modified"
"Inner Loop (Shifting Elements)2",0.000093,228,"./Code/main.cpp","InsertionSortTest2_Modified"
"Inner Loop (Shifting Elements)2",0.000091,228,"./Code/main.cpp","InsertionSortTest2_Modified"
"Inner Loop (Shifting Elements)2",0.000092,228,"./Code/main.cpp","InsertionSortTest2_Modified"
"Inner Loop (Shifting Elements)2",0.000091,228,"./Code/main.cpp","InsertionSortTest2_Modified"
"Inner Loop (Shifting Elements)2",0.000092,228,"./Code/main.cpp","InsertionSortTest2_Modified"
"Key Assignment2",0.000089,235,"./Code/main.cpp","InsertionSortTest2_Modified"
"Outer Loop2",0.013139,237,"./Code/main.cpp","InsertionSortTest2_Modified"
"Inner Loop (Shifting Elements)2",0.000094,228,"./Code/main.cpp","InsertionSortTest2_Modified"
"Inner Loop (Shifting Elements)2",0.000094,228,"./Code/main.cpp","InsertionSortTest2_Modified"
"Inner Loop (Shifting Elements)2",0.000092,228,"./Code/main.cpp","InsertionSortTest2_Modified"
"Inner Loop (Shifting Elements)2",0.000092,228,"./Code/main.cpp","InsertionSortTest2_Modified"
"Inner Loop (Shifting Elements)2",0.000093,228,"./Code/main.cpp","InsertionSortTest2_Modified"
"Inner Loop (Shifting Elements)2",0.000093,228,"./Code/main.cpp","InsertionSortTest2_Modified"
"Inner Loop (Shifting Elements)2",0.000130,228,"./Code/main.cpp","InsertionSortTest2_Modified"
"Inner Loop (Shifting Elements)2",0.000093,228,"./Code/main.cpp","InsertionSortTest2_Modified"
"Inner Loop (Shifting Elements)2",0.000093,228,"./Code/main.cpp","InsertionSortTest2_Modified"
"Inner Loop (Shifting Elements)2",0.000093,228,"./Code/main.cpp","InsertionSortTest2_Modified"
"Inner Loop (Shifting Elements)2",0.000096,228,"./Code/main.cpp","InsertionSortTest2_Modified"
"Inner Loop (Shifting Elements)2",0.000092,228,"./Code/main.cpp","InsertionSortTest2_Modified"
"Inner Loop (Shifting Elements)2",0.000094,228,"./Code/main.cpp","InsertionSortTest2_Modified"
"Inner Loop (Shifting Elements)2",0.000093,228,"./Code/main.cpp","InsertionSortTest2_Modified"
"Inner Loop (Shifting Elements)2",0.000095,228,"./Code/main.cpp","InsertionSortTest2_Modified"
"Inner Loop (Shifting Elements)2",0.000091,228,"./Code/main.cpp","InsertionSortTest2_Modified"
"Inner Loop (Shifting Elements)2",0.000095,228,"./Code/main.cpp","InsertionSortTest2_Modified"
"Inner Loop (Shifting Elements)2",0.000093,228,"./Code/main.cpp","InsertionSortTest2_Modified"
"Key Assignment2",0.000094,235,"./Code/main.cpp","InsertionSortTest2_Modified"
"Outer Loop2",0.007760,237,"./Code/main.cpp","InsertionSortTest2_Modified"
"Inner Loop (Shifting Elements)2",0.000092,228,"./Code/main.cpp","InsertionSortTest2_Modified"
"Inner Loop (Shifting Elements)2",0.000094,228,"./Code/main.cpp","InsertionSortTest2_Modified"
"Inner Loop (Shifting Elements)2",0.000093,228,"./Code/main.cpp","InsertionSortTest2_Modified"
"Inner Loop (Shifting Elements)2",0.000093,228,"./Code/main.cpp","InsertionSortTest2_Modified"
"Key Assignment2",0.000091,235,"./Code/main.cpp","InsertionSortTest2_Modified"
"Outer Loop2",0.002093,237,"./Code/main.cpp","InsertionSortTest2_Modified"
"Inner Loop (Shifting Elements)2",0.000092,228,"./Code/main.cpp","InsertionSortTest2_Modified"
"Inner Loop (Shifting Elements)2",0.000123,228,"./Code/main.cpp","InsertionSortTest2_Modified"
"Inner Loop (Shifting Elements)2",0.000093,228,"./Code/main.cpp","InsertionSortTest2_Modified"
"Inner Loop (Shifting Elements)2",0.000091,228,"./Code/main.cpp","InsertionSortTest2_Modified"
"Inner Loop (Shifting Elements)2",0.000093,228,"./Code/main.cpp","InsertionSortTest2_Modified"
"Inner Loop (Shifting Elements)2",0.000093,228,"./Code/main.cpp","InsertionSortTest2_Modified"
"Inner Loop (Shifting Elements)2",0.000094,228,"./Code/main.cpp","InsertionSortTest2_Modified"
"Inner Loop (Shifting Elements)2",0.000094,228,"./Code/main.cpp","InsertionSortTest2_Modified"
"Inner Loop (Shifting Elements)2",0.000094,228,"./Code/main.cpp","InsertionSortTest2_Modified"
"Inner Loop (Shifting Elements)2",0.000092,228,"./Code/main.cpp","InsertionSortTest2_Modified"
"Inner Loop (Shifting Elements)2",0.000094,228,"./Code/main.cpp","InsertionSortTest2_Modified"
"Inner Loop (Shifting Elements)2",0.000114,228,"./Code/main.cpp","InsertionSortTest2_Modified"
"Inner Loop (Shifting Elements)2",0.000105,228,"./Code/main.cpp","InsertionSortTest2_Modified"
"Inner Loop (Shifting Elements)2",0.000108,228,"./Code/main.cpp","InsertionSortTest2_Modified"
"Inner Loop (Shifting Elements)2",0.000123,228,"./Code/main.cpp","InsertionSortTest2_Modified"
"Inner Loop (Shifting Elements)2",0.000099,228,"./Code/main.cpp","InsertionSortTest2_Modified"
"Inner Loop (Shifting Elements)2",0.000137,228,"./Code/main.cpp","InsertionSortTest2_Modified"
"Inner Loop (Shifting Elements)2",0.000138,228,"./Code/main.cpp","InsertionSortTest2_Modified"
"Inner Loop (Shifting Elements)2",0.000181,228,"./Code/main.cpp","InsertionSortTest2_Modified"
"Inner Loop (Shifting Elements)2",0.000153,228,"./Code/main.cpp","InsertionSortTest2_Modified"
"Inner Loop (Shifting Elements)2",0.000154,228,"./Code/main.cpp","InsertionSortTest2_Modified"
"Inner Loop (Shifting Elements)2",0.000169,228,"./Code/main.cpp","InsertionSortTest2_Modified"
"Inner Loop (Shifting Elements)2",0.000157,228,"./Code/main.cpp","InsertionSortTest2_Modified"
"Inner Loop (Shifting Elements)2",0.000170,228,"./Code/main.cpp","InsertionSortTest2_Modified"
"Inner Loop (Shifting Elements)2",0.000150,228,"./Code/main.cpp","InsertionSortTest2_Modified"
"Inner Loop (Shifting Elements)2",0.000147,228,"./Code/main.cpp","InsertionSortTest2_Modified"
"Inner Loop (Shifting Elements)2",0.000150,228,"./Code/main.cpp","InsertionSortTest2_Modified"
"Inner Loop (Shifting Elements)2",0.000187,228,"./Code/main.cpp","InsertionSortTest2_Modified"
"Inner Loop (Shifting Elements)2",0.000258,228,"./Code/main.cpp","InsertionSortTest2_Modified"
"Inner Loop (Shifting Elements)2",0.000168,228,"./Code/main.cpp","InsertionSortTest2_Modified"
"Inner Loop (Shifting Elements)2",0.000152,228,"./Code/main.cpp","InsertionSortTest2_Modified"
"Inner Loop (Shifting Elements)2",0.000192,228,"./Code/main.cpp","InsertionSortTest2_Modified"
"Inner Loop (Shifting Elements)2",0.000153,228,"./Code/main.cpp","InsertionSortTest2_Modified"
"Inner Loop (Shifting Elements)2",0.000167,228,"./Code/main.cpp","InsertionSortTest2_Modified"
"Inner Loop (Shifting Elements)2",0.000189,228,"./Code/main.cpp","InsertionSortTest2_Modified"
"Inner Loop (Shifting Elements)2",0.000146,228,"./Code/main.cpp","InsertionSortTest2_Modified"
"Inner Loop (Shifting Elements)2",0.000177,228,"./Code/main.cpp","InsertionSortTest2_Modified"
"Inner Loop (Shifting Elements)2",0.000180,228,"./Code/main.cpp","InsertionSortTest2_Modified"
"Inner Loop (Shifting Elements)2",0.000142,228,"./Code/main.cpp","InsertionSortTest2_Modified"
"Inner Loop (Shifting Elements)2",0.000142,228,"./Code/main.cpp","InsertionSortTest2_Modified"
"Inner Loop (Shifting Elements)2",0.000150,228,"./Code/main.cpp","InsertionSortTest2_Modified"
"Inner Loop (Shifting Elements)2",0.000166,228,"./Code/main.cpp","InsertionSortTest2_Modified"
"Inner Loop (Shifting Elements)2",0.000165,228,"./Code/main.cpp","InsertionSortTest2_Modified"
"Inner Loop (Shifting Elements)2",0.000180,228,"./Code/main.cpp","InsertionSortTest2_Modified"
"Inner Loop (Shifting Elements)2",0.000158,228,"./Code/main.cpp","InsertionSortTest2_Modified"
"Inner Loop (Shifting Elements)2",0.000132,228,"./Code/main.cpp","InsertionSortTest2_Modified"
"Key Assignment2",0.000135,235,"./Code/main.cpp","InsertionSortTest2_Modified"
"Outer Loop2",0.031105,237,"./Code/main.cpp","InsertionSortTest2_Modified"
"Inner Loop (Shifting Elements)2",0.000139,228,"./Code/main.cpp","InsertionSortTest2_Modified"
"Inner Loop (Shifting Elements)2",0.000176,228,"./Code/main.cpp","InsertionSortTest2_Modified"
"Inner Loop (Shifting Elements)2",0.000146,228,"./Code/main.cpp","InsertionSortTest2_Modified"
"Inner Loop (Shifting Elements)2",0.000145,228,"./Code/main.cpp","InsertionSortTest2_Modified"
"Inner Loop (Shifting Elements)2",0.000164,228,"./Code/main.cpp","InsertionSortTest2_Modified"
"Inner Loop (Shifting Elements)2",0.000160,228,"./Code/main.cpp","InsertionSortTest2_Modified"
"Inner Loop (Shifting Elements)2",0.000163,228,"./Code/main.cpp","InsertionSortTest2_Modified"
"Inner Loop (Shifting Elements)2",0.000165,228,"./Code/main.cpp","InsertionSortTest2_Modified"
"Inner Loop (Shifting Elements)2",0.000159,228,"./Code/main.cpp","InsertionSortTest2_Modified"
"Inner Loop (Shifting Elements)2",0.000198,228,"./Code/main.cpp","InsertionSortTest2_Modified"
"Inner Loop (Shifting Elements)2",0.000152,228,"./Code/main.cpp","InsertionSortTest2_Modified"
"Inner Loop (Shifting Elements)2",0.000158,228,"./Code/main.cpp","InsertionSortTest2_Modified"
"Inner Loop (Shifting Elements)2",0.000157,228,"./Code/main.cpp","InsertionSortTest2_Modified"
"Inner Loop (Shifting Elements)2",0.000145,228,"./Code/main.cpp","InsertionSortTest2_Modified"
"Inner Loop (Shifting Elements)2",0.000143,228,"./Code/main.cpp","InsertionSortTest2_Modified"
"Inner Loop (Shifting Elements)2",0.000189,228,"./Code/main.cpp","InsertionSortTest2_Modified"
"Inner Loop (Shifting Elements)2",0.000147,228,"./Code/main.cpp","InsertionSortTest2_Modified"
"Inner Loop (Shifting Elements)2",0.000132,228,"./Code/main.cpp","InsertionSortTest2_Modified"
"Inner Loop (Shifting Elements)2",0.000235,228,"./Code/main.cpp","InsertionSortTest2_Modified"
"Inner Loop (Shifting Elements)2",0.000119,228,"./Code/main.cpp","InsertionSortTest2_Modified"
"Inner Loop (Shifting Elements)2",0.000111,228,"./Code/main.cpp","InsertionSortTest2_Modified"
"Inner Loop (Shifting Elements)2",0.000112,228,"./Code/main.cpp","InsertionSortTest2_Modified"
"Inner Loop (Shifting Elements)2",0.000112,228,"./Code/main.cpp","InsertionSortTest2_Modified"
"Inner Loop (Shifting Elements)2",0.000093,228,"./Code/main.cpp","InsertionSortTest2_Modified"
"Key Assignment2",0.000124,235,"./Code/main.cpp","InsertionSortTest2_Modified"
"Outer Loop2",0.017335,237,"./Code/main.cpp","InsertionSortTest2_Modified"
"Inner Loop (Shifting Elements)2",0.000090,228,"./Code/main.cpp","InsertionSortTest2_Modified"
"Inner Loop (Shifting Elements)2",0.000093,228,"./Code/main.cpp","InsertionSortTest2_Modified"
"Inner Loop (Shifting Elements)2",0.000094,228,"./Code/main.cpp","InsertionSortTest2_Modified"
"Inner Loop (Shifting Elements)2",0.000095,228,"./Code/main.cpp","InsertionSortTest2_Modified"
"Inner Loop (Shifting Elements)2",0.000093,228,"./Code/main.cpp","InsertionSortTest2_Modified"
"Inner Loop (Shifting Elements)2",0.000094,228,"./Code/main.cpp","InsertionSortTest2_Modified"
"Inner Loop (Shifting Elements)2",0.000093,228,"./Code/main.cpp","InsertionSortTest2_Modified"
"Inner Loop (Shifting Elements)2",0.000128,228,"./Code/main.cpp","InsertionSortTest2_Modified"
"Inner Loop (Shifting Elements)2",0.000094,228,"./Code/main.cpp","InsertionSortTest2_Modified"
"Inner Loop (Shifting Elements)2",0.000094,228,"./Code/main.cpp","InsertionSortTest2_Modified"
"Key Assignment2",0.000093,235,"./Code/main.cpp","InsertionSortTest2_Modified"
"Outer Loop2",0.004599,237,"./Code/main.cpp","InsertionSortTest2_Modified"
"Inner Loop (Shifting Elements)2",0.000091,228,"./Code/main.cpp","InsertionSortTest2_Modified"
"Inner Loop (Shifting Elements)2",0.000119,228,"./Code/main.cpp","InsertionSortTest2_Modified"
"Inner Loop (Shifting Elements)2",0.000092,228,"./Code/main.cpp","InsertionSortTest2_Modified"
"Inner Loop (Shifting Elements)2",0.000092,228,"./Code/main.cpp","InsertionSortTest2_Modified"
"Inner Loop (Shifting Elements)2",0.000091,228,"./Code/main.cpp","InsertionSortTest2_Modified"
"Inner Loop (Shifting Elements)2",0.000093,228,"./Code/main.cpp","InsertionSortTest2_Modified"
"Inner Loop (Shifting Elements)2",0.000093,228,"./Code/main.cpp","InsertionSortTest2_Modified"
"Inner Loop (Shifting Elements)2",0.000093,228,"./Code/main.cpp","InsertionSortTest2_Modified"
"Inner Loop (Shifting Elements)2",0.000095,228,"./Code/main.cpp","InsertionSortTest2_Modified"
"Inner Loop (Shifting Elements)2",0.000327,228,"./Code/main.cpp","InsertionSortTest2_Modified"
"Inner Loop (Shifting Elements)2",0.000159,228,"./Code/main.cpp","InsertionSortTest2_Modified"
"Inner Loop (Shifting Elements)2",0.000143,228,"./Code/main.cpp","InsertionSortTest2_Modified"
"Inner Loop (Shifting Elements)2",0.000155,228,"./Code/main.cpp","InsertionSortTest2_Modified"
"Inner Loop (Shifting Elements)2",0.000169,228,"./Code/main.cpp","InsertionSortTest2_Modified"
"Inner Loop (Shifting Elements)2",0.000197,228,"./Code/main.cpp","InsertionSortTest2_Modified"
"Inner Loop (Shifting Elements)2",0.000216,228,"./Code/main.cpp","InsertionSortTest2_Modified"
"Inner Loop (Shifting Elements)2",0.000162,228,"./Code/main.cpp","InsertionSortTest2_Modified"
"Inner Loop (Shifting Elements)2",0.000148,228,"./Code/main.cpp","InsertionSortTest2_Modified"
"Inner Loop (Shifting Elements)2",0.000160,228,"./Code/main.cpp","InsertionSortTest2_Modified"
"Inner Loop (Shifting Elements)2",0.000172,228,"./Code/main.cpp","InsertionSortTest2_Modified"
"Inner Loop (Shifting Elements)2",0.000141,228,"./Code/main.cpp","InsertionSortTest2_Modified"
"Inner Loop (Shifting Elements)2",0.000160,228,"./Code/main.cpp","InsertionSortTest2_Modified"
"Inner Loop (Shifting Elements)2",0.000184,228,"./Code/main.cpp","InsertionSortTest2_Modified"
"Inner Loop (Shifting Elements)2",0.000171,228,"./Code/main.cpp","InsertionSortTest2_Modified"
"Inner Loop (Shifting Elements)2",0.000173,228,"./Code/main.cpp","InsertionSortTest2_Modified"
"Inner Loop (Shifting Elements)2",0.000164,228,"./Code/main.cpp","InsertionSortTest2_Modified"
"Inner Loop (Shifting Elements)2",0.000144,228,"./Code/main.cpp","InsertionSortTest2_Modified"
"Inner Loop (Shifting Elements)2",0.000151,228,"./Code/main.cpp","InsertionSortTest2_Modified"
"Inner Loop (Shifting Elements)2",0.000170,228,"./Code/main.cpp","InsertionSortTest2_Modified"
"Inner Loop (Shifting Elements)2",0.000132,228,"./Code/main.cpp","InsertionSortTest2_Modified"
"Inner Loop (Shifting Elements)2",0.000156,228,"./Code/main.cpp","InsertionSortTest2_Modified"
"Inner Loop (Shifting Elements)2",0.000152,228,"./Code/main.cpp","InsertionSortTest2_Modified"
"Inner Loop (Shifting Elements)2",0.000138,228,"./Code/main.cpp","InsertionSortTest2_Modified"
"Inner Loop (Shifting Elements)2",0.000136,228,"./Code/main.cpp","InsertionSortTest2_Modified"
"Inner Loop (Shifting Elements)2",0.000155,228,"./Code/main.cpp","InsertionSortTest2_Modified"
"Inner Loop (Shifting Elements)2",0.000132,228,"./Code/main.cpp","InsertionSortTest2_Modified"
"Inner Loop (Shifting Elements)2",0.000137,228,"./Code/main.cpp","InsertionSortTest2_Modified"
"Inner Loop (Shifting Elements)2",0.000131,228,"./Code/main.cpp","InsertionSortTest2_Modified"
"Inner Loop (Shifting Elements)2",0.000152,228,"./Code/main.cpp","InsertionSortTest2_Modified"
"Inner Loop (Shifting Elements)2",0.000132,228,"./Code/main.cpp","InsertionSortTest2_Modified"
"Key Assignment2",0.000177,235,"./Code/main.cpp","InsertionSortTest2_Modified"
"Outer Loop2",0.028048,237,"./Code/main.cpp","InsertionSortTest2_Modified"
"Inner Loop (Shifting Elements)2",0.000153,228,"./Code/main.cpp","InsertionSortTest2_Modified"
"Inner Loop (Shifting Elements)2",0.000134,228,"./Code/main.cpp","InsertionSortTest2_Modified"
"Inner Loop (Shifting Elements)2",0.000153,228,"./Code/main.cpp","InsertionSortTest2_Modified"
"Inner Loop (Shifting Elements)2",0.000134,228,"./Code/main.cpp","InsertionSortTest2_Modified"
"Inner Loop (Shifting Elements)2",0.000154,228,"./Code/main.cpp","InsertionSortTest2_Modified"
"Inner Loop (Shifting Elements)2",0.000138,228,"./Code/main.cpp","InsertionSortTest2_Modified"
"Inner Loop (Shifting Elements)2",0.000135,228,"./Code/main.cpp","InsertionSortTest2_Modified"
"Inner Loop (Shifting Elements)2",0.000175,228,"./Code/main.cpp","InsertionSortTest2_Modified"
"Inner Loop (Shifting Elements)2",0.000199,228,"./Code/main.cpp","InsertionSortTest2_Modified"
"Inner Loop (Shifting Elements)2",0.000181,228,"./Code/main.cpp","InsertionSortTest2_Modified"
"Inner Loop (Shifting Elements)2",0.000190,228,"./Code/main.cpp","InsertionSortTest2_Modified"
"Inner Loop (Shifting Elements)2",0.000162,228,"./Code/main.cpp","InsertionSortTest2_Modified"
"Inner Loop (Shifting Elements)2",0.000190,228,"./Code/main.cpp","InsertionSortTest2_Modified"
"Inner Loop (Shifting Elements)2",0.000169,228,"./Code/main.cpp","InsertionSortTest2_Modified"
"Inner Loop (Shifting Elements)2",0.000169,228,"./Code/main.cpp","InsertionSortTest2_Modified"
"Inner Loop (Shifting Elements)2",0.000145,228,"./Code/main.cpp","InsertionSortTest2_Modified"
"Inner Loop (Shifting Elements)2",0.000153,228,"./Code/main.cpp","InsertionSortTest2_Modified"
"Inner Loop (Shifting Elements)2",0.000164,228,"./Code/main.cpp","InsertionSortTest2_Modified"
"Inner Loop (Shifting Elements)2",0.000149,228,"./Code/main.cpp","InsertionSortTest2_Modified"
"Inner Loop (Shifting Elements)2",0.000175,228,"./Code/main.cpp","InsertionSortTest2_Modified"
"Inner Loop (Shifting Elements)2",0.000109,228,"./Code/main.cpp","InsertionSortTest2_Modified"
"Inner Loop (Shifting Elements)2",0.000106,228,"./Code/main.cpp","InsertionSortTest2_Modified"
"Inner Loop (Shifting Elements)2",0.000108,228,"./Code/main.cpp","InsertionSortTest2_Modified"
"Inner Loop (Shifting Elements)2",0.000097,228,"./Code/main.cpp","InsertionSortTest2_Modified"
"Inner Loop (Shifting Elements)2",0.000095,228,"./Code/main.cpp","InsertionSortTest2_Modified"
"Inner Loop (Shifting Elements)2",0.000095,228,"./Code/main.cpp","InsertionSortTest2_Modified"
"Inner Loop (Shifting Elements)2",0.000093,228,"./Code/main.cpp","InsertionSortTest2_Modified"
"Inner Loop (Shifting Elements)2",0.000091,228,"./Code/main.cpp","InsertionSortTest2_Modified"
"Inner Loop (Shifting Elements)2",0.000093,228,"./Code/main.cpp","InsertionSortTest2_Modified"
"Inner Loop (Shifting Elements)2",0.000094,228,"./Code/main.cpp","InsertionSortTest2_Modified"
"Key Assignment2",0.000093,235,"./Code/main.cpp","InsertionSortTest2_Modified"
"Outer Loop2",0.023686,237,"./Code/main.cpp","InsertionSortTest2_Modified"
"Inner Loop (Shifting Elements)2",0.000096,228,"./Code/main.cpp","InsertionSortTest2_Modified"
"Inner Loop (Shifting Elements)2",0.000096,228,"./Code/main.cpp","InsertionSortTest2_Modified"
"Inner Loop (Shifting Elements)2",0.000091,228,"./Code/main.cpp","InsertionSortTest2_Modified"
"Inner Loop (Shifting Elements)2",0.000092,228,"./Code/main.cpp","InsertionSortTest2_Modified"
"Inner Loop (Shifting Elements)2",0.000094,228,"./Code/main.cpp","InsertionSortTest2_Modified"
"Inner Loop (Shifting Elements)2",0.000095,228,"./Code/main.cpp","InsertionSortTest2_Modified"
"Inner Loop (Shifting Elements)2",0.000093,228,"./Code/main.cpp","InsertionSortTest2_Modified"
"Inner Loop (Shifting Elements)2",0.000094,228,"./Code/main.cpp","InsertionSortTest2_Modified"
"Inner Loop (Shifting Elements)2",0.000093,228,"./Code/main.cpp","InsertionSortTest2_Modified"
"Inner Loop (Shifting Elements)2",0.000094,228,"./Code/main.cpp","InsertionSortTest2_Modified"
"Inner Loop (Shifting Elements)2",0.000092,228,"./Code/main.cpp","InsertionSortTest2_Modified"
"Inner Loop (Shifting Elements)2",0.000091,228,"./Code/main.cpp","InsertionSortTest2_Modified"
"Inner Loop (Shifting Elements)2",0.000093,228,"./Code/main.cpp","InsertionSortTest2_Modified"
"Inner Loop (Shifting Elements)2",0.000095,228,"./Code/main.cpp","InsertionSortTest2_Modified"
"Inner Loop (Shifting Elements)2",0.000095,228,"./Code/main.cpp","InsertionSortTest2_Modified"
"Key Assignment2",0.000095,235,"./Code/main.cpp","InsertionSortTest2_Modified"
"Outer Loop2",0.006597,237,"./Code/main.cpp","InsertionSortTest2_Modified"
"Key Assignment2",0.000097,235,"./Code/main.cpp","InsertionSortTest2_Modified"
"Outer Loop2",0.000498,237,"./Code/main.cpp","InsertionSortTest2_Modified"
"Inner Loop (Shifting Elements)2",0.000094,228,"./Code/main.cpp","InsertionSortTest2_Modified"
"Inner Loop (Shifting Elements)2",0.000093,228,"./Code/main.cpp","InsertionSortTest2_Modified"
"Inner Loop (Shifting Elements)2",0.000092,228,"./Code/main.cpp","InsertionSortTest2_Modified"
"Inner Loop (Shifting Elements)2",0.000109,228,"./Code/main.cpp","InsertionSortTest2_Modified"
"Inner Loop (Shifting Elements)2",0.000125,228,"./Code/main.cpp","InsertionSortTest2_Modified"
"Inner Loop (Shifting Elements)2",0.000105,228,"./Code/main.cpp","InsertionSortTest2_Modified"
"Inner Loop (Shifting Elements)2",0.000102,228,"./Code/main.cpp","InsertionSortTest2_Modified"
"Inner Loop (Shifting Elements)2",0.000093,228,"./Code/main.cpp","InsertionSortTest2_Modified"
"Inner Loop (Shifting Elements)2",0.000094,228,"./Code/main.cpp","InsertionSortTest2_Modified"
"Inner Loop (Shifting Elements)2",0.000100,228,"./Code/main.cpp","InsertionSortTest2_Modified"
"Inner Loop (Shifting Elements)2",0.000097,228,"./Code/main.cpp","InsertionSortTest2_Modified"
"Inner Loop (Shifting Elements)2",0.000093,228,"./Code/main.cpp","InsertionSortTest2_Modified"
"Inner Loop (Shifting Elements)2",0.000091,228,"./Code/main.cpp","InsertionSortTest2_Modified"
"Inner Loop (Shifting Elements)2",0.000089,228,"./Code/main.cpp","InsertionSortTest2_Modified"
"Inner Loop (Shifting Elements)2",0.000096,228,"./Code/main.cpp","InsertionSortTest2_Modified"
"Inner Loop (Shifting Elements)2",0.000096,228,"./Code/main.cpp","InsertionSortTest2_Modified"
"Inner Loop (Shifting Elements)2",0.000093,228,"./Code/main.cpp","InsertionSortTest2_Modified"
"Inner Loop (Shifting Elements)2",0.000090,228,"./Code/main.cpp","InsertionSortTest2_Modified"
"Inner Loop (Shifting Elements)2",0.000093,228,"./Code/main.cpp","InsertionSortTest2_Modified"
"Inner Loop (Shifting Elements)2",0.000092,228,"./Code/main.cpp","InsertionSortTest2_Modified"
"Inner Loop (Shifting Elements)2",0.000093,228,"./Code/main.cpp","InsertionSortTest2_Modified"
"Inner Loop (Shifting Elements)2",0.000093,228,"./Code/main.cpp","InsertionSortTest2_Modified"
"Inner Loop (Shifting Elements)2",0.000094,228,"./Code/main.cpp","InsertionSortTest2_Modified"
"Inner Loop (Shifting Elements)2",0.000117,228,"./Code/main.cpp","InsertionSortTest2_Modified"
"Inner Loop (Shifting Elements)2",0.000095,228,"./Code/main.cpp","InsertionSortTest2_Modified"
"Inner Loop (Shifting Elements)2",0.000095,228,"./Code/main.cpp","InsertionSortTest2_Modified"
"Inner Loop (Shifting Elements)2",0.000093,228,"./Code/main.cpp","InsertionSortTest2_Modified"
"Inner Loop (Shifting Elements)2",0.000092,228,"./Code/main.cpp","InsertionSortTest2_Modified"
"Inner Loop (Shifting Elements)2",0.000094,228,"./Code/main.cpp","InsertionSortTest2_Modified"
"Inner Loop (Shifting Elements)2",0.000093,228,"./Code/main.cpp","InsertionSortTest2_Modified"
"Inner Loop (Shifting Elements)2",0.000094,228,"./Code/main.cpp","InsertionSortTest2_Modified"
"Inner Loop (Shifting Elements)2",0.000093,228,"./Code/main.cpp","InsertionSortTest2_Modified"
"Inner Loop (Shifting Elements)2",0.000095,228,"./Code/main.cpp","InsertionSortTest2_Modified"
"Inner Loop (Shifting Elements)2",0.000092,228,"./Code/main.cpp","InsertionSortTest2_Modified"
"Inner Loop (Shifting Elements)2",0.000093,228,"./Code/main.cpp","InsertionSortTest2_Modified"
"Inner Loop (Shifting Elements)2",0.000093,228,"./Code/main.cpp","InsertionSortTest2_Modified"
"Inner Loop (Shifting Elements)2",0.000093,228,"./Code/main.cpp","InsertionSortTest2_Modified"
"Inner Loop (Shifting Elements)2",0.000092,228,"./Code/main.cpp","InsertionSortTest2_Modified"
"Key Assignment2",0.000091,235,"./Code/main.cpp","InsertionSortTest2_Modified"
"Outer Loop2",0.017420,237,"./Code/main.cpp","InsertionSortTest2_Modified"
"Inner Loop (Shifting Elements)2",0.000092,228,"./Code/main.cpp","InsertionSortTest2_Modified"
"Inner Loop (Shifting Elements)2",0.000094,228,"./Code/main.cpp","InsertionSortTest2_Modified"
"Inner Loop (Shifting Elements)2",0.000093,228,"./Code/main.cpp","InsertionSortTest2_Modified"
"Inner Loop (Shifting Elements)2",0.000093,228,"./Code/main.cpp","InsertionSortTest2_Modified"
"Inner Loop (Shifting Elements)2",0.000092,228,"./Code/main.cpp","InsertionSortTest2_Modified"
"Inner Loop (Shifting Elements)2",0.000093,228,"./Code/main.cpp","InsertionSortTest2_Modified"
"Inner Loop (Shifting Elements)2",0.000092,228,"./Code/main.cpp","InsertionSortTest2_Modified"
"Inner Loop (Shifting Elements)2",0.000092,228,"./Code/main.cpp","InsertionSortTest2_Modified"
"Inner Loop (Shifting Elements)2",0.000093,228,"./Code/main.cpp","InsertionSortTest2_Modified"
"Inner Loop (Shifting Elements)2",0.000093,228,"./Code/main.cpp","InsertionSortTest2_Modified"
"Inner Loop (Shifting Elements)2",0.000093,228,"./Code/main.cpp","InsertionSortTest2_Modified"
"Inner Loop (Shifting Elements)2",0.000094,228,"./Code/main.cpp","InsertionSortTest2_Modified"
"Inner Loop (Shifting Elements)2",0.000119,228,"./Code/main.cpp","InsertionSortTest2_Modified"
"Inner Loop (Shifting Elements)2",0.000119,228,"./Code/main.cpp","InsertionSortTest2_Modified"
"Inner Loop (Shifting Elements)2",0.000093,228,"./Code/main.cpp","InsertionSortTest2_Modified"
"Inner Loop (Shifting Elements)2",0.000091,228,"./Code/main.cpp","InsertionSortTest2_Modified"
"Inner Loop (Shifting Elements)2",0.000091,228,"./Code/main.cpp","InsertionSortTest2_Modified"
"Inner Loop (Shifting Elements)2",0.000094,228,"./Code/main.cpp","InsertionSortTest2_Modified"
"Inner Loop (Shifting Elements)2",0.000090,228,"./Code/main.cpp","InsertionSortTest2_Modified"
"Inner Loop (Shifting Elements)2",0.000091,228,"./Code/main.cpp","InsertionSortTest2_Modified"
"Inner Loop (Shifting Elements)2",0.000091,228,"./Code/main.cpp","InsertionSortTest2_Modified"
"Inner Loop (Shifting Elements)2",0.000092,228,"./Code/main.cpp","InsertionSortTest2_Modified"
"Key Assignment2",0.000092,235,"./Code/main.cpp","InsertionSortTest2_Modified"
"Outer Loop2",0.009387,237,"./Code/main.cpp","InsertionSortTest2_Modified"
"Inner Loop (Shifting Elements)2",0.000091,228,"./Code/main.cpp","InsertionSortTest2_Modified"
"Inner Loop (Shifting Elements)2",0.000092,228,"./Code/main.cpp","InsertionSortTest2_Modified"
"Inner Loop (Shifting Elements)2",0.000093,228,"./Code/main.cpp","InsertionSortTest2_Modified"
"Inner Loop (Shifting Elements)2",0.000092,228,"./Code/main.cpp","InsertionSortTest2_Modified"
"Inner Loop (Shifting Elements)2",0.000093,228,"./Code/main.cpp","InsertionSortTest2_Modified"
"Key Assignment2",0.000093,235,"./Code/main.cpp","InsertionSortTest2_Modified"
"Outer Loop2",0.002491,237,"./Code/main.cpp","InsertionSortTest2_Modified"
"Inner Loop (Shifting Elements)2",0.000094,228,"./Code/main.cpp","InsertionSortTest2_Modified"
"Inner Loop (Shifting Elements)2",0.000093,228,"./Code/main.cpp","InsertionSortTest2_Modified"
"Inner Loop (Shifting Elements)2",0.000097,228,"./Code/main.cpp","InsertionSortTest2_Modified"
"Inner Loop (Shifting Elements)2",0.000093,228,"./Code/main.cpp","InsertionSortTest2_Modified"
"Inner Loop (Shifting Elements)2",0.000095,228,"./Code/main.cpp","InsertionSortTest2_Modified"
"Inner Loop (Shifting Elements)2",0.000090,228,"./Code/main.cpp","InsertionSortTest2_Modified"
"Inner Loop (Shifting Elements)2",0.000093,228,"./Code/main.cpp","InsertionSortTest2_Modified"
"Inner Loop (Shifting Elements)2",0.000091,228,"./Code/main.cpp","InsertionSortTest2_Modified"
"Inner Loop (Shifting Elements)2",0.000093,228,"./Code/main.cpp","InsertionSortTest2_Modified"
"Inner Loop (Shifting Elements)2",0.000094,228,"./Code/main.cpp","InsertionSortTest2_Modified"
"Inner Loop (Shifting Elements)2",0.000093,228,"./Code/main.cpp","InsertionSortTest2_Modified"
"Inner Loop (Shifting Elements)2",0.000091,228,"./Code/main.cpp","InsertionSortTest2_Modified"
"Inner Loop (Shifting Elements)2",0.000094,228,"./Code/main.cpp","InsertionSortTest2_Modified"
"Inner Loop (Shifting Elements)2",0.000094,228,"./Code/main.cpp","InsertionSortTest2_Modified"
"Inner Loop (Shifting Elements)2",0.000092,228,"./Code/main.cpp","InsertionSortTest2_Modified"
"Inner Loop (Shifting Elements)2",0.000092,228,"./Code/main.cpp","InsertionSortTest2_Modified"
"Inner Loop (Shifting Elements)2",0.000091,228,"./Code/main.cpp","InsertionSortTest2_Modified"
"Inner Loop (Shifting Elements)2",0.000111,228,"./Code/main.cpp","InsertionSortTest2_Modified"
"Inner Loop (Shifting Elements)2",0.000108,228,"./Code/main.cpp","InsertionSortTest2_Modified"
"Inner Loop (Shifting Elements)2",0.000110,228,"./Code/main.cpp","InsertionSortTest2_Modified"
"Inner Loop (Shifting Elements)2",0.000096,228,"./Code/main.cpp","InsertionSortTest2_Modified"
"Inner Loop (Shifting Elements)2",0.000090,228,"./Code/main.cpp","InsertionSortTest2_Modified"
"Inner Loop (Shifting Elements)2",0.000092,228,"./Code/main.cpp","InsertionSortTest2_Modified"
"Inner Loop (Shifting Elements)2",0.000116,228,"./Code/main.cpp","InsertionSortTest2_Modified"
"Inner Loop (Shifting Elements)2",0.000091,228,"./Code/main.cpp","InsertionSortTest2_Modified"
"Inner Loop (Shifting Elements)2",0.000092,228,"./Code/main.cpp","InsertionSortTest2_Modified"
"Inner Loop (Shifting Elements)2",0.000092,228,"./Code/main.cpp","InsertionSortTest2_Modified"
"Inner Loop (Shifting Elements)2",0.000093,228,"./Code/main.cpp","InsertionSortTest2_Modified"
"Inner Loop (Shifting Elements)2",0.000090,228,"./Code/main.cpp","InsertionSortTest2_Modified"
"Inner Loop (Shifting Elements)2",0.000096,228,"./Code/main.cpp","InsertionSortTest2_Modified"
"Inner Loop (Shifting Elements)2",0.000097,228,"./Code/main.cpp","InsertionSortTest2_Modified"
"Inner Loop (Shifting Elements)2",0.000093,228,"./Code/main.cpp","InsertionSortTest2_Modified"
"Inner Loop (Shifting Elements)2",0.000091,228,"./Code/main.cpp","InsertionSortTest2_Modified"
"Inner Loop (Shifting Elements)2",0.000094,228,"./Code/main.cpp","InsertionSortTest2_Modified"
"Inner Loop (Shifting Elements)2",0.000119,228,"./Code/main.cpp","InsertionSortTest2_Modified"
"Inner Loop (Shifting Elements)2",0.000090,228,"./Code/main.cpp","InsertionSortTest2_Modified"
"Inner Loop (Shifting Elements)2",0.000092,228,"./Code/main.cpp","InsertionSortTest2_Modified"
"Inner Loop (Shifting Elements)2",0.000091,228,"./Code/main.cpp","InsertionSortTest2_Modified"
"Inner Loop (Shifting Elements)2",0.000091,228,"./Code/main.cpp","InsertionSortTest2_Modified"
"Inner Loop (Shifting Elements)2",0.000091,228,"./Code/main.cpp","InsertionSortTest2_Modified"
"Inner Loop (Shifting Elements)2",0.000094,228,"./Code/main.cpp","InsertionSortTest2_Modified"
"Inner Loop (Shifting Elements)2",0.000093,228,"./Code/main.cpp","InsertionSortTest2_Modified"
"Inner Loop (Shifting Elements)2",0.000090,228,"./Code/main.cpp","InsertionSortTest2_Modified"
"Inner Loop (Shifting Elements)2",0.000093,228,"./Code/main.cpp","InsertionSortTest2_Modified"
"Inner Loop (Shifting Elements)2",0.000091,228,"./Code/main.cpp","InsertionSortTest2_Modified"
"Inner Loop (Shifting Elements)2",0.000093,228,"./Code/main.cpp","InsertionSortTest2_Modified"
"Inner Loop (Shifting Elements)2",0.000093,228,"./Code/main.cpp","InsertionSortTest2_Modified"
"Inner Loop (Shifting Elements)2",0.000093,228,"./Code/main.cpp","InsertionSortTest2_Modified"
"Inner Loop (Shifting Elements)2",0.000093,228,"./Code/main.cpp","InsertionSortTest2_Modified"
"Inner Loop (Shifting Elements)2",0.000093,228,"./Code/main.cpp","InsertionSortTest2_Modified"
"Inner Loop (Shifting Elements)2",0.000093,228,"./Code/main.cpp","InsertionSortTest2_Modified"
"Inner Loop (Shifting Elements)2",0.000094,228,"./Code/main.cpp","InsertionSortTest2_Modified"
"Inner Loop (Shifting Elements)2",0.000092,228,"./Code/main.cpp","InsertionSortTest2_Modified"
"Inner Loop (Shifting Elements)2",0.000092,228,"./Code/main.cpp","InsertionSortTest2_Modified"
"Inner Loop (Shifting Elements)2",0.000092,228,"./Code/main.cpp","InsertionSortTest2_Modified"
"Key Assignment2",0.000091,235,"./Code/main.cpp","InsertionSortTest2_Modified"
"Outer Loop2",0.024545,237,"./Code/main.cpp","InsertionSortTest2_Modified"
"Inner Loop (Shifting Elements)2",0.000093,228,"./Code/main.cpp","InsertionSortTest2_Modified"
"Inner Loop (Shifting Elements)2",0.000094,228,"./Code/main.cpp","InsertionSortTest2_Modified"
"Inner Loop (Shifting Elements)2",0.000094,228,"./Code/main.cpp","InsertionSortTest2_Modified"
"Inner Loop (Shifting Elements)2",0.000092,228,"./Code/main.cpp","InsertionSortTest2_Modified"
"Inner Loop (Shifting Elements)2",0.000093,228,"./Code/main.cpp","InsertionSortTest2_Modified"
"Inner Loop (Shifting Elements)2",0.000093,228,"./Code/main.cpp","InsertionSortTest2_Modified"
"Inner Loop (Shifting Elements)2",0.000092,228,"./Code/main.cpp","InsertionSortTest2_Modified"
"Inner Loop (Shifting Elements)2",0.000094,228,"./Code/main.cpp","InsertionSortTest2_Modified"
"Inner Loop (Shifting Elements)2",0.000095,228,"./Code/main.cpp","InsertionSortTest2_Modified"
"Inner Loop (Shifting Elements)2",0.000094,228,"./Code/main.cpp","InsertionSortTest2_Modified"
"Inner Loop (Shifting Elements)2",0.000093,228,"./Code/main.cpp","InsertionSortTest2_Modified"
"Inner Loop (Shifting Elements)2",0.000094,228,"./Code/main.cpp","InsertionSortTest2_Modified"
"Inner Loop (Shifting Elements)2",0.000093,228,"./Code/main.cpp","InsertionSortTest2_Modified"
"Inner Loop (Shifting Elements)2",0.000093,228,"./Code/main.cpp","InsertionSortTest2_Modified"
"Inner Loop (Shifting Elements)2",0.000092,228,"./Code/main.cpp","InsertionSortTest2_Modified"
"Inner Loop (Shifting Elements)2",0.000091,228,"./Code/main.cpp","InsertionSortTest2_Modified"
"Inner Loop (Shifting Elements)2",0.000091,228,"./Code/main.cpp","InsertionSortTest2_Modified"
"Inner Loop (Shifting Elements)2",0.000094,228,"./Code/main.cpp","InsertionSortTest2_Modified"
"Inner Loop (Shifting Elements)2",0.000093,228,"./Code/main.cpp","InsertionSortTest2_Modified"
"Inner Loop (Shifting Elements)2",0.000092,228,"./Code/main.cpp","InsertionSortTest2_Modified"
"Inner Loop (Shifting Elements)2",0.000092,228,"./Code/main.cpp","InsertionSortTest2_Modified"
"Inner Loop (Shifting Elements)2",0.000093,228,"./Code/main.cpp","InsertionSortTest2_Modified"
"Inner Loop (Shifting Elements)2",0.000092,228,"./Code/main.cpp","InsertionSortTest2_Modified"
"Inner Loop (Shifting Elements)2",0.000091,228,"./Code/main.cpp","InsertionSortTest2_Modified"
"Inner Loop (Shifting Elements)2",0.000094,228,"./Code/main.cpp","InsertionSortTest2_Modified"
"Inner Loop (Shifting Elements)2",0.000093,228,"./Code/main.cpp","InsertionSortTest2_Modified"
"Inner Loop (Shifting Elements)2",0.000091,228,"./Code/main.cpp","InsertionSortTest2_Modified"
"Inner Loop (Shifting Elements)2",0.000090,228,"./Code/main.cpp","InsertionSortTest2_Modified"
"Inner Loop (Shifting Elements)2",0.000094,228,"./Code/main.cpp","InsertionSortTest2_Modified"
"Key Assignment2",0.000092,235,"./Code/main.cpp","InsertionSortTest2_Modified"
"Outer Loop2",0.012180,237,"./Code/main.cpp","InsertionSortTest2_Modified"
"Inner Loop (Shifting Elements)2",0.000092,228,"./Code/main.cpp","InsertionSortTest2_Modified"
"Inner Loop (Shifting Elements)2",0.000091,228,"./Code/main.cpp","InsertionSortTest2_Modified"
"Inner Loop (Shifting Elements)2",0.000089,228,"./Code/main.cpp","InsertionSortTest2_Modified"
"Inner Loop (Shifting Elements)2",0.000089,228,"./Code/main.cpp","InsertionSortTest2_Modified"
"Inner Loop (Shifting Elements)2",0.000091,228,"./Code/main.cpp","InsertionSortTest2_Modified"
"Inner Loop (Shifting Elements)2",0.000091,228,"./Code/main.cpp","InsertionSortTest2_Modified"
"Inner Loop (Shifting Elements)2",0.000091,228,"./Code/main.cpp","InsertionSortTest2_Modified"
"Inner Loop (Shifting Elements)2",0.000092,228,"./Code/main.cpp","InsertionSortTest2_Modified"
"Inner Loop (Shifting Elements)2",0.000094,228,"./Code/main.cpp","InsertionSortTest2_Modified"
"Inner Loop (Shifting Elements)2",0.000094,228,"./Code/main.cpp","InsertionSortTest2_Modified"
"Inner Loop (Shifting Elements)2",0.000093,228,"./Code/main.cpp","InsertionSortTest2_Modified"
"Inner Loop (Shifting Elements)2",0.000092,228,"./Code/main.cpp","InsertionSortTest2_Modified"
"Key Assignment2",0.000092,235,"./Code/main.cpp","InsertionSortTest2_Modified"
"Outer Loop2",0.005371,237,"./Code/main.cpp","InsertionSortTest2_Modified"
"Inner Loop (Shifting Elements)2",0.000129,228,"./Code/main.cpp","InsertionSortTest2_Modified"
"Inner Loop (Shifting Elements)2",0.000112,228,"./Code/main.cpp","InsertionSortTest2_Modified"
"Inner Loop (Shifting Elements)2",0.000107,228,"./Code/main.cpp","InsertionSortTest2_Modified"
"Inner Loop (Shifting Elements)2",0.000109,228,"./Code/main.cpp","InsertionSortTest2_Modified"
"Inner Loop (Shifting Elements)2",0.000098,228,"./Code/main.cpp","InsertionSortTest2_Modified"
"Inner Loop (Shifting Elements)2",0.000121,228,"./Code/main.cpp","InsertionSortTest2_Modified"
"Inner Loop (Shifting Elements)2",0.000095,228,"./Code/main.cpp","InsertionSortTest2_Modified"
"Inner Loop (Shifting Elements)2",0.000095,228,"./Code/main.cpp","InsertionSortTest2_Modified"
"Inner Loop (Shifting Elements)2",0.000094,228,"./Code/main.cpp","InsertionSortTest2_Modified"
"Inner Loop (Shifting Elements)2",0.000108,228,"./Code/main.cpp","InsertionSortTest2_Modified"
"Inner Loop (Shifting Elements)2",0.000094,228,"./Code/main.cpp","InsertionSortTest2_Modified"
"Inner Loop (Shifting Elements)2",0.000090,228,"./Code/main.cpp","InsertionSortTest2_Modified"
"Inner Loop (Shifting Elements)2",0.000091,228,"./Code/main.cpp","InsertionSortTest2_Modified"
"Inner Loop (Shifting Elements)2",0.000091,228,"./Code/main.cpp","InsertionSortTest2_Modified"
"Inner Loop (Shifting Elements)2",0.000093,228,"./Code/main.cpp","InsertionSortTest2_Modified"
"Inner Loop (Shifting Elements)2",0.000091,228,"./Code/main.cpp","InsertionSortTest2_Modified"
"Inner Loop (Shifting Elements)2",0.000091,228,"./Code/main.cpp","InsertionSortTest2_Modified"
"Inner Loop (Shifting Elements)2",0.000093,228,"./Code/main.cpp","InsertionSortTest2_Modified"
"Inner Loop (Shifting Elements)2",0.000094,228,"./Code/main.cpp","InsertionSortTest2_Modified"
"Inner Loop (Shifting Elements)2",0.000091,228,"./Code/main.cpp","InsertionSortTest2_Modified"
"Inner Loop (Shifting Elements)2",0.000091,228,"./Code/main.cpp","InsertionSortTest2_Modified"
"Inner Loop (Shifting Elements)2",0.000090,228,"./Code/main.cpp","InsertionSortTest2_Modified"
"Inner Loop (Shifting Elements)2",0.000094,228,"./Code/main.cpp","InsertionSortTest2_Modified"
"Inner Loop (Shifting Elements)2",0.000089,228,"./Code/main.cpp","InsertionSortTest2_Modified"
"Inner Loop (Shifting Elements)2",0.000093,228,"./Code/main.cpp","InsertionSortTest2_Modified"
"Inner Loop (Shifting Elements)2",0.000091,228,"./Code/main.cpp","InsertionSortTest2_Modified"
"Inner Loop (Shifting Elements)2",0.000093,228,"./Code/main.cpp","InsertionSortTest2_Modified"
"Inner Loop (Shifting Elements)2",0.000090,228,"./Code/main.cpp","InsertionSortTest2_Modified"
"Inner Loop (Shifting Elements)2",0.000093,228,"./Code/main.cpp","InsertionSortTest2_Modified"
"Inner Loop (Shifting Elements)2",0.000092,228,"./Code/main.cpp","InsertionSortTest2_Modified"
"Inner Loop (Shifting Elements)2",0.000088,228,"./Code/main.cpp","InsertionSortTest2_Modified"
"Inner Loop (Shifting Elements)2",0.000115,228,"./Code/main.cpp","InsertionSortTest2_Modified"
"Inner Loop (Shifting Elements)2",0.000090,228,"./Code/main.cpp","InsertionSortTest2_Modified"
"Inner Loop (Shifting Elements)2",0.000095,228,"./Code/main.cpp","InsertionSortTest2_Modified"
"Inner Loop (Shifting Elements)2",0.000092,228,"./Code/main.cpp","InsertionSortTest2_Modified"
"Inner Loop (Shifting Elements)2",0.000091,228,"./Code/main.cpp","InsertionSortTest2_Modified"
"Inner Loop (Shifting Elements)2",0.000093,228,"./Code/main.cpp","InsertionSortTest2_Modified"
"Inner Loop (Shifting Elements)2",0.000092,228,"./Code/main.cpp","InsertionSortTest2_Modified"
"Inner Loop (Shifting Elements)2",0.000093,228,"./Code/main.cpp","InsertionSortTest2_Modified"
"Inner Loop (Shifting Elements)2",0.000093,228,"./Code/main.cpp","InsertionSortTest2_Modified"
"Inner Loop (Shifting Elements)2",0.000094,228,"./Code/main.cpp","InsertionSortTest2_Modified"
"Inner Loop (Shifting Elements)2",0.000094,228,"./Code/main.cpp","InsertionSortTest2_Modified"
"Inner Loop (Shifting Elements)2",0.000093,228,"./Code/main.cpp","InsertionSortTest2_Modified"
"Inner Loop (Shifting Elements)2",0.000093,228,"./Code/main.cpp","InsertionSortTest2_Modified"
"Inner Loop (Shifting Elements)2",0.000091,228,"./Code/main.cpp","InsertionSortTest2_Modified"
"Inner Loop (Shifting Elements)2",0.000092,228,"./Code/main.cpp","InsertionSortTest2_Modified"
"Inner Loop (Shifting Elements)2",0.000090,228,"./Code/main.cpp","InsertionSortTest2_Modified"
"Inner Loop (Shifting Elements)2",0.000090,228,"./Code/main.cpp","InsertionSortTest2_Modified"
"Key Assignment2",0.000090,235,"./Code/main.cpp","InsertionSortTest2_Modified"
"Outer Loop2",0.020414,237,"./Code/main.cpp","InsertionSortTest2_Modified"
"Inner Loop (Shifting Elements)2",0.000088,228,"./Code/main.cpp","InsertionSortTest2_Modified"
"Inner Loop (Shifting Elements)2",0.000088,228,"./Code/main.cpp","InsertionSortTest2_Modified"
"Inner Loop (Shifting Elements)2",0.000091,228,"./Code/main.cpp","InsertionSortTest2_Modified"
"Inner Loop (Shifting Elements)2",0.000089,228,"./Code/main.cpp","InsertionSortTest2_Modified"
"Inner Loop (Shifting Elements)2",0.000095,228,"./Code/main.cpp","InsertionSortTest2_Modified"
"Inner Loop (Shifting Elements)2",0.000092,228,"./Code/main.cpp","InsertionSortTest2_Modified"
"Inner Loop (Shifting Elements)2",0.000093,228,"./Code/main.cpp","InsertionSortTest2_Modified"
"Inner Loop (Shifting Elements)2",0.000091,228,"./Code/main.cpp","InsertionSortTest2_Modified"
"Inner Loop (Shifting Elements)2",0.000093,228,"./Code/main.cpp","InsertionSortTest2_Modified"
"Inner Loop (Shifting Elements)2",0.000093,228,"./Code/main.cpp","InsertionSortTest2_Modified"
"Inner Loop (Shifting Elements)2",0.000092,228,"./Code/main.cpp","InsertionSortTest2_Modified"
"Inner Loop (Shifting Elements)2",0.000094,228,"./Code/main.cpp","InsertionSortTest2_Modified"
"Inner Loop (Shifting Elements)2",0.000090,228,"./Code/main.cpp","InsertionSortTest2_Modified"
"Inner Loop (Shifting Elements)2",0.000093,228,"./Code/main.cpp","InsertionSortTest2_Modified"
"Inner Loop (Shifting Elements)2",0.000091,228,"./Code/main.cpp","InsertionSortTest2_Modified"
"Inner Loop (Shifting Elements)2",0.000094,228,"./Code/main.cpp","InsertionSortTest2_Modified"
"Inner Loop (Shifting Elements)2",0.000090,228,"./Code/main.cpp","InsertionSortTest2_Modified"
"Inner Loop (Shifting Elements)2",0.000092,228,"./Code/main.cpp","InsertionSortTest2_Modified"
"Inner Loop (Shifting Elements)2",0.000095,228,"./Code/main.cpp","InsertionSortTest2_Modified"
"Inner Loop (Shifting Elements)2",0.000091,228,"./Code/main.cpp","InsertionSortTest2_Modified"
"Inner Loop (Shifting Elements)2",0.000091,228,"./Code/main.cpp","InsertionSortTest2_Modified"
"Inner Loop (Shifting Elements)2",0.000091,228,"./Code/main.cpp","InsertionSortTest2_Modified"
"Inner Loop (Shifting Elements)2",0.000090,228,"./Code/main.cpp","InsertionSortTest2_Modified"
"Inner Loop (Shifting Elements)2",0.000093,228,"./Code/main.cpp","InsertionSortTest2_Modified"
"Inner Loop (Shifting Elements)2",0.000090,228,"./Code/main.cpp","InsertionSortTest2_Modified"
"Inner Loop (Shifting Elements)2",0.000094,228,"./Code/main.cpp","InsertionSortTest2_Modified"
"Inner Loop (Shifting Elements)2",0.000092,228,"./Code/main.cpp","InsertionSortTest2_Modified"
"Inner Loop (Shifting Elements)2",0.000093,228,"./Code/main.cpp","InsertionSortTest2_Modified"
"Inner Loop (Shifting Elements)2",0.000094,228,"./Code/main.cpp","InsertionSortTest2_Modified"
"Inner Loop (Shifting Elements)2",0.000092,228,"./Code/main.cpp","InsertionSortTest2_Modified"
"Inner Loop (Shifting Elements)2",0.000090,228,"./Code/main.cpp","InsertionSortTest2_Modified"
"Inner Loop (Shifting Elements)2",0.000092,228,"./Code/main.cpp","InsertionSortTest2_Modified"
"Inner Loop (Shifting Elements)2",0.000093,228,"./Code/main.cpp","InsertionSortTest2_Modified"
"Inner Loop (Shifting Elements)2",0.000094,228,"./Code/main.cpp","InsertionSortTest2_Modified"
"Inner Loop (Shifting Elements)2",0.000094,228,"./Code/main.cpp","InsertionSortTest2_Modified"
"Inner Loop (Shifting Elements)2",0.000093,228,"./Code/main.cpp","InsertionSortTest2_Modified"
"Key Assignment2",0.000098,235,"./Code/main.cpp","InsertionSortTest2_Modified"
"Outer Loop2",0.016200,237,"./Code/main.cpp","InsertionSortTest2_Modified"
"Inner Loop (Shifting Elements)2",0.000097,228,"./Code/main.cpp","InsertionSortTest2_Modified"
"Inner Loop (Shifting Elements)2",0.000097,228,"./Code/main.cpp","InsertionSortTest2_Modified"
"Inner Loop (Shifting Elements)2",0.000094,228,"./Code/main.cpp","InsertionSortTest2_Modified"
"Inner Loop (Shifting Elements)2",0.000097,228,"./Code/main.cpp","InsertionSortTest2_Modified"
"Inner Loop (Shifting Elements)2",0.000091,228,"./Code/main.cpp","InsertionSortTest2_Modified"
"Inner Loop (Shifting Elements)2",0.000094,228,"./Code/main.cpp","InsertionSortTest2_Modified"
"Inner Loop (Shifting Elements)2",0.000094,228,"./Code/main.cpp","InsertionSortTest2_Modified"
"Inner Loop (Shifting Elements)2",0.000097,228,"./Code/main.cpp","InsertionSortTest2_Modified"
"Inner Loop (Shifting Elements)2",0.000095,228,"./Code/main.cpp","InsertionSortTest2_Modified"
"Inner Loop (Shifting Elements)2",0.000094,228,"./Code/main.cpp","InsertionSortTest2_Modified"
"Inner Loop (Shifting Elements)2",0.000095,228,"./Code/main.cpp","InsertionSortTest2_Modified"
"Inner Loop (Shifting Elements)2",0.000092,228,"./Code/main.cpp","InsertionSortTest2_Modified"
"Inner Loop (Shifting Elements)2",0.000091,228,"./Code/main.cpp","InsertionSortTest2_Modified"
"Inner Loop (Shifting Elements)2",0.000091,228,"./Code/main.cpp","InsertionSortTest2_Modified"
"Inner Loop (Shifting Elements)2",0.000094,228,"./Code/main.cpp","InsertionSortTest2_Modified"
"Inner Loop (Shifting Elements)2",0.000093,228,"./Code/main.cpp","InsertionSortTest2_Modified"
"Inner Loop (Shifting Elements)2",0.000093,228,"./Code/main.cpp","InsertionSortTest2_Modified"
"Inner Loop (Shifting Elements)2",0.000094,228,"./Code/main.cpp","InsertionSortTest2_Modified"
"Key Assignment2",0.000094,235,"./Code/main.cpp","InsertionSortTest2_Modified"
"Outer Loop2",0.007995,237,"./Code/main.cpp","InsertionSortTest2_Modified"
"Key Assignment2",0.000092,235,"./Code/main.cpp","InsertionSortTest2_Modified"
"Outer Loop2",0.000468,237,"./Code/main.cpp","InsertionSortTest2_Modified"
"Inner Loop (Shifting Elements)2",0.000092,228,"./Code/main.cpp","InsertionSortTest2_Modified"
"Inner Loop (Shifting Elements)2",0.000093,228,"./Code/main.cpp","InsertionSortTest2_Modified"
"Inner Loop (Shifting Elements)2",0.000092,228,"./Code/main.cpp","InsertionSortTest2_Modified"
"Inner Loop (Shifting Elements)2",0.000091,228,"./Code/main.cpp","InsertionSortTest2_Modified"
"Inner Loop (Shifting Elements)2",0.000093,228,"./Code/main.cpp","InsertionSortTest2_Modified"
"Inner Loop (Shifting Elements)2",0.000093,228,"./Code/main.cpp","InsertionSortTest2_Modified"
"Inner Loop (Shifting Elements)2",0.000093,228,"./Code/main.cpp","InsertionSortTest2_Modified"
"Inner Loop (Shifting Elements)2",0.000094,228,"./Code/main.cpp","InsertionSortTest2_Modified"
"Inner Loop (Shifting Elements)2",0.000095,228,"./Code/main.cpp","InsertionSortTest2_Modified"
"Inner Loop (Shifting Elements)2",0.000095,228,"./Code/main.cpp","InsertionSortTest2_Modified"
"Inner Loop (Shifting Elements)2",0.000093,228,"./Code/main.cpp","InsertionSortTest2_Modified"
"Inner Loop (Shifting Elements)2",0.000093,228,"./Code/main.cpp","InsertionSortTest2_Modified"
"Inner Loop (Shifting Elements)2",0.000093,228,"./Code/main.cpp","InsertionSortTest2_Modified"
"Inner Loop (Shifting Elements)2",0.000090,228,"./Code/main.cpp","InsertionSortTest2_Modified"
"Inner Loop (Shifting Elements)2",0.000093,228,"./Code/main.cpp","InsertionSortTest2_Modified"
"Inner Loop (Shifting Elements)2",0.000091,228,"./Code/main.cpp","InsertionSortTest2_Modified"
"Inner Loop (Shifting Elements)2",0.000119,228,"./Code/main.cpp","InsertionSortTest2_Modified"
"Inner Loop (Shifting Elements)2",0.000094,228,"./Code/main.cpp","InsertionSortTest2_Modified"
"Inner Loop (Shifting Elements)2",0.000093,228,"./Code/main.cpp","InsertionSortTest2_Modified"
"Inner Loop (Shifting Elements)2",0.000095,228,"./Code/main.cpp","InsertionSortTest2_Modified"
"Inner Loop (Shifting Elements)2",0.000091,228,"./Code/main.cpp","InsertionSortTest2_Modified"
"Inner Loop (Shifting Elements)2",0.000092,228,"./Code/main.cpp","InsertionSortTest2_Modified"
"Inner Loop (Shifting Elements)2",0.000094,228,"./Code/main.cpp","InsertionSortTest2_Modified"
"Inner Loop (Shifting Elements)2",0.000096,228,"./Code/main.cpp","InsertionSortTest2_Modified"
"Inner Loop (Shifting Elements)2",0.000095,228,"./Code/main.cpp","InsertionSortTest2_Modified"
"Inner Loop (Shifting Elements)2",0.000093,228,"./Code/main.cpp","InsertionSortTest2_Modified"
"Inner Loop (Shifting Elements)2",0.000092,228,"./Code/main.cpp","InsertionSortTest2_Modified"
"Inner Loop (Shifting Elements)2",0.000092,228,"./Code/main.cpp","InsertionSortTest2_Modified"
"Inner Loop (Shifting Elements)2",0.000091,228,"./Code/main.cpp","InsertionSortTest2_Modified"
"Inner Loop (Shifting Elements)2",0.000094,228,"./Code/main.cpp","InsertionSortTest2_Modified"
"Inner Loop (Shifting Elements)2",0.000091,228,"./Code/main.cpp","InsertionSortTest2_Modified"
"Inner Loop (Shifting Elements)2",0.000093,228,"./Code/main.cpp","InsertionSortTest2_Modified"
"Inner Loop (Shifting Elements)2",0.000093,228,"./Code/main.cpp","InsertionSortTest2_Modified"
"Inner Loop (Shifting Elements)2",0.000091,228,"./Code/main.cpp","InsertionSortTest2_Modified"
"Inner Loop (Shifting Elements)2",0.000091,228,"./Code/main.cpp","InsertionSortTest2_Modified"
"Inner Loop (Shifting Elements)2",0.000093,228,"./Code/main.cpp","InsertionSortTest2_Modified"
"Inner Loop (Shifting Elements)2",0.000092,228,"./Code/main.cpp","InsertionSortTest2_Modified"
"Inner Loop (Shifting Elements)2",0.000093,228,"./Code/main.cpp","InsertionSortTest2_Modified"
"Inner Loop (Shifting Elements)2",0.000093,228,"./Code/main.cpp","InsertionSortTest2_Modified"
"Inner Loop (Shifting Elements)2",0.000091,228,"./Code/main.cpp","InsertionSortTest2_Modified"
"Inner Loop (Shifting Elements)2",0.000094,228,"./Code/main.cpp","InsertionSortTest2_Modified"
"Inner Loop (Shifting Elements)2",0.000094,228,"./Code/main.cpp","InsertionSortTest2_Modified"
"Inner Loop (Shifting Elements)2",0.000092,228,"./Code/main.cpp","InsertionSortTest2_Modified"
"Inner Loop (Shifting Elements)2",0.000092,228,"./Code/main.cpp","InsertionSortTest2_Modified"
"Inner Loop (Shifting Elements)2",0.000094,228,"./Code/main.cpp","InsertionSortTest2_Modified"
"Key Assignment2",0.000090,235,"./Code/main.cpp","InsertionSortTest2_Modified"
"Outer Loop2",0.018704,237,"./Code/main.cpp","InsertionSortTest2_Modified"
"Inner Loop (Shifting Elements)2",0.000093,228,"./Code/main.cpp","InsertionSortTest2_Modified"
"Inner Loop (Shifting Elements)2",0.000094,228,"./Code/main.cpp","InsertionSortTest2_Modified"
"Inner Loop (Shifting Elements)2",0.000093,228,"./Code/main.cpp","InsertionSortTest2_Modified"
"Inner Loop (Shifting Elements)2",0.000114,228,"./Code/main.cpp","InsertionSortTest2_Modified"
"Inner Loop (Shifting Elements)2",0.000091,228,"./Code/main.cpp","InsertionSortTest2_Modified"
"Inner Loop (Shifting Elements)2",0.000095,228,"./Code/main.cpp","InsertionSortTest2_Modified"
"Inner Loop (Shifting Elements)2",0.000091,228,"./Code/main.cpp","InsertionSortTest2_Modified"
"Inner Loop (Shifting Elements)2",0.000094,228,"./Code/main.cpp","InsertionSortTest2_Modified"
"Inner Loop (Shifting Elements)2",0.000093,228,"./Code/main.cpp","InsertionSortTest2_Modified"
"Inner Loop (Shifting Elements)2",0.000092,228,"./Code/main.cpp","InsertionSortTest2_Modified"
"Inner Loop (Shifting Elements)2",0.000092,228,"./Code/main.cpp","InsertionSortTest2_Modified"
"Inner Loop (Shifting Elements)2",0.000091,228,"./Code/main.cpp","InsertionSortTest2_Modified"
"Inner Loop (Shifting Elements)2",0.000093,228,"./Code/main.cpp","InsertionSortTest2_Modified"
"Inner Loop (Shifting Elements)2",0.000095,228,"./Code/main.cpp","InsertionSortTest2_Modified"
"Inner Loop (Shifting Elements)2",0.000134,228,"./Code/main.cpp","InsertionSortTest2_Modified"
"Inner Loop (Shifting Elements)2",0.000111,228,"./Code/main.cpp","InsertionSortTest2_Modified"
"Inner Loop (Shifting Elements)2",0.000107,228,"./Code/main.cpp","InsertionSortTest2_Modified"
"Inner Loop (Shifting Elements)2",0.000132,228,"./Code/main.cpp","InsertionSortTest2_Modified"
"Inner Loop (Shifting Elements)2",0.000103,228,"./Code/main.cpp","InsertionSortTest2_Modified"
"Inner Loop (Shifting Elements)2",0.000131,228,"./Code/main.cpp","InsertionSortTest2_Modified"
"Inner Loop (Shifting Elements)2",0.000095,228,"./Code/main.cpp","InsertionSortTest2_Modified"
"Inner Loop (Shifting Elements)2",0.000094,228,"./Code/main.cpp","InsertionSortTest2_Modified"
"Inner Loop (Shifting Elements)2",0.000099,228,"./Code/main.cpp","InsertionSortTest2_Modified"
"Inner Loop (Shifting Elements)2",0.000094,228,"./Code/main.cpp","InsertionSortTest2_Modified"
"Inner Loop (Shifting Elements)2",0.000092,228,"./Code/main.cpp","InsertionSortTest2_Modified"
"Inner Loop (Shifting Elements)2",0.000095,228,"./Code/main.cpp","InsertionSortTest2_Modified"
"Key Assignment2",0.000095,235,"./Code/main.cpp","InsertionSortTest2_Modified"
"Outer Loop2",0.012479,237,"./Code/main.cpp","InsertionSortTest2_Modified"
"Inner Loop (Shifting Elements)2",0.000094,228,"./Code/main.cpp","InsertionSortTest2_Modified"
"Inner Loop (Shifting Elements)2",0.000096,228,"./Code/main.cpp","InsertionSortTest2_Modified"
"Inner Loop (Shifting Elements)2",0.000093,228,"./Code/main.cpp","InsertionSortTest2_Modified"
"Inner Loop (Shifting Elements)2",0.000093,228,"./Code/main.cpp","InsertionSortTest2_Modified"
"Inner Loop (Shifting Elements)2",0.000093,228,"./Code/main.cpp","InsertionSortTest2_Modified"
"Inner Loop (Shifting Elements)2",0.000091,228,"./Code/main.cpp","InsertionSortTest2_Modified"
"Key Assignment2",0.000091,235,"./Code/main.cpp","InsertionSortTest2_Modified"
"Outer Loop2",0.002924,237,"./Code/main.cpp","InsertionSortTest2_Modified"
"Inner Loop (Shifting Elements)2",0.000093,228,"./Code/main.cpp","InsertionSortTest2_Modified"
"Inner Loop (Shifting Elements)2",0.000092,228,"./Code/main.cpp","InsertionSortTest2_Modified"
"Inner Loop (Shifting Elements)2",0.000092,228,"./Code/main.cpp","InsertionSortTest2_Modified"
"Inner Loop (Shifting Elements)2",0.000093,228,"./Code/main.cpp","InsertionSortTest2_Modified"
"Inner Loop (Shifting Elements)2",0.000094,228,"./Code/main.cpp","InsertionSortTest2_Modified"
"Inner Loop (Shifting Elements)2",0.000092,228,"./Code/main.cpp","InsertionSortTest2_Modified"
"Inner Loop (Shifting Elements)2",0.000094,228,"./Code/main.cpp","InsertionSortTest2_Modified"
"Inner Loop (Shifting Elements)2",0.000094,228,"./Code/main.cpp","InsertionSortTest2_Modified"
"Inner Loop (Shifting Elements)2",0.000094,228,"./Code/main.cpp","InsertionSortTest2_Modified"
"Inner Loop (Shifting Elements)2",0.000093,228,"./Code/main.cpp","InsertionSortTest2_Modified"
"Inner Loop (Shifting Elements)2",0.000090,228,"./Code/main.cpp","InsertionSortTest2_Modified"
"Inner Loop (Shifting Elements)2",0.000092,228,"./Code/main.cpp","InsertionSortTest2_Modified"
"Inner Loop (Shifting Elements)2",0.000112,228,"./Code/main.cpp","InsertionSortTest2_Modified"
"Inner Loop (Shifting Elements)2",0.000095,228,"./Code/main.cpp","InsertionSortTest2_Modified"
"Inner Loop (Shifting Elements)2",0.000092,228,"./Code/main.cpp","InsertionSortTest2_Modified"
"Inner Loop (Shifting Elements)2",0.000093,228,"./Code/main.cpp","InsertionSortTest2_Modified"
"Inner Loop (Shifting Elements)2",0.000095,228,"./Code/main.cpp","InsertionSortTest2_Modified"
"Inner Loop (Shifting Elements)2",0.000095,228,"./Code/main.cpp","InsertionSortTest2_Modified"
"Inner Loop (Shifting Elements)2",0.000094,228,"./Code/main.cpp","InsertionSortTest2_Modified"
"Inner Loop (Shifting Elements)2",0.000095,228,"./Code/main.cpp","InsertionSortTest2_Modified"
"Inner Loop (Shifting Elements)2",0.000094,228,"./Code/main.cpp","InsertionSortTest2_Modified"
"Inner Loop (Shifting Elements)2",0.000096,228,"./Code/main.cpp","InsertionSortTest2_Modified"
"Inner Loop (Shifting Elements)2",0.000093,228,"./Code/main.cpp","InsertionSortTest2_Modified"
"Inner Loop (Shifting Elements)2",0.000096,228,"./Code/main.cpp","InsertionSortTest2_Modified"
"Inner Loop (Shifting Elements)2",0.000122,228,"./Code/main.cpp","InsertionSortTest2_Modified"
"Inner Loop (Shifting Elements)2",0.000092,228,"./Code/main.cpp","InsertionSortTest2_Modified"
"Inner Loop (Shifting Elements)2",0.000093,228,"./Code/main.cpp","InsertionSortTest2_Modified"
"Inner Loop (Shifting Elements)2",0.000094,228,"./Code/main.cpp","InsertionSortTest2_Modified"
"Inner Loop (Shifting Elements)2",0.000094,228,"./Code/main.cpp","InsertionSortTest2_Modified"
"Inner Loop (Shifting Elements)2",0.000099,228,"./Code/main.cpp","InsertionSortTest2_Modified"
"Inner Loop (Shifting Elements)2",0.000095,228,"./Code/main.cpp","InsertionSortTest2_Modified"
"Inner Loop (Shifting Elements)2",0.000093,228,"./Code/main.cpp","InsertionSortTest2_Modified"
"Inner Loop (Shifting Elements)2",0.000091,228,"./Code/main.cpp","InsertionSortTest2_Modified"
"Inner Loop (Shifting Elements)2",0.000097,228,"./Code/main.cpp","InsertionSortTest2_Modified"
"Inner Loop (Shifting Elements)2",0.000095,228,"./Code/main.cpp","InsertionSortTest2_Modified"
"Inner Loop (Shifting Elements)2",0.000093,228,"./Code/main.cpp","InsertionSortTest2_Modified"
"Inner Loop (Shifting Elements)2",0.000095,228,"./Code/main.cpp","InsertionSortTest2_Modified"
"Inner Loop (Shifting Elements)2",0.000094,228,"./Code/main.cpp","InsertionSortTest2_Modified"
"Inner Loop (Shifting Elements)2",0.000093,228,"./Code/main.cpp","InsertionSortTest2_Modified"
"Inner Loop (Shifting Elements)2",0.000096,228,"./Code/main.cpp","InsertionSortTest2_Modified"
"Inner Loop (Shifting Elements)2",0.000095,228,"./Code/main.cpp","InsertionSortTest2_Modified"
"Inner Loop (Shifting Elements)2",0.000097,228,"./Code/main.cpp","InsertionSortTest2_Modified"
"Inner Loop (Shifting Elements)2",0.000094,228,"./Code/main.cpp","InsertionSortTest2_Modified"
"Inner Loop (Shifting Elements)2",0.000113,228,"./Code/main.cpp","InsertionSortTest2_Modified"
"Inner Loop (Shifting Elements)2",0.000095,228,"./Code/main.cpp","InsertionSortTest2_Modified"
"Inner Loop (Shifting Elements)2",0.000094,228,"./Code/main.cpp","InsertionSortTest2_Modified"
"Inner Loop (Shifting Elements)2",0.000118,228,"./Code/main.cpp","InsertionSortTest2_Modified"
"Inner Loop (Shifting Elements)2",0.000094,228,"./Code/main.cpp","InsertionSortTest2_Modified"
"Inner Loop (Shifting Elements)2",0.000095,228,"./Code/main.cpp","InsertionSortTest2_Modified"
"Inner Loop (Shifting Elements)2",0.000094,228,"./Code/main.cpp","InsertionSortTest2_Modified"
"Inner Loop (Shifting Elements)2",0.000091,228,"./Code/main.cpp","InsertionSortTest2_Modified"
"Inner Loop (Shifting Elements)2",0.000092,228,"./Code/main.cpp","InsertionSortTest2_Modified"
"Inner Loop (Shifting Elements)2",0.000092,228,"./Code/main.cpp","InsertionSortTest2_Modified"
"Inner Loop (Shifting Elements)2",0.000094,228,"./Code/main.cpp","InsertionSortTest2_Modified"
"Inner Loop (Shifting Elements)2",0.000092,228,"./Code/main.cpp","InsertionSortTest2_Modified"
"Inner Loop (Shifting Elements)2",0.000095,228,"./Code/main.cpp","InsertionSortTest2_Modified"
"Inner Loop (Shifting Elements)2",0.000091,228,"./Code/main.cpp","InsertionSortTest2_Modified"
"Inner Loop (Shifting Elements)2",0.000092,228,"./Code/main.cpp","InsertionSortTest2_Modified"
"Inner Loop (Shifting Elements)2",0.000114,228,"./Code/main.cpp","InsertionSortTest2_Modified"
"Inner Loop (Shifting Elements)2",0.000091,228,"./Code/main.cpp","InsertionSortTest2_Modified"
"Inner Loop (Shifting Elements)2",0.000093,228,"./Code/main.cpp","InsertionSortTest2_Modified"
"Inner Loop (Shifting Elements)2",0.000094,228,"./Code/main.cpp","InsertionSortTest2_Modified"
"Inner Loop (Shifting Elements)2",0.000093,228,"./Code/main.cpp","InsertionSortTest2_Modified"
"Inner Loop (Shifting Elements)2",0.000138,228,"./Code/main.cpp","InsertionSortTest2_Modified"
"Key Assignment2",0.000156,235,"./Code/main.cpp","InsertionSortTest2_Modified"
"Outer Loop2",0.027928,237,"./Code/main.cpp","InsertionSortTest2_Modified"
"Inner Loop (Shifting Elements)2",0.000100,228,"./Code/main.cpp","InsertionSortTest2_Modified"
"Inner Loop (Shifting Elements)2",0.000097,228,"./Code/main.cpp","InsertionSortTest2_Modified"
"Inner Loop (Shifting Elements)2",0.000091,228,"./Code/main.cpp","InsertionSortTest2_Modified"
"Inner Loop (Shifting Elements)2",0.000093,228,"./Code/main.cpp","InsertionSortTest2_Modified"
"Inner Loop (Shifting Elements)2",0.000094,228,"./Code/main.cpp","InsertionSortTest2_Modified"
"Inner Loop (Shifting Elements)2",0.000094,228,"./Code/main.cpp","InsertionSortTest2_Modified"
"Inner Loop (Shifting Elements)2",0.000092,228,"./Code/main.cpp","InsertionSortTest2_Modified"
"Inner Loop (Shifting Elements)2",0.000093,228,"./Code/main.cpp","InsertionSortTest2_Modified"
"Inner Loop (Shifting Elements)2",0.000157,228,"./Code/main.cpp","InsertionSortTest2_Modified"
"Inner Loop (Shifting Elements)2",0.000189,228,"./Code/main.cpp","InsertionSortTest2_Modified"
"Inner Loop (Shifting Elements)2",0.000135,228,"./Code/main.cpp","InsertionSortTest2_Modified"
"Inner Loop (Shifting Elements)2",0.000144,228,"./Code/main.cpp","InsertionSortTest2_Modified"
"Inner Loop (Shifting Elements)2",0.000148,228,"./Code/main.cpp","InsertionSortTest2_Modified"
"Inner Loop (Shifting Elements)2",0.000215,228,"./Code/main.cpp","InsertionSortTest2_Modified"
"Inner Loop (Shifting Elements)2",0.000155,228,"./Code/main.cpp","InsertionSortTest2_Modified"
"Inner Loop (Shifting Elements)2",0.000154,228,"./Code/main.cpp","InsertionSortTest2_Modified"
"Inner Loop (Shifting Elements)2",0.000153,228,"./Code/main.cpp","InsertionSortTest2_Modified"
"Inner Loop (Shifting Elements)2",0.000186,228,"./Code/main.cpp","InsertionSortTest2_Modified"
"Inner Loop (Shifting Elements)2",0.000132,228,"./Code/main.cpp","InsertionSortTest2_Modified"
"Inner Loop (Shifting Elements)2",0.000151,228,"./Code/main.cpp","InsertionSortTest2_Modified"
"Inner Loop (Shifting Elements)2",0.000163,228,"./Code/main.cpp","InsertionSortTest2_Modified"
"Inner Loop (Shifting Elements)2",0.000143,228,"./Code/main.cpp","InsertionSortTest2_Modified"
"Inner Loop (Shifting Elements)2",0.000182,228,"./Code/main.cpp","InsertionSortTest2_Modified"
"Inner Loop (Shifting Elements)2",0.000163,228,"./Code/main.cpp","InsertionSortTest2_Modified"
"Inner Loop (Shifting Elements)2",0.000227,228,"./Code/main.cpp","InsertionSortTest2_Modified"
"Inner Loop (Shifting Elements)2",0.000169,228,"./Code/main.cpp","InsertionSortTest2_Modified"
"Inner Loop (Shifting Elements)2",0.000177,228,"./Code/main.cpp","InsertionSortTest2_Modified"
"Inner Loop (Shifting Elements)2",0.000153,228,"./Code/main.cpp","InsertionSortTest2_Modified"
"Inner Loop (Shifting Elements)2",0.000149,228,"./Code/main.cpp","InsertionSortTest2_Modified"
"Inner Loop (Shifting Elements)2",0.000177,228,"./Code/main.cpp","InsertionSortTest2_Modified"
"Inner Loop (Shifting Elements)2",0.000195,228,"./Code/main.cpp","InsertionSortTest2_Modified"
"Inner Loop (Shifting Elements)2",0.000117,228,"./Code/main.cpp","InsertionSortTest2_Modified"
"Inner Loop (Shifting Elements)2",0.000129,228,"./Code/main.cpp","InsertionSortTest2_Modified"
"Inner Loop (Shifting Elements)2",0.000109,228,"./Code/main.cpp","InsertionSortTest2_Modified"
"Key Assignment2",0.000134,235,"./Code/main.cpp","InsertionSortTest2_Modified"
"Outer Loop2",0.023159,237,"./Code/main.cpp","InsertionSortTest2_Modified"
"Inner Loop (Shifting Elements)2",0.000092,228,"./Code/main.cpp","InsertionSortTest2_Modified"
"Inner Loop (Shifting Elements)2",0.000092,228,"./Code/main.cpp","InsertionSortTest2_Modified"
"Inner Loop (Shifting Elements)2",0.000091,228,"./Code/main.cpp","InsertionSortTest2_Modified"
"Inner Loop (Shifting Elements)2",0.000096,228,"./Code/main.cpp","InsertionSortTest2_Modified"
"Inner Loop (Shifting Elements)2",0.000092,228,"./Code/main.cpp","InsertionSortTest2_Modified"
"Inner Loop (Shifting Elements)2",0.000092,228,"./Code/main.cpp","InsertionSortTest2_Modified"
"Inner Loop (Shifting Elements)2",0.000093,228,"./Code/main.cpp","InsertionSortTest2_Modified"
"Inner Loop (Shifting Elements)2",0.000092,228,"./Code/main.cpp","InsertionSortTest2_Modified"
"Inner Loop (Shifting Elements)2",0.000092,228,"./Code/main.cpp","InsertionSortTest2_Modified"
"Inner Loop (Shifting Elements)2",0.000093,228,"./Code/main.cpp","InsertionSortTest2_Modified"
"Inner Loop (Shifting Elements)2",0.000092,228,"./Code/main.cpp","InsertionSortTest2_Modified"
"Inner Loop (Shifting Elements)2",0.000094,228,"./Code/main.cpp","InsertionSortTest2_Modified"
"Inner Loop (Shifting Elements)2",0.000093,228,"./Code/main.cpp","InsertionSortTest2_Modified"
"Inner Loop (Shifting Elements)2",0.000091,228,"./Code/main.cpp","InsertionSortTest2_Modified"
"Key Assignment2",0.000093,235,"./Code/main.cpp","InsertionSortTest2_Modified"
"Outer Loop2",0.006224,237,"./Code/main.cpp","InsertionSortTest2_Modified"
"Inner Loop (Shifting Elements)2",0.000095,228,"./Code/main.cpp","InsertionSortTest2_Modified"
"Inner Loop (Shifting Elements)2",0.000091,228,"./Code/main.cpp","InsertionSortTest2_Modified"
"Inner Loop (Shifting Elements)2",0.000092,228,"./Code/main.cpp","InsertionSortTest2_Modified"
"Inner Loop (Shifting Elements)2",0.000090,228,"./Code/main.cpp","InsertionSortTest2_Modified"
"Inner Loop (Shifting Elements)2",0.000091,228,"./Code/main.cpp","InsertionSortTest2_Modified"
"Inner Loop (Shifting Elements)2",0.000090,228,"./Code/main.cpp","InsertionSortTest2_Modified"
"Inner Loop (Shifting Elements)2",0.000090,228,"./Code/main.cpp","InsertionSortTest2_Modified"
"Inner Loop (Shifting Elements)2",0.000088,228,"./Code/main.cpp","InsertionSortTest2_Modified"
"Inner Loop (Shifting Elements)2",0.000092,228,"./Code/main.cpp","InsertionSortTest2_Modified"
"Inner Loop (Shifting Elements)2",0.000093,228,"./Code/main.cpp","InsertionSortTest2_Modified"
"Inner Loop (Shifting Elements)2",0.000094,228,"./Code/main.cpp","InsertionSortTest2_Modified"
"Inner Loop (Shifting Elements)2",0.000094,228,"./Code/main.cpp","InsertionSortTest2_Modified"
"Inner Loop (Shifting Elements)2",0.000094,228,"./Code/main.cpp","InsertionSortTest2_Modified"
"Inner Loop (Shifting Elements)2",0.000092,228,"./Code/main.cpp","InsertionSortTest2_Modified"
"Inner Loop (Shifting Elements)2",0.000095,228,"./Code/main.cpp","InsertionSortTest2_Modified"
"Inner Loop (Shifting Elements)2",0.000093,228,"./Code/main.cpp","InsertionSortTest2_Modified"
"Inner Loop (Shifting Elements)2",0.000093,228,"./Code/main.cpp","InsertionSortTest2_Modified"
"Inner Loop (Shifting Elements)2",0.000094,228,"./Code/main.cpp","InsertionSortTest2_Modified"
"Inner Loop (Shifting Elements)2",0.000092,228,"./Code/main.cpp","InsertionSortTest2_Modified"
"Inner Loop (Shifting Elements)2",0.000092,228,"./Code/main.cpp","InsertionSortTest2_Modified"
"Inner Loop (Shifting Elements)2",0.000092,228,"./Code/main.cpp","InsertionSortTest2_Modified"
"Inner Loop (Shifting Elements)2",0.000091,228,"./Code/main.cpp","InsertionSortTest2_Modified"
"Inner Loop (Shifting Elements)2",0.000093,228,"./Code/main.cpp","InsertionSortTest2_Modified"
"Inner Loop (Shifting Elements)2",0.000091,228,"./Code/main.cpp","InsertionSortTest2_Modified"
"Inner Loop (Shifting Elements)2",0.000093,228,"./Code/main.cpp","InsertionSortTest2_Modified"
"Inner Loop (Shifting Elements)2",0.000093,228,"./Code/main.cpp","InsertionSortTest2_Modified"
"Inner Loop (Shifting Elements)2",0.000091,228,"./Code/main.cpp","InsertionSortTest2_Modified"
"Inner Loop (Shifting Elements)2",0.000091,228,"./Code/main.cpp","InsertionSortTest2_Modified"
"Inner Loop (Shifting Elements)2",0.000092,228,"./Code/main.cpp","InsertionSortTest2_Modified"
"Inner Loop (Shifting Elements)2",0.000093,228,"./Code/main.cpp","InsertionSortTest2_Modified"
"Inner Loop (Shifting Elements)2",0.000094,228,"./Code/main.cpp","InsertionSortTest2_Modified"
"Inner Loop (Shifting Elements)2",0.000113,228,"./Code/main.cpp","InsertionSortTest2_Modified"
"Inner Loop (Shifting Elements)2",0.000108,228,"./Code/main.cpp","InsertionSortTest2_Modified"
"Inner Loop (Shifting Elements)2",0.000127,228,"./Code/main.cpp","InsertionSortTest2_Modified"
"Inner Loop (Shifting Elements)2",0.000109,228,"./Code/main.cpp","InsertionSortTest2_Modified"
"Inner Loop (Shifting Elements)2",0.000102,228,"./Code/main.cpp","InsertionSortTest2_Modified"
"Inner Loop (Shifting Elements)2",0.000096,228,"./Code/main.cpp","InsertionSortTest2_Modified"
"Inner Loop (Shifting Elements)2",0.000094,228,"./Code/main.cpp","InsertionSortTest2_Modified"
"Inner Loop (Shifting Elements)2",0.000091,228,"./Code/main.cpp","InsertionSortTest2_Modified"
"Inner Loop (Shifting Elements)2",0.000094,228,"./Code/main.cpp","InsertionSortTest2_Modified"
"Inner Loop (Shifting Elements)2",0.000095,228,"./Code/main.cpp","InsertionSortTest2_Modified"
"Inner Loop (Shifting Elements)2",0.000093,228,"./Code/main.cpp","InsertionSortTest2_Modified"
"Inner Loop (Shifting Elements)2",0.000108,228,"./Code/main.cpp","InsertionSortTest2_Modified"
"Inner Loop (Shifting Elements)2",0.000096,228,"./Code/main.cpp","InsertionSortTest2_Modified"
"Inner Loop (Shifting Elements)2",0.000096,228,"./Code/main.cpp","InsertionSortTest2_Modified"
"Inner Loop (Shifting Elements)2",0.000094,228,"./Code/main.cpp","InsertionSortTest2_Modified"
"Inner Loop (Shifting Elements)2",0.000093,228,"./Code/main.cpp","InsertionSortTest2_Modified"
"Inner Loop (Shifting Elements)2",0.000093,228,"./Code/main.cpp","InsertionSortTest2_Modified"
"Inner Loop (Shifting Elements)2",0.000094,228,"./Code/main.cpp","InsertionSortTest2_Modified"
"Inner Loop (Shifting Elements)2",0.000092,228,"./Code/main.cpp","InsertionSortTest2_Modified"
"Inner Loop (Shifting Elements)2",0.000091,228,"./Code/main.cpp","InsertionSortTest2_Modified"
"Inner Loop (Shifting Elements)2",0.000123,228,"./Code/main.cpp","InsertionSortTest2_Modified"
"Inner Loop (Shifting Elements)2",0.000093,228,"./Code/main.cpp","InsertionSortTest2_Modified"
"Inner Loop (Shifting Elements)2",0.000095,228,"./Code/main.cpp","InsertionSortTest2_Modified"
"Inner Loop (Shifting Elements)2",0.000093,228,"./Code/main.cpp","InsertionSortTest2_Modified"
"Inner Loop (Shifting Elements)2",0.000094,228,"./Code/main.cpp","InsertionSortTest2_Modified"
"Key Assignment2",0.000095,235,"./Code/main.cpp","InsertionSortTest2_Modified"
"Outer Loop2",0.041766,237,"./Code/main.cpp","InsertionSortTest2_Modified"
"Inner Loop (Shifting Elements)2",0.000092,228,"./Code/main.cpp","InsertionSortTest2_Modified"
"Inner Loop (Shifting Elements)2",0.000097,228,"./Code/main.cpp","InsertionSortTest2_Modified"
"Inner Loop (Shifting Elements)2",0.000093,228,"./Code/main.cpp","InsertionSortTest2_Modified"
"Inner Loop (Shifting Elements)2",0.000094,228,"./Code/main.cpp","InsertionSortTest2_Modified"
"Inner Loop (Shifting Elements)2",0.000094,228,"./Code/main.cpp","InsertionSortTest2_Modified"
"Inner Loop (Shifting Elements)2",0.000131,228,"./Code/main.cpp","InsertionSortTest2_Modified"
"Inner Loop (Shifting Elements)2",0.000093,228,"./Code/main.cpp","InsertionSortTest2_Modified"
"Inner Loop (Shifting Elements)2",0.000094,228,"./Code/main.cpp","InsertionSortTest2_Modified"
"Inner Loop (Shifting Elements)2",0.000091,228,"./Code/main.cpp","InsertionSortTest2_Modified"
"Inner Loop (Shifting Elements)2",0.000094,228,"./Code/main.cpp","InsertionSortTest2_Modified"
"Inner Loop (Shifting Elements)2",0.000093,228,"./Code/main.cpp","InsertionSortTest2_Modified"
"Inner Loop (Shifting Elements)2",0.000095,228,"./Code/main.cpp","InsertionSortTest2_Modified"
"Inner Loop (Shifting Elements)2",0.000094,228,"./Code/main.cpp","InsertionSortTest2_Modified"
"Inner Loop (Shifting Elements)2",0.000094,228,"./Code/main.cpp","InsertionSortTest2_Modified"
"Inner Loop (Shifting Elements)2",0.000094,228,"./Code/main.cpp","InsertionSortTest2_Modified"
"Inner Loop (Shifting Elements)2",0.000095,228,"./Code/main.cpp","InsertionSortTest2_Modified"
"Inner Loop (Shifting Elements)2",0.000094,228,"./Code/main.cpp","InsertionSortTest2_Modified"
"Inner Loop (Shifting Elements)2",0.000093,228,"./Code/main.cpp","InsertionSortTest2_Modified"
"Inner Loop (Shifting Elements)2",0.000094,228,"./Code/main.cpp","InsertionSortTest2_Modified"
"Inner Loop (Shifting Elements)2",0.000091,228,"./Code/main.cpp","InsertionSortTest2_Modified"
"Inner Loop (Shifting Elements)2",0.000096,228,"./Code/main.cpp","InsertionSortTest2_Modified"
"Inner Loop (Shifting Elements)2",0.000094,228,"./Code/main.cpp","InsertionSortTest2_Modified"
"Inner Loop (Shifting Elements)2",0.000093,228,"./Code/main.cpp","InsertionSortTest2_Modified"
"Inner Loop (Shifting Elements)2",0.000095,228,"./Code/main.cpp","InsertionSortTest2_Modified"
"Inner Loop (Shifting Elements)2",0.000094,228,"./Code/main.cpp","InsertionSortTest2_Modified"
"Inner Loop (Shifting Elements)2",0.000093,228,"./Code/main.cpp","InsertionSortTest2_Modified"
"Inner Loop (Shifting Elements)2",0.000093,228,"./Code/main.cpp","InsertionSortTest2_Modified"
"Inner Loop (Shifting Elements)2",0.000095,228,"./Code/main.cpp","InsertionSortTest2_Modified"
"Inner Loop (Shifting Elements)2",0.000093,228,"./Code/main.cpp","InsertionSortTest2_Modified"
"Inner Loop (Shifting Elements)2",0.000092,228,"./Code/main.cpp","InsertionSortTest2_Modified"
"Inner Loop (Shifting Elements)2",0.000090,228,"./Code/main.cpp","InsertionSortTest2_Modified"
"Inner Loop (Shifting Elements)2",0.000095,228,"./Code/main.cpp","InsertionSortTest2_Modified"
"Inner Loop (Shifting Elements)2",0.000091,228,"./Code/main.cpp","InsertionSortTest2_Modified"
"Inner Loop (Shifting Elements)2",0.000092,228,"./Code/main.cpp","InsertionSortTest2_Modified"
"Inner Loop (Shifting Elements)2",0.000093,228,"./Code/main.cpp","InsertionSortTest2_Modified"
"Inner Loop (Shifting Elements)2",0.000094,228,"./Code/main.cpp","InsertionSortTest2_Modified"
"Inner Loop (Shifting Elements)2",0.000093,228,"./Code/main.cpp","InsertionSortTest2_Modified"
"Inner Loop (Shifting Elements)2",0.000096,228,"./Code/main.cpp","InsertionSortTest2_Modified"
"Inner Loop (Shifting Elements)2",0.000092,228,"./Code/main.cpp","InsertionSortTest2_Modified"
"Inner Loop (Shifting Elements)2",0.000093,228,"./Code/main.cpp","InsertionSortTest2_Modified"
"Inner Loop (Shifting Elements)2",0.000093,228,"./Code/main.cpp","InsertionSortTest2_Modified"
"Inner Loop (Shifting Elements)2",0.000093,228,"./Code/main.cpp","InsertionSortTest2_Modified"
"Key Assignment2",0.000093,235,"./Code/main.cpp","InsertionSortTest2_Modified"
"Outer Loop2",0.017619,237,"./Code/main.cpp","InsertionSortTest2_Modified"
"Inner Loop (Shifting Elements)2",0.000092,228,"./Code/main.cpp","InsertionSortTest2_Modified"
"Inner Loop (Shifting Elements)2",0.000094,228,"./Code/main.cpp","InsertionSortTest2_Modified"
"Inner Loop (Shifting Elements)2",0.000091,228,"./Code/main.cpp","InsertionSortTest2_Modified"
"Inner Loop (Shifting Elements)2",0.000093,228,"./Code/main.cpp","InsertionSortTest2_Modified"
"Inner Loop (Shifting Elements)2",0.000090,228,"./Code/main.cpp","InsertionSortTest2_Modified"
"Inner Loop (Shifting Elements)2",0.000095,228,"./Code/main.cpp","InsertionSortTest2_Modified"
"Inner Loop (Shifting Elements)2",0.000092,228,"./Code/main.cpp","InsertionSortTest2_Modified"
"Inner Loop (Shifting Elements)2",0.000093,228,"./Code/main.cpp","InsertionSortTest2_Modified"
"Inner Loop (Shifting Elements)2",0.000094,228,"./Code/main.cpp","InsertionSortTest2_Modified"
"Inner Loop (Shifting Elements)2",0.000093,228,"./Code/main.cpp","InsertionSortTest2_Modified"
"Inner Loop (Shifting Elements)2",0.000093,228,"./Code/main.cpp","InsertionSortTest2_Modified"
"Inner Loop (Shifting Elements)2",0.000092,228,"./Code/main.cpp","InsertionSortTest2_Modified"
"Inner Loop (Shifting Elements)2",0.000093,228,"./Code/main.cpp","InsertionSortTest2_Modified"
"Inner Loop (Shifting Elements)2",0.000093,228,"./Code/main.cpp","InsertionSortTest2_Modified"
"Inner Loop (Shifting Elements)2",0.000101,228,"./Code/main.cpp","InsertionSortTest2_Modified"
"Inner Loop (Shifting Elements)2",0.000108,228,"./Code/main.cpp","InsertionSortTest2_Modified"
"Inner Loop (Shifting Elements)2",0.000136,228,"./Code/main.cpp","InsertionSortTest2_Modified"
"Inner Loop (Shifting Elements)2",0.000101,228,"./Code/main.cpp","InsertionSortTest2_Modified"
"Inner Loop (Shifting Elements)2",0.000098,228,"./Code/main.cpp","InsertionSortTest2_Modified"
"Inner Loop (Shifting Elements)2",0.000091,228,"./Code/main.cpp","InsertionSortTest2_Modified"
"Inner Loop (Shifting Elements)2",0.000092,228,"./Code/main.cpp","InsertionSortTest2_Modified"
"Key Assignment2",0.000127,235,"./Code/main.cpp","InsertionSortTest2_Modified"
"Outer Loop2",0.010380,237,"./Code/main.cpp","InsertionSortTest2_Modified"
"Key Assignment2",0.000093,235,"./Code/main.cpp","InsertionSortTest2_Modified"
"Outer Loop2",0.000503,237,"./Code/main.cpp","InsertionSortTest2_Modified"
"Inner Loop (Shifting Elements)2",0.000092,228,"./Code/main.cpp","InsertionSortTest2_Modified"
"Inner Loop (Shifting Elements)2",0.000096,228,"./Code/main.cpp","InsertionSortTest2_Modified"
"Inner Loop (Shifting Elements)2",0.000094,228,"./Code/main.cpp","InsertionSortTest2_Modified"
"Inner Loop (Shifting Elements)2",0.000091,228,"./Code/main.cpp","InsertionSortTest2_Modified"
"Inner Loop (Shifting Elements)2",0.000095,228,"./Code/main.cpp","InsertionSortTest2_Modified"
"Inner Loop (Shifting Elements)2",0.000156,228,"./Code/main.cpp","InsertionSortTest2_Modified"
"Inner Loop (Shifting Elements)2",0.000091,228,"./Code/main.cpp","InsertionSortTest2_Modified"
"Inner Loop (Shifting Elements)2",0.000094,228,"./Code/main.cpp","InsertionSortTest2_Modified"
"Inner Loop (Shifting Elements)2",0.000093,228,"./Code/main.cpp","InsertionSortTest2_Modified"
"Inner Loop (Shifting Elements)2",0.000093,228,"./Code/main.cpp","InsertionSortTest2_Modified"
"Inner Loop (Shifting Elements)2",0.000094,228,"./Code/main.cpp","InsertionSortTest2_Modified"
"Inner Loop (Shifting Elements)2",0.000090,228,"./Code/main.cpp","InsertionSortTest2_Modified"
"Inner Loop (Shifting Elements)2",0.000093,228,"./Code/main.cpp","InsertionSortTest2_Modified"
"Inner Loop (Shifting Elements)2",0.000116,228,"./Code/main.cpp","InsertionSortTest2_Modified"
"Inner Loop (Shifting Elements)2",0.000093,228,"./Code/main.cpp","InsertionSortTest2_Modified"
"Inner Loop (Shifting Elements)2",0.000093,228,"./Code/main.cpp","InsertionSortTest2_Modified"
"Inner Loop (Shifting Elements)2",0.000091,228,"./Code/main.cpp","InsertionSortTest2_Modified"
"Inner Loop (Shifting Elements)2",0.000093,228,"./Code/main.cpp","InsertionSortTest2_Modified"
"Inner Loop (Shifting Elements)2",0.000094,228,"./Code/main.cpp","InsertionSortTest2_Modified"
"Inner Loop (Shifting Elements)2",0.000094,228,"./Code/main.cpp","InsertionSortTest2_Modified"
"Inner Loop (Shifting Elements)2",0.000092,228,"./Code/main.cpp","InsertionSortTest2_Modified"
"Inner Loop (Shifting Elements)2",0.000094,228,"./Code/main.cpp","InsertionSortTest2_Modified"
"Inner Loop (Shifting Elements)2",0.000093,228,"./Code/main.cpp","InsertionSortTest2_Modified"
"Inner Loop (Shifting Elements)2",0.000119,228,"./Code/main.cpp","InsertionSortTest2_Modified"
"Inner Loop (Shifting Elements)2",0.000090,228,"./Code/main.cpp","InsertionSortTest2_Modified"
"Inner Loop (Shifting Elements)2",0.000092,228,"./Code/main.cpp","InsertionSortTest2_Modified"
"Inner Loop (Shifting Elements)2",0.000093,228,"./Code/main.cpp","InsertionSortTest2_Modified"
"Inner Loop (Shifting Elements)2",0.000093,228,"./Code/main.cpp","InsertionSortTest2_Modified"
"Inner Loop (Shifting Elements)2",0.000093,228,"./Code/main.cpp","InsertionSortTest2_Modified"
"Inner Loop (Shifting Elements)2",0.000095,228,"./Code/main.cpp","InsertionSortTest2_Modified"
"Inner Loop (Shifting Elements)2",0.000095,228,"./Code/main.cpp","InsertionSortTest2_Modified"
"Inner Loop (Shifting Elements)2",0.000096,228,"./Code/main.cpp","InsertionSortTest2_Modified"
"Inner Loop (Shifting Elements)2",0.000118,228,"./Code/main.cpp","InsertionSortTest2_Modified"
"Inner Loop (Shifting Elements)2",0.000092,228,"./Code/main.cpp","InsertionSortTest2_Modified"
"Inner Loop (Shifting Elements)2",0.000092,228,"./Code/main.cpp","InsertionSortTest2_Modified"
"Inner Loop (Shifting Elements)2",0.000094,228,"./Code/main.cpp","InsertionSortTest2_Modified"
"Inner Loop (Shifting Elements)2",0.000093,228,"./Code/main.cpp","InsertionSortTest2_Modified"
"Inner Loop (Shifting Elements)2",0.000092,228,"./Code/main.cpp","InsertionSortTest2_Modified"
"Inner Loop (Shifting Elements)2",0.000094,228,"./Code/main.cpp","InsertionSortTest2_Modified"
"Inner Loop (Shifting Elements)2",0.000092,228,"./Code/main.cpp","InsertionSortTest2_Modified"
"Inner Loop (Shifting Elements)2",0.000095,228,"./Code/main.cpp","InsertionSortTest2_Modified"
"Inner Loop (Shifting Elements)2",0.000095,228,"./Code/main.cpp","InsertionSortTest2_Modified"
"Inner Loop (Shifting Elements)2",0.000095,228,"./Code/main.cpp","InsertionSortTest2_Modified"
"Inner Loop (Shifting Elements)2",0.000091,228,"./Code/main.cpp","InsertionSortTest2_Modified"
"Inner Loop (Shifting Elements)2",0.000093,228,"./Code/main.cpp","InsertionSortTest2_Modified"
"Inner Loop (Shifting Elements)2",0.000094,228,"./Code/main.cpp","InsertionSortTest2_Modified"
"Inner Loop (Shifting Elements)2",0.000094,228,"./Code/main.cpp","InsertionSortTest2_Modified"
"Inner Loop (Shifting Elements)2",0.000095,228,"./Code/main.cpp","InsertionSortTest2_Modified"
"Inner Loop (Shifting Elements)2",0.000095,228,"./Code/main.cpp","InsertionSortTest2_Modified"
"Inner Loop (Shifting Elements)2",0.000093,228,"./Code/main.cpp","InsertionSortTest2_Modified"
"Inner Loop (Shifting Elements)2",0.000095,228,"./Code/main.cpp","InsertionSortTest2_Modified"
"Inner Loop (Shifting Elements)2",0.000092,228,"./Code/main.cpp","InsertionSortTest2_Modified"
"Key Assignment2",0.000091,235,"./Code/main.cpp","InsertionSortTest2_Modified"
"Outer Loop2",0.021715,237,"./Code/main.cpp","InsertionSortTest2_Modified"
"Inner Loop (Shifting Elements)2",0.000092,228,"./Code/main.cpp","InsertionSortTest2_Modified"
"Inner Loop (Shifting Elements)2",0.000092,228,"./Code/main.cpp","InsertionSortTest2_Modified"
"Inner Loop (Shifting Elements)2",0.000094,228,"./Code/main.cpp","InsertionSortTest2_Modified"
"Inner Loop (Shifting Elements)2",0.000094,228,"./Code/main.cpp","InsertionSortTest2_Modified"
"Inner Loop (Shifting Elements)2",0.000094,228,"./Code/main.cpp","InsertionSortTest2_Modified"
"Inner Loop (Shifting Elements)2",0.000093,228,"./Code/main.cpp","InsertionSortTest2_Modified"
"Inner Loop (Shifting Elements)2",0.000094,228,"./Code/main.cpp","InsertionSortTest2_Modified"
"Inner Loop (Shifting Elements)2",0.000093,228,"./Code/main.cpp","InsertionSortTest2_Modified"
"Inner Loop (Shifting Elements)2",0.000093,228,"./Code/main.cpp","InsertionSortTest2_Modified"
"Inner Loop (Shifting Elements)2",0.000092,228,"./Code/main.cpp","InsertionSortTest2_Modified"
"Inner Loop (Shifting Elements)2",0.000094,228,"./Code/main.cpp","InsertionSortTest2_Modified"
"Inner Loop (Shifting Elements)2",0.000092,228,"./Code/main.cpp","InsertionSortTest2_Modified"
"Inner Loop (Shifting Elements)2",0.000092,228,"./Code/main.cpp","InsertionSortTest2_Modified"
"Inner Loop (Shifting Elements)2",0.000091,228,"./Code/main.cpp","InsertionSortTest2_Modified"
"Inner Loop (Shifting Elements)2",0.000092,228,"./Code/main.cpp","InsertionSortTest2_Modified"
"Inner Loop (Shifting Elements)2",0.000093,228,"./Code/main.cpp","InsertionSortTest2_Modified"
"Inner Loop (Shifting Elements)2",0.000090,228,"./Code/main.cpp","InsertionSortTest2_Modified"
"Inner Loop (Shifting Elements)2",0.000091,228,"./Code/main.cpp","InsertionSortTest2_Modified"
"Inner Loop (Shifting Elements)2",0.000092,228,"./Code/main.cpp","InsertionSortTest2_Modified"
"Inner Loop (Shifting Elements)2",0.000093,228,"./Code/main.cpp","InsertionSortTest2_Modified"
"Inner Loop (Shifting Elements)2",0.000108,228,"./Code/main.cpp","InsertionSortTest2_Modified"
"Inner Loop (Shifting Elements)2",0.000105,228,"./Code/main.cpp","InsertionSortTest2_Modified"
"Inner Loop (Shifting Elements)2",0.000123,228,"./Code/main.cpp","InsertionSortTest2_Modified"
"Inner Loop (Shifting Elements)2",0.000138,228,"./Code/main.cpp","InsertionSortTest2_Modified"
"Inner Loop (Shifting Elements)2",0.000109,228,"./Code/main.cpp","InsertionSortTest2_Modified"
"Inner Loop (Shifting Elements)2",0.000128,228,"./Code/main.cpp","InsertionSortTest2_Modified"
"Inner Loop (Shifting Elements)2",0.000092,228,"./Code/main.cpp","InsertionSortTest2_Modified"
"Inner Loop (Shifting Elements)2",0.000093,228,"./Code/main.cpp","InsertionSortTest2_Modified"
"Inner Loop (Shifting Elements)2",0.000095,228,"./Code/main.cpp","InsertionSortTest2_Modified"
"Inner Loop (Shifting Elements)2",0.000096,228,"./Code/main.cpp","InsertionSortTest2_Modified"
"Key Assignment2",0.000126,235,"./Code/main.cpp","InsertionSortTest2_Modified"
"Outer Loop2",0.014089,237,"./Code/main.cpp","InsertionSortTest2_Modified"
"Inner Loop (Shifting Elements)2",0.000094,228,"./Code/main.cpp","InsertionSortTest2_Modified"
"Inner Loop (Shifting Elements)2",0.000091,228,"./Code/main.cpp","InsertionSortTest2_Modified"
"Inner Loop (Shifting Elements)2",0.000092,228,"./Code/main.cpp","InsertionSortTest2_Modified"
"Inner Loop (Shifting Elements)2",0.000092,228,"./Code/main.cpp","InsertionSortTest2_Modified"
"Inner Loop (Shifting Elements)2",0.000089,228,"./Code/main.cpp","InsertionSortTest2_Modified"
"Inner Loop (Shifting Elements)2",0.000090,228,"./Code/main.cpp","InsertionSortTest2_Modified"
"Inner Loop (Shifting Elements)2",0.000092,228,"./Code/main.cpp","InsertionSortTest2_Modified"
"Key Assignment2",0.000091,235,"./Code/main.cpp","InsertionSortTest2_Modified"
"Outer Loop2",0.003331,237,"./Code/main.cpp","InsertionSortTest2_Modified"
"Inner Loop (Shifting Elements)2",0.000091,228,"./Code/main.cpp","InsertionSortTest2_Modified"
"Inner Loop (Shifting Elements)2",0.000097,228,"./Code/main.cpp","InsertionSortTest2_Modified"
"Inner Loop (Shifting Elements)2",0.000095,228,"./Code/main.cpp","InsertionSortTest2_Modified"
"Inner Loop (Shifting Elements)2",0.000095,228,"./Code/main.cpp","InsertionSortTest2_Modified"
"Inner Loop (Shifting Elements)2",0.000089,228,"./Code/main.cpp","InsertionSortTest2_Modified"
"Inner Loop (Shifting Elements)2",0.000093,228,"./Code/main.cpp","InsertionSortTest2_Modified"
"Inner Loop (Shifting Elements)2",0.000091,228,"./Code/main.cpp","InsertionSortTest2_Modified"
"Inner Loop (Shifting Elements)2",0.000092,228,"./Code/main.cpp","InsertionSortTest2_Modified"
"Inner Loop (Shifting Elements)2",0.000094,228,"./Code/main.cpp","InsertionSortTest2_Modified"
"Inner Loop (Shifting Elements)2",0.000092,228,"./Code/main.cpp","InsertionSortTest2_Modified"
"Inner Loop (Shifting Elements)2",0.000092,228,"./Code/main.cpp","InsertionSortTest2_Modified"
"Inner Loop (Shifting Elements)2",0.000092,228,"./Code/main.cpp","InsertionSortTest2_Modified"
"Inner Loop (Shifting Elements)2",0.000093,228,"./Code/main.cpp","InsertionSortTest2_Modified"
"Inner Loop (Shifting Elements)2",0.000093,228,"./Code/main.cpp","InsertionSortTest2_Modified"
"Inner Loop (Shifting Elements)2",0.000095,228,"./Code/main.cpp","InsertionSortTest2_Modified"
"Inner Loop (Shifting Elements)2",0.000096,228,"./Code/main.cpp","InsertionSortTest2_Modified"
"Inner Loop (Shifting Elements)2",0.000093,228,"./Code/main.cpp","InsertionSortTest2_Modified"
"Inner Loop (Shifting Elements)2",0.000093,228,"./Code/main.cpp","InsertionSortTest2_Modified"
"Inner Loop (Shifting Elements)2",0.000094,228,"./Code/main.cpp","InsertionSortTest2_Modified"
"Inner Loop (Shifting Elements)2",0.000091,228,"./Code/main.cpp","InsertionSortTest2_Modified"
"Inner Loop (Shifting Elements)2",0.000095,228,"./Code/main.cpp","InsertionSortTest2_Modified"
"Inner Loop (Shifting Elements)2",0.000092,228,"./Code/main.cpp","InsertionSortTest2_Modified"
"Inner Loop (Shifting Elements)2",0.000094,228,"./Code/main.cpp","InsertionSortTest2_Modified"
"Inner Loop (Shifting Elements)2",0.000093,228,"./Code/main.cpp","InsertionSortTest2_Modified"
"Inner Loop (Shifting Elements)2",0.000094,228,"./Code/main.cpp","InsertionSortTest2_Modified"
"Inner Loop (Shifting Elements)2",0.000094,228,"./Code/main.cpp","InsertionSortTest2_Modified"
"Inner Loop (Shifting Elements)2",0.000093,228,"./Code/main.cpp","InsertionSortTest2_Modified"
"Inner Loop (Shifting Elements)2",0.000092,228,"./Code/main.cpp","InsertionSortTest2_Modified"
"Inner Loop (Shifting Elements)2",0.000094,228,"./Code/main.cpp","InsertionSortTest2_Modified"
"Inner Loop (Shifting Elements)2",0.000092,228,"./Code/main.cpp","InsertionSortTest2_Modified"
"Inner Loop (Shifting Elements)2",0.000093,228,"./Code/main.cpp","InsertionSortTest2_Modified"
"Inner Loop (Shifting Elements)2",0.000095,228,"./Code/main.cpp","InsertionSortTest2_Modified"
"Inner Loop (Shifting Elements)2",0.000094,228,"./Code/main.cpp","InsertionSortTest2_Modified"
"Inner Loop (Shifting Elements)2",0.000092,228,"./Code/main.cpp","InsertionSortTest2_Modified"
"Inner Loop (Shifting Elements)2",0.000092,228,"./Code/main.cpp","InsertionSortTest2_Modified"
"Inner Loop (Shifting Elements)2",0.000093,228,"./Code/main.cpp","InsertionSortTest2_Modified"
"Inner Loop (Shifting Elements)2",0.000093,228,"./Code/main.cpp","InsertionSortTest2_Modified"
"Inner Loop (Shifting Elements)2",0.000096,228,"./Code/main.cpp","InsertionSortTest2_Modified"
"Inner Loop (Shifting Elements)2",0.000092,228,"./Code/main.cpp","InsertionSortTest2_Modified"
"Inner Loop (Shifting Elements)2",0.000092,228,"./Code/main.cpp","InsertionSortTest2_Modified"
"Inner Loop (Shifting Elements)2",0.000093,228,"./Code/main.cpp","InsertionSortTest2_Modified"
"Inner Loop (Shifting Elements)2",0.000093,228,"./Code/main.cpp","InsertionSortTest2_Modified"
"Inner Loop (Shifting Elements)2",0.000094,228,"./Code/main.cpp","InsertionSortTest2_Modified"
"Inner Loop (Shifting Elements)2",0.000092,228,"./Code/main.cpp","InsertionSortTest2_Modified"
"Inner Loop (Shifting Elements)2",0.000095,228,"./Code/main.cpp","InsertionSortTest2_Modified"
"Inner Loop (Shifting Elements)2",0.000090,228,"./Code/main.cpp","InsertionSortTest2_Modified"
"Inner Loop (Shifting Elements)2",0.000096,228,"./Code/main.cpp","InsertionSortTest2_Modified"
"Inner Loop (Shifting Elements)2",0.000093,228,"./Code/main.cpp","InsertionSortTest2_Modified"
"Inner Loop (Shifting Elements)2",0.000118,228,"./Code/main.cpp","InsertionSortTest2_Modified"
"Inner Loop (Shifting Elements)2",0.000093,228,"./Code/main.cpp","InsertionSortTest2_Modified"
"Inner Loop (Shifting Elements)2",0.000092,228,"./Code/main.cpp","InsertionSortTest2_Modified"
"Inner Loop (Shifting Elements)2",0.000091,228,"./Code/main.cpp","InsertionSortTest2_Modified"
"Inner Loop (Shifting Elements)2",0.000089,228,"./Code/main.cpp","InsertionSortTest2_Modified"
"Inner Loop (Shifting Elements)2",0.000092,228,"./Code/main.cpp","InsertionSortTest2_Modified"
"Inner Loop (Shifting Elements)2",0.000091,228,"./Code/main.cpp","InsertionSortTest2_Modified"
"Inner Loop (Shifting Elements)2",0.000094,228,"./Code/main.cpp","InsertionSortTest2_Modified"
"Inner Loop (Shifting Elements)2",0.000091,228,"./Code/main.cpp","InsertionSortTest2_Modified"
"Inner Loop (Shifting Elements)2",0.000090,228,"./Code/main.cpp","InsertionSortTest2_Modified"
"Inner Loop (Shifting Elements)2",0.000093,228,"./Code/main.cpp","InsertionSortTest2_Modified"
"Inner Loop (Shifting Elements)2",0.000089,228,"./Code/main.cpp","InsertionSortTest2_Modified"
"Inner Loop (Shifting Elements)2",0.000093,228,"./Code/main.cpp","InsertionSortTest2_Modified"
"Inner Loop (Shifting Elements)2",0.000112,228,"./Code/main.cpp","InsertionSortTest2_Modified"
"Inner Loop (Shifting Elements)2",0.000090,228,"./Code/main.cpp","InsertionSortTest2_Modified"
"Inner Loop (Shifting Elements)2",0.000092,228,"./Code/main.cpp","InsertionSortTest2_Modified"
"Inner Loop (Shifting Elements)2",0.000093,228,"./Code/main.cpp","InsertionSortTest2_Modified"
"Inner Loop (Shifting Elements)2",0.000151,228,"./Code/main.cpp","InsertionSortTest2_Modified"
"Inner Loop (Shifting Elements)2",0.000106,228,"./Code/main.cpp","InsertionSortTest2_Modified"
"Inner Loop (Shifting Elements)2",0.000105,228,"./Code/main.cpp","InsertionSortTest2_Modified"
"Inner Loop (Shifting Elements)2",0.000101,228,"./Code/main.cpp","InsertionSortTest2_Modified"
"Inner Loop (Shifting Elements)2",0.000096,228,"./Code/main.cpp","InsertionSortTest2_Modified"
"Inner Loop (Shifting Elements)2",0.000094,228,"./Code/main.cpp","InsertionSortTest2_Modified"
"Inner Loop (Shifting Elements)2",0.000097,228,"./Code/main.cpp","InsertionSortTest2_Modified"
"Inner Loop (Shifting Elements)2",0.000094,228,"./Code/main.cpp","InsertionSortTest2_Modified"
"Key Assignment2",0.000090,235,"./Code/main.cpp","InsertionSortTest2_Modified"
"Outer Loop2",0.031524,237,"./Code/main.cpp","InsertionSortTest2_Modified"
"Inner Loop (Shifting Elements)2",0.000094,228,"./Code/main.cpp","InsertionSortTest2_Modified"
"Inner Loop (Shifting Elements)2",0.000092,228,"./Code/main.cpp","InsertionSortTest2_Modified"
"Inner Loop (Shifting Elements)2",0.000092,228,"./Code/main.cpp","InsertionSortTest2_Modified"
"Inner Loop (Shifting Elements)2",0.000089,228,"./Code/main.cpp","InsertionSortTest2_Modified"
"Inner Loop (Shifting Elements)2",0.000088,228,"./Code/main.cpp","InsertionSortTest2_Modified"
"Inner Loop (Shifting Elements)2",0.000090,228,"./Code/main.cpp","InsertionSortTest2_Modified"
"Inner Loop (Shifting Elements)2",0.000092,228,"./Code/main.cpp","InsertionSortTest2_Modified"
"Inner Loop (Shifting Elements)2",0.000092,228,"./Code/main.cpp","InsertionSortTest2_Modified"
"Inner Loop (Shifting Elements)2",0.000092,228,"./Code/main.cpp","InsertionSortTest2_Modified"
"Inner Loop (Shifting Elements)2",0.000093,228,"./Code/main.cpp","InsertionSortTest2_Modified"
"Inner Loop (Shifting Elements)2",0.000092,228,"./Code/main.cpp","InsertionSortTest2_Modified"
"Inner Loop (Shifting Elements)2",0.000093,228,"./Code/main.cpp","InsertionSortTest2_Modified"
"Inner Loop (Shifting Elements)2",0.000117,228,"./Code/main.cpp","InsertionSortTest2_Modified"
"Inner Loop (Shifting Elements)2",0.000091,228,"./Code/main.cpp","InsertionSortTest2_Modified"
"Inner Loop (Shifting Elements)2",0.000090,228,"./Code/main.cpp","InsertionSortTest2_Modified"
"Inner Loop (Shifting Elements)2",0.000090,228,"./Code/main.cpp","InsertionSortTest2_Modified"
"Inner Loop (Shifting Elements)2",0.000090,228,"./Code/main.cpp","InsertionSortTest2_Modified"
"Inner Loop (Shifting Elements)2",0.000092,228,"./Code/main.cpp","InsertionSortTest2_Modified"
"Inner Loop (Shifting Elements)2",0.000089,228,"./Code/main.cpp","InsertionSortTest2_Modified"
"Inner Loop (Shifting Elements)2",0.000090,228,"./Code/main.cpp","InsertionSortTest2_Modified"
"Inner Loop (Shifting Elements)2",0.000091,228,"./Code/main.cpp","InsertionSortTest2_Modified"
"Inner Loop (Shifting Elements)2",0.000091,228,"./Code/main.cpp","InsertionSortTest2_Modified"
"Inner Loop (Shifting Elements)2",0.000092,228,"./Code/main.cpp","InsertionSortTest2_Modified"
"Inner Loop (Shifting Elements)2",0.000093,228,"./Code/main.cpp","InsertionSortTest2_Modified"
"Inner Loop (Shifting Elements)2",0.000090,228,"./Code/main.cpp","InsertionSortTest2_Modified"
"Inner Loop (Shifting Elements)2",0.000092,228,"./Code/main.cpp","InsertionSortTest2_Modified"
"Inner Loop (Shifting Elements)2",0.000090,228,"./Code/main.cpp","InsertionSortTest2_Modified"
"Inner Loop (Shifting Elements)2",0.000093,228,"./Code/main.cpp","InsertionSortTest2_Modified"
"Inner Loop (Shifting Elements)2",0.000093,228,"./Code/main.cpp","InsertionSortTest2_Modified"
"Inner Loop (Shifting Elements)2",0.000091,228,"./Code/main.cpp","InsertionSortTest2_Modified"
"Inner Loop (Shifting Elements)2",0.000094,228,"./Code/main.cpp","InsertionSortTest2_Modified"
"Inner Loop (Shifting Elements)2",0.000090,228,"./Code/main.cpp","InsertionSortTest2_Modified"
"Inner Loop (Shifting Elements)2",0.000096,228,"./Code/main.cpp","InsertionSortTest2_Modified"
"Inner Loop (Shifting Elements)2",0.000093,228,"./Code/main.cpp","InsertionSortTest2_Modified"
"Inner Loop (Shifting Elements)2",0.000090,228,"./Code/main.cpp","InsertionSortTest2_Modified"
"Inner Loop (Shifting Elements)2",0.000092,228,"./Code/main.cpp","InsertionSortTest2_Modified"
"Inner Loop (Shifting Elements)2",0.000092,228,"./Code/main.cpp","InsertionSortTest2_Modified"
"Inner Loop (Shifting Elements)2",0.000093,228,"./Code/main.cpp","InsertionSortTest2_Modified"
"Inner Loop (Shifting Elements)2",0.000087,228,"./Code/main.cpp","InsertionSortTest2_Modified"
"Key Assignment2",0.000090,235,"./Code/main.cpp","InsertionSortTest2_Modified"
"Outer Loop2",0.016311,237,"./Code/main.cpp","InsertionSortTest2_Modified"
"Inner Loop (Shifting Elements)2",0.000089,228,"./Code/main.cpp","InsertionSortTest2_Modified"
"Inner Loop (Shifting Elements)2",0.000094,228,"./Code/main.cpp","InsertionSortTest2_Modified"
"Inner Loop (Shifting Elements)2",0.000091,228,"./Code/main.cpp","InsertionSortTest2_Modified"
"Inner Loop (Shifting Elements)2",0.000092,228,"./Code/main.cpp","InsertionSortTest2_Modified"
"Inner Loop (Shifting Elements)2",0.000089,228,"./Code/main.cpp","InsertionSortTest2_Modified"
"Inner Loop (Shifting Elements)2",0.000092,228,"./Code/main.cpp","InsertionSortTest2_Modified"
"Inner Loop (Shifting Elements)2",0.000090,228,"./Code/main.cpp","InsertionSortTest2_Modified"
"Inner Loop (Shifting Elements)2",0.000093,228,"./Code/main.cpp","InsertionSortTest2_Modified"
"Inner Loop (Shifting Elements)2",0.000092,228,"./Code/main.cpp","InsertionSortTest2_Modified"
"Inner Loop (Shifting Elements)2",0.000093,228,"./Code/main.cpp","InsertionSortTest2_Modified"
"Inner Loop (Shifting Elements)2",0.000091,228,"./Code/main.cpp","InsertionSortTest2_Modified"
"Inner Loop (Shifting Elements)2",0.000088,228,"./Code/main.cpp","InsertionSortTest2_Modified"
"Inner Loop (Shifting Elements)2",0.000092,228,"./Code/main.cpp","InsertionSortTest2_Modified"
"Inner Loop (Shifting Elements)2",0.000091,228,"./Code/main.cpp","InsertionSortTest2_Modified"
"Inner Loop (Shifting Elements)2",0.000089,228,"./Code/main.cpp","InsertionSortTest2_Modified"
"Inner Loop (Shifting Elements)2",0.000092,228,"./Code/main.cpp","InsertionSortTest2_Modified"
"Key Assignment2",0.000087,235,"./Code/main.cpp","InsertionSortTest2_Modified"
"Outer Loop2",0.006868,237,"./Code/main.cpp","InsertionSortTest2_Modified"
"Inner Loop (Shifting Elements)2",0.000088,228,"./Code/main.cpp","InsertionSortTest2_Modified"
"Inner Loop (Shifting Elements)2",0.000092,228,"./Code/main.cpp","InsertionSortTest2_Modified"
"Inner Loop (Shifting Elements)2",0.000090,228,"./Code/main.cpp","InsertionSortTest2_Modified"
"Inner Loop (Shifting Elements)2",0.000089,228,"./Code/main.cpp","InsertionSortTest2_Modified"
"Inner Loop (Shifting Elements)2",0.000091,228,"./Code/main.cpp","InsertionSortTest2_Modified"
"Inner Loop (Shifting Elements)2",0.000090,228,"./Code/main.cpp","InsertionSortTest2_Modified"
"Inner Loop (Shifting Elements)2",0.000091,228,"./Code/main.cpp","InsertionSortTest2_Modified"
"Inner Loop (Shifting Elements)2",0.000091,228,"./Code/main.cpp","InsertionSortTest2_Modified"
"Inner Loop (Shifting Elements)2",0.000092,228,"./Code/main.cpp","InsertionSortTest2_Modified"
"Inner Loop (Shifting Elements)2",0.000091,228,"./Code/main.cpp","InsertionSortTest2_Modified"
"Inner Loop (Shifting Elements)2",0.000094,228,"./Code/main.cpp","InsertionSortTest2_Modified"
"Inner Loop (Shifting Elements)2",0.000093,228,"./Code/main.cpp","InsertionSortTest2_Modified"
"Inner Loop (Shifting Elements)2",0.000092,228,"./Code/main.cpp","InsertionSortTest2_Modified"
"Inner Loop (Shifting Elements)2",0.000090,228,"./Code/main.cpp","InsertionSortTest2_Modified"
"Inner Loop (Shifting Elements)2",0.000092,228,"./Code/main.cpp","InsertionSortTest2_Modified"
"Inner Loop (Shifting Elements)2",0.000091,228,"./Code/main.cpp","InsertionSortTest2_Modified"
"Inner Loop (Shifting Elements)2",0.000127,228,"./Code/main.cpp","InsertionSortTest2_Modified"
"Inner Loop (Shifting Elements)2",0.000108,228,"./Code/main.cpp","InsertionSortTest2_Modified"
"Inner Loop (Shifting Elements)2",0.000121,228,"./Code/main.cpp","InsertionSortTest2_Modified"
"Inner Loop (Shifting Elements)2",0.000097,228,"./Code/main.cpp","InsertionSortTest2_Modified"
"Inner Loop (Shifting Elements)2",0.000097,228,"./Code/main.cpp","InsertionSortTest2_Modified"
"Inner Loop (Shifting Elements)2",0.000118,228,"./Code/main.cpp","InsertionSortTest2_Modified"
"Inner Loop (Shifting Elements)2",0.000095,228,"./Code/main.cpp","InsertionSortTest2_Modified"
"Inner Loop (Shifting Elements)2",0.000097,228,"./Code/main.cpp","InsertionSortTest2_Modified"
"Inner Loop (Shifting Elements)2",0.000097,228,"./Code/main.cpp","InsertionSortTest2_Modified"
"Inner Loop (Shifting Elements)2",0.000088,228,"./Code/main.cpp","InsertionSortTest2_Modified"
"Inner Loop (Shifting Elements)2",0.000095,228,"./Code/main.cpp","InsertionSortTest2_Modified"
"Inner Loop (Shifting Elements)2",0.000094,228,"./Code/main.cpp","InsertionSortTest2_Modified"
"Inner Loop (Shifting Elements)2",0.000095,228,"./Code/main.cpp","InsertionSortTest2_Modified"
"Inner Loop (Shifting Elements)2",0.000095,228,"./Code/main.cpp","InsertionSortTest2_Modified"
"Inner Loop (Shifting Elements)2",0.000092,228,"./Code/main.cpp","InsertionSortTest2_Modified"
"Inner Loop (Shifting Elements)2",0.000094,228,"./Code/main.cpp","InsertionSortTest2_Modified"
"Inner Loop (Shifting Elements)2",0.000096,228,"./Code/main.cpp","InsertionSortTest2_Modified"
"Inner Loop (Shifting Elements)2",0.000097,228,"./Code/main.cpp","InsertionSortTest2_Modified"
"Inner Loop (Shifting Elements)2",0.000092,228,"./Code/main.cpp","InsertionSortTest2_Modified"
"Inner Loop (Shifting Elements)2",0.000095,228,"./Code/main.cpp","InsertionSortTest2_Modified"
"Inner Loop (Shifting Elements)2",0.000093,228,"./Code/main.cpp","InsertionSortTest2_Modified"
"Inner Loop (Shifting Elements)2",0.000092,228,"./Code/main.cpp","InsertionSortTest2_Modified"
"Inner Loop (Shifting Elements)2",0.000092,228,"./Code/main.cpp","InsertionSortTest2_Modified"
"Inner Loop (Shifting Elements)2",0.000094,228,"./Code/main.cpp","InsertionSortTest2_Modified"
"Inner Loop (Shifting Elements)2",0.000090,228,"./Code/main.cpp","InsertionSortTest2_Modified"
"Inner Loop (Shifting Elements)2",0.000090,228,"./Code/main.cpp","InsertionSortTest2_Modified"
"Inner Loop (Shifting Elements)2",0.000094,228,"./Code/main.cpp","InsertionSortTest2_Modified"
"Inner Loop (Shifting Elements)2",0.000094,228,"./Code/main.cpp","InsertionSortTest2_Modified"
"Inner Loop (Shifting Elements)2",0.000093,228,"./Code/main.cpp","InsertionSortTest2_Modified"
"Inner Loop (Shifting Elements)2",0.000093,228,"./Code/main.cpp","InsertionSortTest2_Modified"
"Inner Loop (Shifting Elements)2",0.000090,228,"./Code/main.cpp","InsertionSortTest2_Modified"
"Inner Loop (Shifting Elements)2",0.000092,228,"./Code/main.cpp","InsertionSortTest2_Modified"
"Inner Loop (Shifting Elements)2",0.000092,228,"./Code/main.cpp","InsertionSortTest2_Modified"
"Inner Loop (Shifting Elements)2",0.000116,228,"./Code/main.cpp","InsertionSortTest2_Modified"
"Inner Loop (Shifting Elements)2",0.000093,228,"./Code/main.cpp","InsertionSortTest2_Modified"
"Inner Loop (Shifting Elements)2",0.000095,228,"./Code/main.cpp","InsertionSortTest2_Modified"
"Inner Loop (Shifting Elements)2",0.000092,228,"./Code/main.cpp","InsertionSortTest2_Modified"
"Inner Loop (Shifting Elements)2",0.000092,228,"./Code/main.cpp","InsertionSortTest2_Modified"
"Inner Loop (Shifting Elements)2",0.000094,228,"./Code/main.cpp","InsertionSortTest2_Modified"
"Inner Loop (Shifting Elements)2",0.000094,228,"./Code/main.cpp","InsertionSortTest2_Modified"
"Inner Loop (Shifting Elements)2",0.000094,228,"./Code/main.cpp","InsertionSortTest2_Modified"
"Inner Loop (Shifting Elements)2",0.000096,228,"./Code/main.cpp","InsertionSortTest2_Modified"
"Inner Loop (Shifting Elements)2",0.000092,228,"./Code/main.cpp","InsertionSortTest2_Modified"
"Inner Loop (Shifting Elements)2",0.000091,228,"./Code/main.cpp","InsertionSortTest2_Modified"
"Inner Loop (Shifting Elements)2",0.000091,228,"./Code/main.cpp","InsertionSortTest2_Modified"
"Inner Loop (Shifting Elements)2",0.000092,228,"./Code/main.cpp","InsertionSortTest2_Modified"
"Inner Loop (Shifting Elements)2",0.000090,228,"./Code/main.cpp","InsertionSortTest2_Modified"
"Inner Loop (Shifting Elements)2",0.000091,228,"./Code/main.cpp","InsertionSortTest2_Modified"
"Key Assignment2",0.000095,235,"./Code/main.cpp","InsertionSortTest2_Modified"
"Outer Loop2",0.027607,237,"./Code/main.cpp","InsertionSortTest2_Modified"
"Inner Loop (Shifting Elements)2",0.000095,228,"./Code/main.cpp","InsertionSortTest2_Modified"
"Inner Loop (Shifting Elements)2",0.000089,228,"./Code/main.cpp","InsertionSortTest2_Modified"
"Inner Loop (Shifting Elements)2",0.000090,228,"./Code/main.cpp","InsertionSortTest2_Modified"
"Inner Loop (Shifting Elements)2",0.000091,228,"./Code/main.cpp","InsertionSortTest2_Modified"
"Inner Loop (Shifting Elements)2",0.000092,228,"./Code/main.cpp","InsertionSortTest2_Modified"
"Inner Loop (Shifting Elements)2",0.000092,228,"./Code/main.cpp","InsertionSortTest2_Modified"
"Inner Loop (Shifting Elements)2",0.000089,228,"./Code/main.cpp","InsertionSortTest2_Modified"
"Inner Loop (Shifting Elements)2",0.000094,228,"./Code/main.cpp","InsertionSortTest2_Modified"
"Inner Loop (Shifting Elements)2",0.000091,228,"./Code/main.cpp","InsertionSortTest2_Modified"
"Inner Loop (Shifting Elements)2",0.000091,228,"./Code/main.cpp","InsertionSortTest2_Modified"
"Inner Loop (Shifting Elements)2",0.000091,228,"./Code/main.cpp","InsertionSortTest2_Modified"
"Inner Loop (Shifting Elements)2",0.000094,228,"./Code/main.cpp","InsertionSortTest2_Modified"
"Inner Loop (Shifting Elements)2",0.000092,228,"./Code/main.cpp","InsertionSortTest2_Modified"
"Inner Loop (Shifting Elements)2",0.000095,228,"./Code/main.cpp","InsertionSortTest2_Modified"
"Inner Loop (Shifting Elements)2",0.000092,228,"./Code/main.cpp","InsertionSortTest2_Modified"
"Inner Loop (Shifting Elements)2",0.000095,228,"./Code/main.cpp","InsertionSortTest2_Modified"
"Inner Loop (Shifting Elements)2",0.000090,228,"./Code/main.cpp","InsertionSortTest2_Modified"
"Inner Loop (Shifting Elements)2",0.000092,228,"./Code/main.cpp","InsertionSortTest2_Modified"
"Inner Loop (Shifting Elements)2",0.000091,228,"./Code/main.cpp","InsertionSortTest2_Modified"
"Inner Loop (Shifting Elements)2",0.000094,228,"./Code/main.cpp","InsertionSortTest2_Modified"
"Inner Loop (Shifting Elements)2",0.000093,228,"./Code/main.cpp","InsertionSortTest2_Modified"
"Inner Loop (Shifting Elements)2",0.000091,228,"./Code/main.cpp","InsertionSortTest2_Modified"
"Inner Loop (Shifting Elements)2",0.000090,228,"./Code/main.cpp","InsertionSortTest2_Modified"
"Inner Loop (Shifting Elements)2",0.000092,228,"./Code/main.cpp","InsertionSortTest2_Modified"
"Inner Loop (Shifting Elements)2",0.000095,228,"./Code/main.cpp","InsertionSortTest2_Modified"
"Inner Loop (Shifting Elements)2",0.000093,228,"./Code/main.cpp","InsertionSortTest2_Modified"
"Inner Loop (Shifting Elements)2",0.000096,228,"./Code/main.cpp","InsertionSortTest2_Modified"
"Inner Loop (Shifting Elements)2",0.000096,228,"./Code/main.cpp","InsertionSortTest2_Modified"
"Inner Loop (Shifting Elements)2",0.000094,228,"./Code/main.cpp","InsertionSortTest2_Modified"
"Inner Loop (Shifting Elements)2",0.000093,228,"./Code/main.cpp","InsertionSortTest2_Modified"
"Inner Loop (Shifting Elements)2",0.000092,228,"./Code/main.cpp","InsertionSortTest2_Modified"
"Inner Loop (Shifting Elements)2",0.000092,228,"./Code/main.cpp","InsertionSortTest2_Modified"
"Inner Loop (Shifting Elements)2",0.000092,228,"./Code/main.cpp","InsertionSortTest2_Modified"
"Inner Loop (Shifting Elements)2",0.000091,228,"./Code/main.cpp","InsertionSortTest2_Modified"
"Inner Loop (Shifting Elements)2",0.000092,228,"./Code/main.cpp","InsertionSortTest2_Modified"
"Inner Loop (Shifting Elements)2",0.000133,228,"./Code/main.cpp","InsertionSortTest2_Modified"
"Inner Loop (Shifting Elements)2",0.000133,228,"./Code/main.cpp","InsertionSortTest2_Modified"
"Inner Loop (Shifting Elements)2",0.000108,228,"./Code/main.cpp","InsertionSortTest2_Modified"
"Inner Loop (Shifting Elements)2",0.000096,228,"./Code/main.cpp","InsertionSortTest2_Modified"
"Inner Loop (Shifting Elements)2",0.000096,228,"./Code/main.cpp","InsertionSortTest2_Modified"
"Inner Loop (Shifting Elements)2",0.000098,228,"./Code/main.cpp","InsertionSortTest2_Modified"
"Inner Loop (Shifting Elements)2",0.000096,228,"./Code/main.cpp","InsertionSortTest2_Modified"
"Inner Loop (Shifting Elements)2",0.000092,228,"./Code/main.cpp","InsertionSortTest2_Modified"
"Inner Loop (Shifting Elements)2",0.000098,228,"./Code/main.cpp","InsertionSortTest2_Modified"
"Inner Loop (Shifting Elements)2",0.000097,228,"./Code/main.cpp","InsertionSortTest2_Modified"
"Inner Loop (Shifting Elements)2",0.000094,228,"./Code/main.cpp","InsertionSortTest2_Modified"
"Inner Loop (Shifting Elements)2",0.000094,228,"./Code/main.cpp","InsertionSortTest2_Modified"
"Inner Loop (Shifting Elements)2",0.000092,228,"./Code/main.cpp","InsertionSortTest2_Modified"
"Key Assignment2",0.000090,235,"./Code/main.cpp","InsertionSortTest2_Modified"
"Outer Loop2",0.022157,237,"./Code/main.cpp","InsertionSortTest2_Modified"
"Inner Loop (Shifting Elements)2",0.000093,228,"./Code/main.cpp","InsertionSortTest2_Modified"
"Inner Loop (Shifting Elements)2",0.000150,228,"./Code/main.cpp","InsertionSortTest2_Modified"
"Inner Loop (Shifting Elements)2",0.000109,228,"./Code/main.cpp","InsertionSortTest2_Modified"
"Inner Loop (Shifting Elements)2",0.000092,228,"./Code/main.cpp","InsertionSortTest2_Modified"
"Inner Loop (Shifting Elements)2",0.000092,228,"./Code/main.cpp","InsertionSortTest2_Modified"
"Inner Loop (Shifting Elements)2",0.000093,228,"./Code/main.cpp","InsertionSortTest2_Modified"
"Inner Loop (Shifting Elements)2",0.000091,228,"./Code/main.cpp","InsertionSortTest2_Modified"
"Inner Loop (Shifting Elements)2",0.000088,228,"./Code/main.cpp","InsertionSortTest2_Modified"
"Inner Loop (Shifting Elements)2",0.000090,228,"./Code/main.cpp","InsertionSortTest2_Modified"
"Inner Loop (Shifting Elements)2",0.000094,228,"./Code/main.cpp","InsertionSortTest2_Modified"
"Inner Loop (Shifting Elements)2",0.000094,228,"./Code/main.cpp","InsertionSortTest2_Modified"
"Inner Loop (Shifting Elements)2",0.000093,228,"./Code/main.cpp","InsertionSortTest2_Modified"
"Inner Loop (Shifting Elements)2",0.000094,228,"./Code/main.cpp","InsertionSortTest2_Modified"
"Inner Loop (Shifting Elements)2",0.000090,228,"./Code/main.cpp","InsertionSortTest2_Modified"
"Inner Loop (Shifting Elements)2",0.000093,228,"./Code/main.cpp","InsertionSortTest2_Modified"
"Inner Loop (Shifting Elements)2",0.000092,228,"./Code/main.cpp","InsertionSortTest2_Modified"
"Inner Loop (Shifting Elements)2",0.000095,228,"./Code/main.cpp","InsertionSortTest2_Modified"
"Inner Loop (Shifting Elements)2",0.000093,228,"./Code/main.cpp","InsertionSortTest2_Modified"
"Inner Loop (Shifting Elements)2",0.000095,228,"./Code/main.cpp","InsertionSortTest2_Modified"
"Inner Loop (Shifting Elements)2",0.000094,228,"./Code/main.cpp","InsertionSortTest2_Modified"
"Inner Loop (Shifting Elements)2",0.000092,228,"./Code/main.cpp","InsertionSortTest2_Modified"
"Inner Loop (Shifting Elements)2",0.000094,228,"./Code/main.cpp","InsertionSortTest2_Modified"
"Inner Loop (Shifting Elements)2",0.000092,228,"./Code/main.cpp","InsertionSortTest2_Modified"
"Inner Loop (Shifting Elements)2",0.000095,228,"./Code/main.cpp","InsertionSortTest2_Modified"
"Key Assignment2",0.000095,235,"./Code/main.cpp","InsertionSortTest2_Modified"
"Outer Loop2",0.010515,237,"./Code/main.cpp","InsertionSortTest2_Modified"
"Key Assignment2",0.000091,235,"./Code/main.cpp","InsertionSortTest2_Modified"
"Outer Loop2",0.000464,237,"./Code/main.cpp","InsertionSortTest2_Modified"
"Inner Loop (Shifting Elements)2",0.000094,228,"./Code/main.cpp","InsertionSortTest2_Modified"
"Inner Loop (Shifting Elements)2",0.000092,228,"./Code/main.cpp","InsertionSortTest2_Modified"
"Inner Loop (Shifting Elements)2",0.000090,228,"./Code/main.cpp","InsertionSortTest2_Modified"
"Inner Loop (Shifting Elements)2",0.000089,228,"./Code/main.cpp","InsertionSortTest2_Modified"
"Inner Loop (Shifting Elements)2",0.000092,228,"./Code/main.cpp","InsertionSortTest2_Modified"
"Inner Loop (Shifting Elements)2",0.000091,228,"./Code/main.cpp","InsertionSortTest2_Modified"
"Inner Loop (Shifting Elements)2",0.000091,228,"./Code/main.cpp","InsertionSortTest2_Modified"
"Inner Loop (Shifting Elements)2",0.000092,228,"./Code/main.cpp","InsertionSortTest2_Modified"
"Inner Loop (Shifting Elements)2",0.000095,228,"./Code/main.cpp","InsertionSortTest2_Modified"
"Inner Loop (Shifting Elements)2",0.000308,228,"./Code/main.cpp","InsertionSortTest2_Modified"
"Inner Loop (Shifting Elements)2",0.000148,228,"./Code/main.cpp","InsertionSortTest2_Modified"
"Inner Loop (Shifting Elements)2",0.000158,228,"./Code/main.cpp","InsertionSortTest2_Modified"
"Inner Loop (Shifting Elements)2",0.000178,228,"./Code/main.cpp","InsertionSortTest2_Modified"
"Inner Loop (Shifting Elements)2",0.000149,228,"./Code/main.cpp","InsertionSortTest2_Modified"
"Inner Loop (Shifting Elements)2",0.000170,228,"./Code/main.cpp","InsertionSortTest2_Modified"
"Inner Loop (Shifting Elements)2",0.000173,228,"./Code/main.cpp","InsertionSortTest2_Modified"
"Inner Loop (Shifting Elements)2",0.000183,228,"./Code/main.cpp","InsertionSortTest2_Modified"
"Inner Loop (Shifting Elements)2",0.000158,228,"./Code/main.cpp","InsertionSortTest2_Modified"
"Inner Loop (Shifting Elements)2",0.000163,228,"./Code/main.cpp","InsertionSortTest2_Modified"
"Inner Loop (Shifting Elements)2",0.000165,228,"./Code/main.cpp","InsertionSortTest2_Modified"
"Inner Loop (Shifting Elements)2",0.000132,228,"./Code/main.cpp","InsertionSortTest2_Modified"
"Inner Loop (Shifting Elements)2",0.000180,228,"./Code/main.cpp","InsertionSortTest2_Modified"
"Inner Loop (Shifting Elements)2",0.000183,228,"./Code/main.cpp","InsertionSortTest2_Modified"
"Inner Loop (Shifting Elements)2",0.000153,228,"./Code/main.cpp","InsertionSortTest2_Modified"
"Inner Loop (Shifting Elements)2",0.000139,228,"./Code/main.cpp","InsertionSortTest2_Modified"
"Inner Loop (Shifting Elements)2",0.000129,228,"./Code/main.cpp","InsertionSortTest2_Modified"
"Inner Loop (Shifting Elements)2",0.000155,228,"./Code/main.cpp","InsertionSortTest2_Modified"
"Inner Loop (Shifting Elements)2",0.000133,228,"./Code/main.cpp","InsertionSortTest2_Modified"
"Inner Loop (Shifting Elements)2",0.000154,228,"./Code/main.cpp","InsertionSortTest2_Modified"
"Inner Loop (Shifting Elements)2",0.000152,228,"./Code/main.cpp","InsertionSortTest2_Modified"
"Inner Loop (Shifting Elements)2",0.000133,228,"./Code/main.cpp","InsertionSortTest2_Modified"
"Inner Loop (Shifting Elements)2",0.000131,228,"./Code/main.cpp","InsertionSortTest2_Modified"
"Inner Loop (Shifting Elements)2",0.000159,228,"./Code/main.cpp","InsertionSortTest2_Modified"
"Inner Loop (Shifting Elements)2",0.000154,228,"./Code/main.cpp","InsertionSortTest2_Modified"
"Inner Loop (Shifting Elements)2",0.000155,228,"./Code/main.cpp","InsertionSortTest2_Modified"
"Inner Loop (Shifting Elements)2",0.000158,228,"./Code/main.cpp","InsertionSortTest2_Modified"
"Inner Loop (Shifting Elements)2",0.000153,228,"./Code/main.cpp","InsertionSortTest2_Modified"
"Inner Loop (Shifting Elements)2",0.000156,228,"./Code/main.cpp","InsertionSortTest2_Modified"
"Inner Loop (Shifting Elements)2",0.000131,228,"./Code/main.cpp","InsertionSortTest2_Modified"
"Inner Loop (Shifting Elements)2",0.000157,228,"./Code/main.cpp","InsertionSortTest2_Modified"
"Inner Loop (Shifting Elements)2",0.000138,228,"./Code/main.cpp","InsertionSortTest2_Modified"
"Inner Loop (Shifting Elements)2",0.000136,228,"./Code/main.cpp","InsertionSortTest2_Modified"
"Inner Loop (Shifting Elements)2",0.000129,228,"./Code/main.cpp","InsertionSortTest2_Modified"
"Inner Loop (Shifting Elements)2",0.000169,228,"./Code/main.cpp","InsertionSortTest2_Modified"
"Inner Loop (Shifting Elements)2",0.000151,228,"./Code/main.cpp","InsertionSortTest2_Modified"
"Inner Loop (Shifting Elements)2",0.000132,228,"./Code/main.cpp","InsertionSortTest2_Modified"
"Inner Loop (Shifting Elements)2",0.000163,228,"./Code/main.cpp","InsertionSortTest2_Modified"
"Inner Loop (Shifting Elements)2",0.000139,228,"./Code/main.cpp","InsertionSortTest2_Modified"
"Inner Loop (Shifting Elements)2",0.000165,228,"./Code/main.cpp","InsertionSortTest2_Modified"
"Inner Loop (Shifting Elements)2",0.000133,228,"./Code/main.cpp","InsertionSortTest2_Modified"
"Inner Loop (Shifting Elements)2",0.000143,228,"./Code/main.cpp","InsertionSortTest2_Modified"
"Inner Loop (Shifting Elements)2",0.000183,228,"./Code/main.cpp","InsertionSortTest2_Modified"
"Inner Loop (Shifting Elements)2",0.000167,228,"./Code/main.cpp","InsertionSortTest2_Modified"
"Inner Loop (Shifting Elements)2",0.000132,228,"./Code/main.cpp","InsertionSortTest2_Modified"
"Inner Loop (Shifting Elements)2",0.000157,228,"./Code/main.cpp","InsertionSortTest2_Modified"
"Inner Loop (Shifting Elements)2",0.000151,228,"./Code/main.cpp","InsertionSortTest2_Modified"
"Inner Loop (Shifting Elements)2",0.000145,228,"./Code/main.cpp","InsertionSortTest2_Modified"
"Inner Loop (Shifting Elements)2",0.000156,228,"./Code/main.cpp","InsertionSortTest2_Modified"
"Inner Loop (Shifting Elements)2",0.000156,228,"./Code/main.cpp","InsertionSortTest2_Modified"
"Key Assignment2",0.000133,235,"./Code/main.cpp","InsertionSortTest2_Modified"
"Outer Loop2",0.050886,237,"./Code/main.cpp","InsertionSortTest2_Modified"
"Inner Loop (Shifting Elements)2",0.000153,228,"./Code/main.cpp","InsertionSortTest2_Modified"
"Inner Loop (Shifting Elements)2",0.000156,228,"./Code/main.cpp","InsertionSortTest2_Modified"
"Inner Loop (Shifting Elements)2",0.000155,228,"./Code/main.cpp","InsertionSortTest2_Modified"
"Inner Loop (Shifting Elements)2",0.000192,228,"./Code/main.cpp","InsertionSortTest2_Modified"
"Inner Loop (Shifting Elements)2",0.000132,228,"./Code/main.cpp","InsertionSortTest2_Modified"
"Inner Loop (Shifting Elements)2",0.000131,228,"./Code/main.cpp","InsertionSortTest2_Modified"
"Inner Loop (Shifting Elements)2",0.000155,228,"./Code/main.cpp","InsertionSortTest2_Modified"
"Inner Loop (Shifting Elements)2",0.000154,228,"./Code/main.cpp","InsertionSortTest2_Modified"
"Inner Loop (Shifting Elements)2",0.000167,228,"./Code/main.cpp","InsertionSortTest2_Modified"
"Inner Loop (Shifting Elements)2",0.000198,228,"./Code/main.cpp","InsertionSortTest2_Modified"
"Inner Loop (Shifting Elements)2",0.000171,228,"./Code/main.cpp","InsertionSortTest2_Modified"
"Inner Loop (Shifting Elements)2",0.000167,228,"./Code/main.cpp","InsertionSortTest2_Modified"
"Inner Loop (Shifting Elements)2",0.000150,228,"./Code/main.cpp","InsertionSortTest2_Modified"
"Inner Loop (Shifting Elements)2",0.000179,228,"./Code/main.cpp","InsertionSortTest2_Modified"
"Inner Loop (Shifting Elements)2",0.000149,228,"./Code/main.cpp","InsertionSortTest2_Modified"
"Inner Loop (Shifting Elements)2",0.000148,228,"./Code/main.cpp","InsertionSortTest2_Modified"
"Inner Loop (Shifting Elements)2",0.000162,228,"./Code/main.cpp","InsertionSortTest2_Modified"
"Inner Loop (Shifting Elements)2",0.000186,228,"./Code/main.cpp","InsertionSortTest2_Modified"
"Inner Loop (Shifting Elements)2",0.000187,228,"./Code/main.cpp","InsertionSortTest2_Modified"
"Inner Loop (Shifting Elements)2",0.000144,228,"./Code/main.cpp","InsertionSortTest2_Modified"
"Inner Loop (Shifting Elements)2",0.000139,228,"./Code/main.cpp","InsertionSortTest2_Modified"
"Inner Loop (Shifting Elements)2",0.000186,228,"./Code/main.cpp","InsertionSortTest2_Modified"
"Inner Loop (Shifting Elements)2",0.000145,228,"./Code/main.cpp","InsertionSortTest2_Modified"
"Inner Loop (Shifting Elements)2",0.000166,228,"./Code/main.cpp","InsertionSortTest2_Modified"
"Inner Loop (Shifting Elements)2",0.000160,228,"./Code/main.cpp","InsertionSortTest2_Modified"
"Inner Loop (Shifting Elements)2",0.000140,228,"./Code/main.cpp","InsertionSortTest2_Modified"
"Inner Loop (Shifting Elements)2",0.000174,228,"./Code/main.cpp","InsertionSortTest2_Modified"
"Inner Loop (Shifting Elements)2",0.000185,228,"./Code/main.cpp","InsertionSortTest2_Modified"
"Inner Loop (Shifting Elements)2",0.000169,228,"./Code/main.cpp","InsertionSortTest2_Modified"
"Inner Loop (Shifting Elements)2",0.000163,228,"./Code/main.cpp","InsertionSortTest2_Modified"
"Inner Loop (Shifting Elements)2",0.000162,228,"./Code/main.cpp","InsertionSortTest2_Modified"
"Inner Loop (Shifting Elements)2",0.000151,228,"./Code/main.cpp","InsertionSortTest2_Modified"
"Inner Loop (Shifting Elements)2",0.000153,228,"./Code/main.cpp","InsertionSortTest2_Modified"
"Inner Loop (Shifting Elements)2",0.000152,228,"./Code/main.cpp","InsertionSortTest2_Modified"
"Key Assignment2",0.000175,235,"./Code/main.cpp","InsertionSortTest2_Modified"
"Outer Loop2",0.035304,237,"./Code/main.cpp","InsertionSortTest2_Modified"
"Inner Loop (Shifting Elements)2",0.000178,228,"./Code/main.cpp","InsertionSortTest2_Modified"
"Inner Loop (Shifting Elements)2",0.000185,228,"./Code/main.cpp","InsertionSortTest2_Modified"
"Inner Loop (Shifting Elements)2",0.000158,228,"./Code/main.cpp","InsertionSortTest2_Modified"
"Inner Loop (Shifting Elements)2",0.000147,228,"./Code/main.cpp","InsertionSortTest2_Modified"
"Inner Loop (Shifting Elements)2",0.000199,228,"./Code/main.cpp","InsertionSortTest2_Modified"
"Inner Loop (Shifting Elements)2",0.000153,228,"./Code/main.cpp","InsertionSortTest2_Modified"
"Inner Loop (Shifting Elements)2",0.000158,228,"./Code/main.cpp","InsertionSortTest2_Modified"
"Inner Loop (Shifting Elements)2",0.000158,228,"./Code/main.cpp","InsertionSortTest2_Modified"
"Key Assignment2",0.000131,235,"./Code/main.cpp","InsertionSortTest2_Modified"
"Outer Loop2",0.006846,237,"./Code/main.cpp","InsertionSortTest2_Modified"
"Inner Loop (Shifting Elements)2",0.000147,228,"./Code/main.cpp","InsertionSortTest2_Modified"
"Inner Loop (Shifting Elements)2",0.000130,228,"./Code/main.cpp","InsertionSortTest2_Modified"
"Inner Loop (Shifting Elements)2",0.000183,228,"./Code/main.cpp","InsertionSortTest2_Modified"
"Inner Loop (Shifting Elements)2",0.000181,228,"./Code/main.cpp","InsertionSortTest2_Modified"
"Inner Loop (Shifting Elements)2",0.000186,228,"./Code/main.cpp","InsertionSortTest2_Modified"
"Inner Loop (Shifting Elements)2",0.000150,228,"./Code/main.cpp","InsertionSortTest2_Modified"
"Inner Loop (Shifting Elements)2",0.000171,228,"./Code/main.cpp","InsertionSortTest2_Modified"
"Inner Loop (Shifting Elements)2",0.000146,228,"./Code/main.cpp","InsertionSortTest2_Modified"
"Inner Loop (Shifting Elements)2",0.000186,228,"./Code/main.cpp","InsertionSortTest2_Modified"
"Inner Loop (Shifting Elements)2",0.000138,228,"./Code/main.cpp","InsertionSortTest2_Modified"
"Inner Loop (Shifting Elements)2",0.000106,228,"./Code/main.cpp","InsertionSortTest2_Modified"
"Inner Loop (Shifting Elements)2",0.000131,228,"./Code/main.cpp","InsertionSortTest2_Modified"
"Inner Loop (Shifting Elements)2",0.000102,228,"./Code/main.cpp","InsertionSortTest2_Modified"
"Inner Loop (Shifting Elements)2",0.000116,228,"./Code/main.cpp","InsertionSortTest2_Modified"
"Inner Loop (Shifting Elements)2",0.000093,228,"./Code/main.cpp","InsertionSortTest2_Modified"
"Inner Loop (Shifting Elements)2",0.000094,228,"./Code/main.cpp","InsertionSortTest2_Modified"
"Inner Loop (Shifting Elements)2",0.000090,228,"./Code/main.cpp","InsertionSortTest2_Modified"
"Inner Loop (Shifting Elements)2",0.000091,228,"./Code/main.cpp","InsertionSortTest2_Modified"
"Inner Loop (Shifting Elements)2",0.000094,228,"./Code/main.cpp","InsertionSortTest2_Modified"
"Inner Loop (Shifting Elements)2",0.000092,228,"./Code/main.cpp","InsertionSortTest2_Modified"
"Inner Loop (Shifting Elements)2",0.000091,228,"./Code/main.cpp","InsertionSortTest2_Modified"
"Inner Loop (Shifting Elements)2",0.000107,228,"./Code/main.cpp","InsertionSortTest2_Modified"
"Inner Loop (Shifting Elements)2",0.000138,228,"./Code/main.cpp","InsertionSortTest2_Modified"
"Inner Loop (Shifting Elements)2",0.000112,228,"./Code/main.cpp","InsertionSortTest2_Modified"
"Inner Loop (Shifting Elements)2",0.000102,228,"./Code/main.cpp","InsertionSortTest2_Modified"
"Inner Loop (Shifting Elements)2",0.000095,228,"./Code/main.cpp","InsertionSortTest2_Modified"
"Inner Loop (Shifting Elements)2",0.000107,228,"./Code/main.cpp","InsertionSortTest2_Modified"
"Inner Loop (Shifting Elements)2",0.000093,228,"./Code/main.cpp","InsertionSortTest2_Modified"
"Inner Loop (Shifting Elements)2",0.000093,228,"./Code/main.cpp","InsertionSortTest2_Modified"
"Inner Loop (Shifting Elements)2",0.000094,228,"./Code/main.cpp","InsertionSortTest2_Modified"
"Inner Loop (Shifting Elements)2",0.000094,228,"./Code/main.cpp","InsertionSortTest2_Modified"
"Inner Loop (Shifting Elements)2",0.000095,228,"./Code/main.cpp","InsertionSortTest2_Modified"
"Inner Loop (Shifting Elements)2",0.000093,228,"./Code/main.cpp","InsertionSortTest2_Modified"
"Inner Loop (Shifting Elements)2",0.000094,228,"./Code/main.cpp","InsertionSortTest2_Modified"
"Inner Loop (Shifting Elements)2",0.000093,228,"./Code/main.cpp","InsertionSortTest2_Modified"
"Inner Loop (Shifting Elements)2",0.000094,228,"./Code/main.cpp","InsertionSortTest2_Modified"
"Inner Loop (Shifting Elements)2",0.000093,228,"./Code/main.cpp","InsertionSortTest2_Modified"
"Inner Loop (Shifting Elements)2",0.000091,228,"./Code/main.cpp","InsertionSortTest2_Modified"
"Inner Loop (Shifting Elements)2",0.000091,228,"./Code/main.cpp","InsertionSortTest2_Modified"
"Inner Loop (Shifting Elements)2",0.000090,228,"./Code/main.cpp","InsertionSortTest2_Modified"
"Inner Loop (Shifting Elements)2",0.000119,228,"./Code/main.cpp","InsertionSortTest2_Modified"
"Inner Loop (Shifting Elements)2",0.000094,228,"./Code/main.cpp","InsertionSortTest2_Modified"
"Inner Loop (Shifting Elements)2",0.000094,228,"./Code/main.cpp","InsertionSortTest2_Modified"
"Inner Loop (Shifting Elements)2",0.000092,228,"./Code/main.cpp","InsertionSortTest2_Modified"
"Inner Loop (Shifting Elements)2",0.000091,228,"./Code/main.cpp","InsertionSortTest2_Modified"
"Inner Loop (Shifting Elements)2",0.000092,228,"./Code/main.cpp","InsertionSortTest2_Modified"
"Inner Loop (Shifting Elements)2",0.000090,228,"./Code/main.cpp","InsertionSortTest2_Modified"
"Inner Loop (Shifting Elements)2",0.000093,228,"./Code/main.cpp","InsertionSortTest2_Modified"
"Inner Loop (Shifting Elements)2",0.000097,228,"./Code/main.cpp","InsertionSortTest2_Modified"
"Inner Loop (Shifting Elements)2",0.000094,228,"./Code/main.cpp","InsertionSortTest2_Modified"
"Inner Loop (Shifting Elements)2",0.000093,228,"./Code/main.cpp","InsertionSortTest2_Modified"
"Inner Loop (Shifting Elements)2",0.000094,228,"./Code/main.cpp","InsertionSortTest2_Modified"
"Inner Loop (Shifting Elements)2",0.000094,228,"./Code/main.cpp","InsertionSortTest2_Modified"
"Inner Loop (Shifting Elements)2",0.000092,228,"./Code/main.cpp","InsertionSortTest2_Modified"
"Inner Loop (Shifting Elements)2",0.000092,228,"./Code/main.cpp","InsertionSortTest2_Modified"
"Inner Loop (Shifting Elements)2",0.000094,228,"./Code/main.cpp","InsertionSortTest2_Modified"
"Inner Loop (Shifting Elements)2",0.000094,228,"./Code/main.cpp","InsertionSortTest2_Modified"
"Inner Loop (Shifting Elements)2",0.000092,228,"./Code/main.cpp","InsertionSortTest2_Modified"
"Inner Loop (Shifting Elements)2",0.000092,228,"./Code/main.cpp","InsertionSortTest2_Modified"
"Inner Loop (Shifting Elements)2",0.000092,228,"./Code/main.cpp","InsertionSortTest2_Modified"
"Inner Loop (Shifting Elements)2",0.000091,228,"./Code/main.cpp","InsertionSortTest2_Modified"
"Inner Loop (Shifting Elements)2",0.000093,228,"./Code/main.cpp","InsertionSortTest2_Modified"
"Inner Loop (Shifting Elements)2",0.000094,228,"./Code/main.cpp","InsertionSortTest2_Modified"
"Inner Loop (Shifting Elements)2",0.000093,228,"./Code/main.cpp","InsertionSortTest2_Modified"
"Inner Loop (Shifting Elements)2",0.000093,228,"./Code/main.cpp","InsertionSortTest2_Modified"
"Inner Loop (Shifting Elements)2",0.000094,228,"./Code/main.cpp","InsertionSortTest2_Modified"
"Inner Loop (Shifting Elements)2",0.000092,228,"./Code/main.cpp","InsertionSortTest2_Modified"
"Inner Loop (Shifting Elements)2",0.000093,228,"./Code/main.cpp","InsertionSortTest2_Modified"
"Inner Loop (Shifting Elements)2",0.000093,228,"./Code/main.cpp","InsertionSortTest2_Modified"
"Inner Loop (Shifting Elements)2",0.000091,228,"./Code/main.cpp","InsertionSortTest2_Modified"
"Inner Loop (Shifting Elements)2",0.000118,228,"./Code/main.cpp","InsertionSortTest2_Modified"
"Inner Loop (Shifting Elements)2",0.000092,228,"./Code/main.cpp","InsertionSortTest2_Modified"
"Inner Loop (Shifting Elements)2",0.000093,228,"./Code/main.cpp","InsertionSortTest2_Modified"
"Inner Loop (Shifting Elements)2",0.000091,228,"./Code/main.cpp","InsertionSortTest2_Modified"
"Inner Loop (Shifting Elements)2",0.000093,228,"./Code/main.cpp","InsertionSortTest2_Modified"
"Inner Loop (Shifting Elements)2",0.000093,228,"./Code/main.cpp","InsertionSortTest2_Modified"
"Inner Loop (Shifting Elements)2",0.000095,228,"./Code/main.cpp","InsertionSortTest2_Modified"
"Inner Loop (Shifting Elements)2",0.000092,228,"./Code/main.cpp","InsertionSortTest2_Modified"
"Inner Loop (Shifting Elements)2",0.000092,228,"./Code/main.cpp","InsertionSortTest2_Modified"
"Inner Loop (Shifting Elements)2",0.000093,228,"./Code/main.cpp","InsertionSortTest2_Modified"
"Inner Loop (Shifting Elements)2",0.000094,228,"./Code/main.cpp","InsertionSortTest2_Modified"
"Inner Loop (Shifting Elements)2",0.000092,228,"./Code/main.cpp","InsertionSortTest2_Modified"
"Key Assignment2",0.000093,235,"./Code/main.cpp","InsertionSortTest2_Modified"
"Outer Loop2",0.052355,237,"./Code/main.cpp","InsertionSortTest2_Modified"
"Inner Loop (Shifting Elements)2",0.000094,228,"./Code/main.cpp","InsertionSortTest2_Modified"
"Inner Loop (Shifting Elements)2",0.000092,228,"./Code/main.cpp","InsertionSortTest2_Modified"
"Inner Loop (Shifting Elements)2",0.000093,228,"./Code/main.cpp","InsertionSortTest2_Modified"
"Inner Loop (Shifting Elements)2",0.000093,228,"./Code/main.cpp","InsertionSortTest2_Modified"
"Inner Loop (Shifting Elements)2",0.000095,228,"./Code/main.cpp","InsertionSortTest2_Modified"
"Inner Loop (Shifting Elements)2",0.000094,228,"./Code/main.cpp","InsertionSortTest2_Modified"
"Inner Loop (Shifting Elements)2",0.000094,228,"./Code/main.cpp","InsertionSortTest2_Modified"
"Inner Loop (Shifting Elements)2",0.000092,228,"./Code/main.cpp","InsertionSortTest2_Modified"
"Inner Loop (Shifting Elements)2",0.000093,228,"./Code/main.cpp","InsertionSortTest2_Modified"
"Inner Loop (Shifting Elements)2",0.000095,228,"./Code/main.cpp","InsertionSortTest2_Modified"
"Inner Loop (Shifting Elements)2",0.000092,228,"./Code/main.cpp","InsertionSortTest2_Modified"
"Inner Loop (Shifting Elements)2",0.000088,228,"./Code/main.cpp","InsertionSortTest2_Modified"
"Inner Loop (Shifting Elements)2",0.000094,228,"./Code/main.cpp","InsertionSortTest2_Modified"
"Inner Loop (Shifting Elements)2",0.000093,228,"./Code/main.cpp","InsertionSortTest2_Modified"
"Inner Loop (Shifting Elements)2",0.000093,228,"./Code/main.cpp","InsertionSortTest2_Modified"
"Inner Loop (Shifting Elements)2",0.000091,228,"./Code/main.cpp","InsertionSortTest2_Modified"
"Inner Loop (Shifting Elements)2",0.000092,228,"./Code/main.cpp","InsertionSortTest2_Modified"
"Inner Loop (Shifting Elements)2",0.000094,228,"./Code/main.cpp","InsertionSortTest2_Modified"
"Inner Loop (Shifting Elements)2",0.000092,228,"./Code/main.cpp","InsertionSortTest2_Modified"
"Inner Loop (Shifting Elements)2",0.000092,228,"./Code/main.cpp","InsertionSortTest2_Modified"
"Inner Loop (Shifting Elements)2",0.000095,228,"./Code/main.cpp","InsertionSortTest2_Modified"
"Inner Loop (Shifting Elements)2",0.000093,228,"./Code/main.cpp","InsertionSortTest2_Modified"
"Inner Loop (Shifting Elements)2",0.000130,228,"./Code/main.cpp","InsertionSortTest2_Modified"
"Inner Loop (Shifting Elements)2",0.000108,228,"./Code/main.cpp","InsertionSortTest2_Modified"
"Inner Loop (Shifting Elements)2",0.000109,228,"./Code/main.cpp","InsertionSortTest2_Modified"
"Inner Loop (Shifting Elements)2",0.000103,228,"./Code/main.cpp","InsertionSortTest2_Modified"
"Inner Loop (Shifting Elements)2",0.000127,228,"./Code/main.cpp","InsertionSortTest2_Modified"
"Inner Loop (Shifting Elements)2",0.000100,228,"./Code/main.cpp","InsertionSortTest2_Modified"
"Inner Loop (Shifting Elements)2",0.000094,228,"./Code/main.cpp","InsertionSortTest2_Modified"
"Inner Loop (Shifting Elements)2",0.000092,228,"./Code/main.cpp","InsertionSortTest2_Modified"
"Inner Loop (Shifting Elements)2",0.000092,228,"./Code/main.cpp","InsertionSortTest2_Modified"
"Inner Loop (Shifting Elements)2",0.000108,228,"./Code/main.cpp","InsertionSortTest2_Modified"
"Inner Loop (Shifting Elements)2",0.000094,228,"./Code/main.cpp","InsertionSortTest2_Modified"
"Inner Loop (Shifting Elements)2",0.000094,228,"./Code/main.cpp","InsertionSortTest2_Modified"
"Inner Loop (Shifting Elements)2",0.000092,228,"./Code/main.cpp","InsertionSortTest2_Modified"
"Inner Loop (Shifting Elements)2",0.000096,228,"./Code/main.cpp","InsertionSortTest2_Modified"
"Inner Loop (Shifting Elements)2",0.000093,228,"./Code/main.cpp","InsertionSortTest2_Modified"
"Inner Loop (Shifting Elements)2",0.000092,228,"./Code/main.cpp","InsertionSortTest2_Modified"
"Inner Loop (Shifting Elements)2",0.000094,228,"./Code/main.cpp","InsertionSortTest2_Modified"
"Inner Loop (Shifting Elements)2",0.000094,228,"./Code/main.cpp","InsertionSortTest2_Modified"
"Inner Loop (Shifting Elements)2",0.000094,228,"./Code/main.cpp","InsertionSortTest2_Modified"
"Inner Loop (Shifting Elements)2",0.000095,228,"./Code/main.cpp","InsertionSortTest2_Modified"
"Inner Loop (Shifting Elements)2",0.000092,228,"./Code/main.cpp","InsertionSortTest2_Modified"
"Inner Loop (Shifting Elements)2",0.000095,228,"./Code/main.cpp","InsertionSortTest2_Modified"
"Key Assignment2",0.000094,235,"./Code/main.cpp","InsertionSortTest2_Modified"
"Outer Loop2",0.019451,237,"./Code/main.cpp","InsertionSortTest2_Modified"
"Inner Loop (Shifting Elements)2",0.000092,228,"./Code/main.cpp","InsertionSortTest2_Modified"
"Inner Loop (Shifting Elements)2",0.000094,228,"./Code/main.cpp","InsertionSortTest2_Modified"
"Inner Loop (Shifting Elements)2",0.000094,228,"./Code/main.cpp","InsertionSortTest2_Modified"
"Inner Loop (Shifting Elements)2",0.000091,228,"./Code/main.cpp","InsertionSortTest2_Modified"
"Inner Loop (Shifting Elements)2",0.000095,228,"./Code/main.cpp","InsertionSortTest2_Modified"
"Inner Loop (Shifting Elements)2",0.000092,228,"./Code/main.cpp","InsertionSortTest2_Modified"
"Inner Loop (Shifting Elements)2",0.000094,228,"./Code/main.cpp","InsertionSortTest2_Modified"
"Inner Loop (Shifting Elements)2",0.000094,228,"./Code/main.cpp","InsertionSortTest2_Modified"
"Inner Loop (Shifting Elements)2",0.000094,228,"./Code/main.cpp","InsertionSortTest2_Modified"
"Inner Loop (Shifting Elements)2",0.000093,228,"./Code/main.cpp","InsertionSortTest2_Modified"
"Inner Loop (Shifting Elements)2",0.000094,228,"./Code/main.cpp","InsertionSortTest2_Modified"
"Inner Loop (Shifting Elements)2",0.000094,228,"./Code/main.cpp","InsertionSortTest2_Modified"
"Inner Loop (Shifting Elements)2",0.000093,228,"./Code/main.cpp","InsertionSortTest2_Modified"
"Inner Loop (Shifting Elements)2",0.000094,228,"./Code/main.cpp","InsertionSortTest2_Modified"
"Inner Loop (Shifting Elements)2",0.000095,228,"./Code/main.cpp","InsertionSortTest2_Modified"
"Inner Loop (Shifting Elements)2",0.000095,228,"./Code/main.cpp","InsertionSortTest2_Modified"
"Inner Loop (Shifting Elements)2",0.000094,228,"./Code/main.cpp","InsertionSortTest2_Modified"
"Inner Loop (Shifting Elements)2",0.000093,228,"./Code/main.cpp","InsertionSortTest2_Modified"
"Key Assignment2",0.000093,235,"./Code/main.cpp","InsertionSortTest2_Modified"
"Outer Loop2",0.007815,237,"./Code/main.cpp","InsertionSortTest2_Modified"
"Inner Loop (Shifting Elements)2",0.000092,228,"./Code/main.cpp","InsertionSortTest2_Modified"
"Inner Loop (Shifting Elements)2",0.000092,228,"./Code/main.cpp","InsertionSortTest2_Modified"
"Inner Loop (Shifting Elements)2",0.000092,228,"./Code/main.cpp","InsertionSortTest2_Modified"
"Inner Loop (Shifting Elements)2",0.000092,228,"./Code/main.cpp","InsertionSortTest2_Modified"
"Inner Loop (Shifting Elements)2",0.000094,228,"./Code/main.cpp","InsertionSortTest2_Modified"
"Inner Loop (Shifting Elements)2",0.000091,228,"./Code/main.cpp","InsertionSortTest2_Modified"
"Inner Loop (Shifting Elements)2",0.000092,228,"./Code/main.cpp","InsertionSortTest2_Modified"
"Inner Loop (Shifting Elements)2",0.000095,228,"./Code/main.cpp","InsertionSortTest2_Modified"
"Inner Loop (Shifting Elements)2",0.000092,228,"./Code/main.cpp","InsertionSortTest2_Modified"
"Inner Loop (Shifting Elements)2",0.000092,228,"./Code/main.cpp","InsertionSortTest2_Modified"
"Inner Loop (Shifting Elements)2",0.000094,228,"./Code/main.cpp","InsertionSortTest2_Modified"
"Inner Loop (Shifting Elements)2",0.000091,228,"./Code/main.cpp","InsertionSortTest2_Modified"
"Inner Loop (Shifting Elements)2",0.000092,228,"./Code/main.cpp","InsertionSortTest2_Modified"
"Inner Loop (Shifting Elements)2",0.000093,228,"./Code/main.cpp","InsertionSortTest2_Modified"
"Inner Loop (Shifting Elements)2",0.000093,228,"./Code/main.cpp","InsertionSortTest2_Modified"
"Inner Loop (Shifting Elements)2",0.000093,228,"./Code/main.cpp","InsertionSortTest2_Modified"
"Inner Loop (Shifting Elements)2",0.000092,228,"./Code/main.cpp","InsertionSortTest2_Modified"
"Inner Loop (Shifting Elements)2",0.000092,228,"./Code/main.cpp","InsertionSortTest2_Modified"
"Inner Loop (Shifting Elements)2",0.000118,228,"./Code/main.cpp","InsertionSortTest2_Modified"
"Inner Loop (Shifting Elements)2",0.000093,228,"./Code/main.cpp","InsertionSortTest2_Modified"
"Inner Loop (Shifting Elements)2",0.000094,228,"./Code/main.cpp","InsertionSortTest2_Modified"
"Inner Loop (Shifting Elements)2",0.000092,228,"./Code/main.cpp","InsertionSortTest2_Modified"
"Inner Loop (Shifting Elements)2",0.000092,228,"./Code/main.cpp","InsertionSortTest2_Modified"
"Inner Loop (Shifting Elements)2",0.000090,228,"./Code/main.cpp","InsertionSortTest2_Modified"
"Inner Loop (Shifting Elements)2",0.000092,228,"./Code/main.cpp","InsertionSortTest2_Modified"
"Inner Loop (Shifting Elements)2",0.000092,228,"./Code/main.cpp","InsertionSortTest2_Modified"
"Inner Loop (Shifting Elements)2",0.000093,228,"./Code/main.cpp","InsertionSortTest2_Modified"
"Inner Loop (Shifting Elements)2",0.000092,228,"./Code/main.cpp","InsertionSortTest2_Modified"
"Inner Loop (Shifting Elements)2",0.000092,228,"./Code/main.cpp","InsertionSortTest2_Modified"
"Inner Loop (Shifting Elements)2",0.000093,228,"./Code/main.cpp","InsertionSortTest2_Modified"
"Inner Loop (Shifting Elements)2",0.000092,228,"./Code/main.cpp","InsertionSortTest2_Modified"
"Inner Loop (Shifting Elements)2",0.000091,228,"./Code/main.cpp","InsertionSortTest2_Modified"
"Inner Loop (Shifting Elements)2",0.000094,228,"./Code/main.cpp","InsertionSortTest2_Modified"
"Inner Loop (Shifting Elements)2",0.000090,228,"./Code/main.cpp","InsertionSortTest2_Modified"
"Inner Loop (Shifting Elements)2",0.000093,228,"./Code/main.cpp","InsertionSortTest2_Modified"
"Inner Loop (Shifting Elements)2",0.000077,228,"./Code/main.cpp","InsertionSortTest2_Modified"
"Inner Loop (Shifting Elements)2",0.000077,228,"./Code/main.cpp","InsertionSortTest2_Modified"
"Inner Loop (Shifting Elements)2",0.000077,228,"./Code/main.cpp","InsertionSortTest2_Modified"
"Inner Loop (Shifting Elements)2",0.000076,228,"./Code/main.cpp","InsertionSortTest2_Modified"
"Inner Loop (Shifting Elements)2",0.000076,228,"./Code/main.cpp","InsertionSortTest2_Modified"
"Inner Loop (Shifting Elements)2",0.000073,228,"./Code/main.cpp","InsertionSortTest2_Modified"
"Inner Loop (Shifting Elements)2",0.000076,228,"./Code/main.cpp","InsertionSortTest2_Modified"
"Inner Loop (Shifting Elements)2",0.000086,228,"./Code/main.cpp","InsertionSortTest2_Modified"
"Inner Loop (Shifting Elements)2",0.000099,228,"./Code/main.cpp","InsertionSortTest2_Modified"
"Inner Loop (Shifting Elements)2",0.000082,228,"./Code/main.cpp","InsertionSortTest2_Modified"
"Inner Loop (Shifting Elements)2",0.000094,228,"./Code/main.cpp","InsertionSortTest2_Modified"
"Inner Loop (Shifting Elements)2",0.000083,228,"./Code/main.cpp","InsertionSortTest2_Modified"
"Inner Loop (Shifting Elements)2",0.000078,228,"./Code/main.cpp","InsertionSortTest2_Modified"
"Inner Loop (Shifting Elements)2",0.000099,228,"./Code/main.cpp","InsertionSortTest2_Modified"
"Inner Loop (Shifting Elements)2",0.000074,228,"./Code/main.cpp","InsertionSortTest2_Modified"
"Inner Loop (Shifting Elements)2",0.000073,228,"./Code/main.cpp","InsertionSortTest2_Modified"
"Inner Loop (Shifting Elements)2",0.000113,228,"./Code/main.cpp","InsertionSortTest2_Modified"
"Inner Loop (Shifting Elements)2",0.000077,228,"./Code/main.cpp","InsertionSortTest2_Modified"
"Inner Loop (Shifting Elements)2",0.000076,228,"./Code/main.cpp","InsertionSortTest2_Modified"
"Inner Loop (Shifting Elements)2",0.000075,228,"./Code/main.cpp","InsertionSortTest2_Modified"
"Inner Loop (Shifting Elements)2",0.000075,228,"./Code/main.cpp","InsertionSortTest2_Modified"
"Inner Loop (Shifting Elements)2",0.000091,228,"./Code/main.cpp","InsertionSortTest2_Modified"
"Inner Loop (Shifting Elements)2",0.000090,228,"./Code/main.cpp","InsertionSortTest2_Modified"
"Inner Loop (Shifting Elements)2",0.000093,228,"./Code/main.cpp","InsertionSortTest2_Modified"
"Inner Loop (Shifting Elements)2",0.000079,228,"./Code/main.cpp","InsertionSortTest2_Modified"
"Inner Loop (Shifting Elements)2",0.000078,228,"./Code/main.cpp","InsertionSortTest2_Modified"
"Inner Loop (Shifting Elements)2",0.000077,228,"./Code/main.cpp","InsertionSortTest2_Modified"
"Inner Loop (Shifting Elements)2",0.000077,228,"./Code/main.cpp","InsertionSortTest2_Modified"
"Inner Loop (Shifting Elements)2",0.000096,228,"./Code/main.cpp","InsertionSortTest2_Modified"
"Inner Loop (Shifting Elements)2",0.000075,228,"./Code/main.cpp","InsertionSortTest2_Modified"
"Inner Loop (Shifting Elements)2",0.000077,228,"./Code/main.cpp","InsertionSortTest2_Modified"
"Inner Loop (Shifting Elements)2",0.000075,228,"./Code/main.cpp","InsertionSortTest2_Modified"
"Inner Loop (Shifting Elements)2",0.000076,228,"./Code/main.cpp","InsertionSortTest2_Modified"
"Inner Loop (Shifting Elements)2",0.000076,228,"./Code/main.cpp","InsertionSortTest2_Modified"
"Inner Loop (Shifting Elements)2",0.000076,228,"./Code/main.cpp","InsertionSortTest2_Modified"
"Inner Loop (Shifting Elements)2",0.000075,228,"./Code/main.cpp","InsertionSortTest2_Modified"
"Inner Loop (Shifting Elements)2",0.000075,228,"./Code/main.cpp","InsertionSortTest2_Modified"
"Key Assignment2",0.000074,235,"./Code/main.cpp","InsertionSortTest2_Modified"
"Outer Loop2",0.036317,237,"./Code/main.cpp","InsertionSortTest2_Modified"
"Inner Loop (Shifting Elements)2",0.000074,228,"./Code/main.cpp","InsertionSortTest2_Modified"
"Inner Loop (Shifting Elements)2",0.000094,228,"./Code/main.cpp","InsertionSortTest2_Modified"
"Inner Loop (Shifting Elements)2",0.000073,228,"./Code/main.cpp","InsertionSortTest2_Modified"
"Inner Loop (Shifting Elements)2",0.000074,228,"./Code/main.cpp","InsertionSortTest2_Modified"
"Inner Loop (Shifting Elements)2",0.000074,228,"./Code/main.cpp","InsertionSortTest2_Modified"
"Inner Loop (Shifting Elements)2",0.000075,228,"./Code/main.cpp","InsertionSortTest2_Modified"
"Inner Loop (Shifting Elements)2",0.000075,228,"./Code/main.cpp","InsertionSortTest2_Modified"
"Inner Loop (Shifting Elements)2",0.000076,228,"./Code/main.cpp","InsertionSortTest2_Modified"
"Inner Loop (Shifting Elements)2",0.000076,228,"./Code/main.cpp","InsertionSortTest2_Modified"
"Inner Loop (Shifting Elements)2",0.000074,228,"./Code/main.cpp","InsertionSortTest2_Modified"
"Inner Loop (Shifting Elements)2",0.000074,228,"./Code/main.cpp","InsertionSortTest2_Modified"
"Inner Loop (Shifting Elements)2",0.000077,228,"./Code/main.cpp","InsertionSortTest2_Modified"
"Inner Loop (Shifting Elements)2",0.000074,228,"./Code/main.cpp","InsertionSortTest2_Modified"
"Inner Loop (Shifting Elements)2",0.000074,228,"./Code/main.cpp","InsertionSortTest2_Modified"
"Inner Loop (Shifting Elements)2",0.000076,228,"./Code/main.cpp","InsertionSortTest2_Modified"
"Inner Loop (Shifting Elements)2",0.000076,228,"./Code/main.cpp","InsertionSortTest2_Modified"
"Inner Loop (Shifting Elements)2",0.000076,228,"./Code/main.cpp","InsertionSortTest2_Modified"
"Inner Loop (Shifting Elements)2",0.000076,228,"./Code/main.cpp","InsertionSortTest2_Modified"
"Inner Loop (Shifting Elements)2",0.000074,228,"./Code/main.cpp","InsertionSortTest2_Modified"
"Inner Loop (Shifting Elements)2",0.000075,228,"./Code/main.cpp","InsertionSortTest2_Modified"
"Inner Loop (Shifting Elements)2",0.000073,228,"./Code/main.cpp","InsertionSortTest2_Modified"
"Inner Loop (Shifting Elements)2",0.000073,228,"./Code/main.cpp","InsertionSortTest2_Modified"
"Inner Loop (Shifting Elements)2",0.000074,228,"./Code/main.cpp","InsertionSortTest2_Modified"
"Inner Loop (Shifting Elements)2",0.000075,228,"./Code/main.cpp","InsertionSortTest2_Modified"
"Inner Loop (Shifting Elements)2",0.000075,228,"./Code/main.cpp","InsertionSortTest2_Modified"
"Inner Loop (Shifting Elements)2",0.000075,228,"./Code/main.cpp","InsertionSortTest2_Modified"
"Inner Loop (Shifting Elements)2",0.000076,228,"./Code/main.cpp","InsertionSortTest2_Modified"
"Inner Loop (Shifting Elements)2",0.000073,228,"./Code/main.cpp","InsertionSortTest2_Modified"
"Inner Loop (Shifting Elements)2",0.000076,228,"./Code/main.cpp","InsertionSortTest2_Modified"
"Inner Loop (Shifting Elements)2",0.000075,228,"./Code/main.cpp","InsertionSortTest2_Modified"
"Inner Loop (Shifting Elements)2",0.000075,228,"./Code/main.cpp","InsertionSortTest2_Modified"
"Inner Loop (Shifting Elements)2",0.000073,228,"./Code/main.cpp","InsertionSortTest2_Modified"
"Inner Loop (Shifting Elements)2",0.000075,228,"./Code/main.cpp","InsertionSortTest2_Modified"
"Inner Loop (Shifting Elements)2",0.000077,228,"./Code/main.cpp","InsertionSortTest2_Modified"
"Inner Loop (Shifting Elements)2",0.000075,228,"./Code/main.cpp","InsertionSortTest2_Modified"
"Inner Loop (Shifting Elements)2",0.000074,228,"./Code/main.cpp","InsertionSortTest2_Modified"
"Inner Loop (Shifting Elements)2",0.000077,228,"./Code/main.cpp","InsertionSortTest2_Modified"
"Inner Loop (Shifting Elements)2",0.000075,228,"./Code/main.cpp","InsertionSortTest2_Modified"
"Inner Loop (Shifting Elements)2",0.000074,228,"./Code/main.cpp","InsertionSortTest2_Modified"
"Inner Loop (Shifting Elements)2",0.000078,228,"./Code/main.cpp","InsertionSortTest2_Modified"
"Inner Loop (Shifting Elements)2",0.000075,228,"./Code/main.cpp","InsertionSortTest2_Modified"
"Inner Loop (Shifting Elements)2",0.000076,228,"./Code/main.cpp","InsertionSortTest2_Modified"
"Inner Loop (Shifting Elements)2",0.000076,228,"./Code/main.cpp","InsertionSortTest2_Modified"
"Inner Loop (Shifting Elements)2",0.000076,228,"./Code/main.cpp","InsertionSortTest2_Modified"
"Inner Loop (Shifting Elements)2",0.000075,228,"./Code/main.cpp","InsertionSortTest2_Modified"
"Inner Loop (Shifting Elements)2",0.000074,228,"./Code/main.cpp","InsertionSortTest2_Modified"
"Inner Loop (Shifting Elements)2",0.000074,228,"./Code/main.cpp","InsertionSortTest2_Modified"
"Inner Loop (Shifting Elements)2",0.000075,228,"./Code/main.cpp","InsertionSortTest2_Modified"
"Inner Loop (Shifting Elements)2",0.000075,228,"./Code/main.cpp","InsertionSortTest2_Modified"
"Inner Loop (Shifting Elements)2",0.000075,228,"./Code/main.cpp","InsertionSortTest2_Modified"
"Inner Loop (Shifting Elements)2",0.000073,228,"./Code/main.cpp","InsertionSortTest2_Modified"
"Inner Loop (Shifting Elements)2",0.000077,228,"./Code/main.cpp","InsertionSortTest2_Modified"
"Inner Loop (Shifting Elements)2",0.000075,228,"./Code/main.cpp","InsertionSortTest2_Modified"
"Inner Loop (Shifting Elements)2",0.000104,228,"./Code/main.cpp","InsertionSortTest2_Modified"
"Key Assignment2",0.000104,235,"./Code/main.cpp","InsertionSortTest2_Modified"
"Outer Loop2",0.019244,237,"./Code/main.cpp","InsertionSortTest2_Modified"
"Inner Loop (Shifting Elements)2",0.000097,228,"./Code/main.cpp","InsertionSortTest2_Modified"
"Inner Loop (Shifting Elements)2",0.000085,228,"./Code/main.cpp","InsertionSortTest2_Modified"
"Inner Loop (Shifting Elements)2",0.000077,228,"./Code/main.cpp","InsertionSortTest2_Modified"
"Inner Loop (Shifting Elements)2",0.000076,228,"./Code/main.cpp","InsertionSortTest2_Modified"
"Inner Loop (Shifting Elements)2",0.000074,228,"./Code/main.cpp","InsertionSortTest2_Modified"
"Inner Loop (Shifting Elements)2",0.000078,228,"./Code/main.cpp","InsertionSortTest2_Modified"
"Inner Loop (Shifting Elements)2",0.000076,228,"./Code/main.cpp","InsertionSortTest2_Modified"
"Inner Loop (Shifting Elements)2",0.000077,228,"./Code/main.cpp","InsertionSortTest2_Modified"
"Inner Loop (Shifting Elements)2",0.000076,228,"./Code/main.cpp","InsertionSortTest2_Modified"
"Inner Loop (Shifting Elements)2",0.000078,228,"./Code/main.cpp","InsertionSortTest2_Modified"
"Inner Loop (Shifting Elements)2",0.000076,228,"./Code/main.cpp","InsertionSortTest2_Modified"
"Inner Loop (Shifting Elements)2",0.000075,228,"./Code/main.cpp","InsertionSortTest2_Modified"
"Inner Loop (Shifting Elements)2",0.000075,228,"./Code/main.cpp","InsertionSortTest2_Modified"
"Inner Loop (Shifting Elements)2",0.000076,228,"./Code/main.cpp","InsertionSortTest2_Modified"
"Inner Loop (Shifting Elements)2",0.000076,228,"./Code/main.cpp","InsertionSortTest2_Modified"
"Inner Loop (Shifting Elements)2",0.000077,228,"./Code/main.cpp","InsertionSortTest2_Modified"
"Inner Loop (Shifting Elements)2",0.000078,228,"./Code/main.cpp","InsertionSortTest2_Modified"
"Inner Loop (Shifting Elements)2",0.000076,228,"./Code/main.cpp","InsertionSortTest2_Modified"
"Inner Loop (Shifting Elements)2",0.000076,228,"./Code/main.cpp","InsertionSortTest2_Modified"
"Inner Loop (Shifting Elements)2",0.000075,228,"./Code/main.cpp","InsertionSortTest2_Modified"
"Inner Loop (Shifting Elements)2",0.000077,228,"./Code/main.cpp","InsertionSortTest2_Modified"
"Inner Loop (Shifting Elements)2",0.000076,228,"./Code/main.cpp","InsertionSortTest2_Modified"
"Inner Loop (Shifting Elements)2",0.000078,228,"./Code/main.cpp","InsertionSortTest2_Modified"
"Inner Loop (Shifting Elements)2",0.000078,228,"./Code/main.cpp","InsertionSortTest2_Modified"
"Inner Loop (Shifting Elements)2",0.000077,228,"./Code/main.cpp","InsertionSortTest2_Modified"
"Inner Loop (Shifting Elements)2",0.000077,228,"./Code/main.cpp","InsertionSortTest2_Modified"
"Inner Loop (Shifting Elements)2",0.000079,228,"./Code/main.cpp","InsertionSortTest2_Modified"
"Key Assignment2",0.000076,235,"./Code/main.cpp","InsertionSortTest2_Modified"
"Outer Loop2",0.009492,237,"./Code/main.cpp","InsertionSortTest2_Modified"
"Key Assignment2",0.000077,235,"./Code/main.cpp","InsertionSortTest2_Modified"
"Outer Loop2",0.000387,237,"./Code/main.cpp","InsertionSortTest2_Modified"
"Inner Loop (Shifting Elements)2",0.000076,228,"./Code/main.cpp","InsertionSortTest2_Modified"
"Inner Loop (Shifting Elements)2",0.000075,228,"./Code/main.cpp","InsertionSortTest2_Modified"
"Inner Loop (Shifting Elements)2",0.000097,228,"./Code/main.cpp","InsertionSortTest2_Modified"
"Inner Loop (Shifting Elements)2",0.000074,228,"./Code/main.cpp","InsertionSortTest2_Modified"
"Inner Loop (Shifting Elements)2",0.000092,228,"./Code/main.cpp","InsertionSortTest2_Modified"
"Inner Loop (Shifting Elements)2",0.000076,228,"./Code/main.cpp","InsertionSortTest2_Modified"
"Inner Loop (Shifting Elements)2",0.000075,228,"./Code/main.cpp","InsertionSortTest2_Modified"
"Inner Loop (Shifting Elements)2",0.000076,228,"./Code/main.cpp","InsertionSortTest2_Modified"
"Inner Loop (Shifting Elements)2",0.000075,228,"./Code/main.cpp","InsertionSortTest2_Modified"
"Inner Loop (Shifting Elements)2",0.000074,228,"./Code/main.cpp","InsertionSortTest2_Modified"
"Inner Loop (Shifting Elements)2",0.000075,228,"./Code/main.cpp","InsertionSortTest2_Modified"
"Inner Loop (Shifting Elements)2",0.000076,228,"./Code/main.cpp","InsertionSortTest2_Modified"
"Inner Loop (Shifting Elements)2",0.000078,228,"./Code/main.cpp","InsertionSortTest2_Modified"
"Inner Loop (Shifting Elements)2",0.000076,228,"./Code/main.cpp","InsertionSortTest2_Modified"
"Inner Loop (Shifting Elements)2",0.000078,228,"./Code/main.cpp","InsertionSortTest2_Modified"
"Inner Loop (Shifting Elements)2",0.000075,228,"./Code/main.cpp","InsertionSortTest2_Modified"
"Inner Loop (Shifting Elements)2",0.000077,228,"./Code/main.cpp","InsertionSortTest2_Modified"
"Inner Loop (Shifting Elements)2",0.000078,228,"./Code/main.cpp","InsertionSortTest2_Modified"
"Inner Loop (Shifting Elements)2",0.000075,228,"./Code/main.cpp","InsertionSortTest2_Modified"
"Inner Loop (Shifting Elements)2",0.000075,228,"./Code/main.cpp","InsertionSortTest2_Modified"
"Inner Loop (Shifting Elements)2",0.000078,228,"./Code/main.cpp","InsertionSortTest2_Modified"
"Inner Loop (Shifting Elements)2",0.000076,228,"./Code/main.cpp","InsertionSortTest2_Modified"
"Inner Loop (Shifting Elements)2",0.000075,228,"./Code/main.cpp","InsertionSortTest2_Modified"
"Inner Loop (Shifting Elements)2",0.000075,228,"./Code/main.cpp","InsertionSortTest2_Modified"
"Inner Loop (Shifting Elements)2",0.000077,228,"./Code/main.cpp","InsertionSortTest2_Modified"
"Inner Loop (Shifting Elements)2",0.000077,228,"./Code/main.cpp","InsertionSortTest2_Modified"
"Inner Loop (Shifting Elements)2",0.000078,228,"./Code/main.cpp","InsertionSortTest2_Modified"
"Inner Loop (Shifting Elements)2",0.000075,228,"./Code/main.cpp","InsertionSortTest2_Modified"
"Inner Loop (Shifting Elements)2",0.000076,228,"./Code/main.cpp","InsertionSortTest2_Modified"
"Inner Loop (Shifting Elements)2",0.000077,228,"./Code/main.cpp","InsertionSortTest2_Modified"
"Inner Loop (Shifting Elements)2",0.000074,228,"./Code/main.cpp","InsertionSortTest2_Modified"
"Inner Loop (Shifting Elements)2",0.000098,228,"./Code/main.cpp","InsertionSortTest2_Modified"
"Inner Loop (Shifting Elements)2",0.000077,228,"./Code/main.cpp","InsertionSortTest2_Modified"
"Inner Loop (Shifting Elements)2",0.000075,228,"./Code/main.cpp","InsertionSortTest2_Modified"
"Inner Loop (Shifting Elements)2",0.000075,228,"./Code/main.cpp","InsertionSortTest2_Modified"
"Inner Loop (Shifting Elements)2",0.000073,228,"./Code/main.cpp","InsertionSortTest2_Modified"
"Inner Loop (Shifting Elements)2",0.000075,228,"./Code/main.cpp","InsertionSortTest2_Modified"
"Inner Loop (Shifting Elements)2",0.000076,228,"./Code/main.cpp","InsertionSortTest2_Modified"
"Inner Loop (Shifting Elements)2",0.000076,228,"./Code/main.cpp","InsertionSortTest2_Modified"
"Inner Loop (Shifting Elements)2",0.000075,228,"./Code/main.cpp","InsertionSortTest2_Modified"
"Inner Loop (Shifting Elements)2",0.000076,228,"./Code/main.cpp","InsertionSortTest2_Modified"
"Inner Loop (Shifting Elements)2",0.000076,228,"./Code/main.cpp","InsertionSortTest2_Modified"
"Inner Loop (Shifting Elements)2",0.000076,228,"./Code/main.cpp","InsertionSortTest2_Modified"
"Inner Loop (Shifting Elements)2",0.000075,228,"./Code/main.cpp","InsertionSortTest2_Modified"
"Inner Loop (Shifting Elements)2",0.000077,228,"./Code/main.cpp","InsertionSortTest2_Modified"
"Inner Loop (Shifting Elements)2",0.000076,228,"./Code/main.cpp","InsertionSortTest2_Modified"
"Inner Loop (Shifting Elements)2",0.000077,228,"./Code/main.cpp","InsertionSortTest2_Modified"
"Inner Loop (Shifting Elements)2",0.000076,228,"./Code/main.cpp","InsertionSortTest2_Modified"
"Inner Loop (Shifting Elements)2",0.000077,228,"./Code/main.cpp","InsertionSortTest2_Modified"
"Inner Loop (Shifting Elements)2",0.000078,228,"./Code/main.cpp","InsertionSortTest2_Modified"
"Inner Loop (Shifting Elements)2",0.000076,228,"./Code/main.cpp","InsertionSortTest2_Modified"
"Inner Loop (Shifting Elements)2",0.000086,228,"./Code/main.cpp","InsertionSortTest2_Modified"
"Inner Loop (Shifting Elements)2",0.000088,228,"./Code/main.cpp","InsertionSortTest2_Modified"
"Inner Loop (Shifting Elements)2",0.000086,228,"./Code/main.cpp","InsertionSortTest2_Modified"
"Inner Loop (Shifting Elements)2",0.000079,228,"./Code/main.cpp","InsertionSortTest2_Modified"
"Inner Loop (Shifting Elements)2",0.000078,228,"./Code/main.cpp","InsertionSortTest2_Modified"
"Inner Loop (Shifting Elements)2",0.000121,228,"./Code/main.cpp","InsertionSortTest2_Modified"
"Inner Loop (Shifting Elements)2",0.000107,228,"./Code/main.cpp","InsertionSortTest2_Modified"
"Inner Loop (Shifting Elements)2",0.000074,228,"./Code/main.cpp","InsertionSortTest2_Modified"
"Inner Loop (Shifting Elements)2",0.000075,228,"./Code/main.cpp","InsertionSortTest2_Modified"
"Inner Loop (Shifting Elements)2",0.000075,228,"./Code/main.cpp","InsertionSortTest2_Modified"
"Inner Loop (Shifting Elements)2",0.000091,228,"./Code/main.cpp","InsertionSortTest2_Modified"
"Inner Loop (Shifting Elements)2",0.000098,228,"./Code/main.cpp","InsertionSortTest2_Modified"
"Inner Loop (Shifting Elements)2",0.000076,228,"./Code/main.cpp","InsertionSortTest2_Modified"
"Inner Loop (Shifting Elements)2",0.000076,228,"./Code/main.cpp","InsertionSortTest2_Modified"
"Inner Loop (Shifting Elements)2",0.000077,228,"./Code/main.cpp","InsertionSortTest2_Modified"
"Key Assignment2",0.000076,235,"./Code/main.cpp","InsertionSortTest2_Modified"
"Outer Loop2",0.031208,237,"./Code/main.cpp","InsertionSortTest2_Modified"
"Inner Loop (Shifting Elements)2",0.000075,228,"./Code/main.cpp","InsertionSortTest2_Modified"
"Inner Loop (Shifting Elements)2",0.000076,228,"./Code/main.cpp","InsertionSortTest2_Modified"
"Inner Loop (Shifting Elements)2",0.000076,228,"./Code/main.cpp","InsertionSortTest2_Modified"
"Inner Loop (Shifting Elements)2",0.000076,228,"./Code/main.cpp","InsertionSortTest2_Modified"
"Inner Loop (Shifting Elements)2",0.000076,228,"./Code/main.cpp","InsertionSortTest2_Modified"
"Inner Loop (Shifting Elements)2",0.000077,228,"./Code/main.cpp","InsertionSortTest2_Modified"
"Inner Loop (Shifting Elements)2",0.000075,228,"./Code/main.cpp","InsertionSortTest2_Modified"
"Inner Loop (Shifting Elements)2",0.000075,228,"./Code/main.cpp","InsertionSortTest2_Modified"
"Inner Loop (Shifting Elements)2",0.000077,228,"./Code/main.cpp","InsertionSortTest2_Modified"
"Inner Loop (Shifting Elements)2",0.000078,228,"./Code/main.cpp","InsertionSortTest2_Modified"
"Inner Loop (Shifting Elements)2",0.000076,228,"./Code/main.cpp","InsertionSortTest2_Modified"
"Inner Loop (Shifting Elements)2",0.000078,228,"./Code/main.cpp","InsertionSortTest2_Modified"
"Inner Loop (Shifting Elements)2",0.000075,228,"./Code/main.cpp","InsertionSortTest2_Modified"
"Inner Loop (Shifting Elements)2",0.000076,228,"./Code/main.cpp","InsertionSortTest2_Modified"
"Inner Loop (Shifting Elements)2",0.000074,228,"./Code/main.cpp","InsertionSortTest2_Modified"
"Inner Loop (Shifting Elements)2",0.000076,228,"./Code/main.cpp","InsertionSortTest2_Modified"
"Inner Loop (Shifting Elements)2",0.000077,228,"./Code/main.cpp","InsertionSortTest2_Modified"
"Inner Loop (Shifting Elements)2",0.000076,228,"./Code/main.cpp","InsertionSortTest2_Modified"
"Inner Loop (Shifting Elements)2",0.000077,228,"./Code/main.cpp","InsertionSortTest2_Modified"
"Inner Loop (Shifting Elements)2",0.000077,228,"./Code/main.cpp","InsertionSortTest2_Modified"
"Inner Loop (Shifting Elements)2",0.000076,228,"./Code/main.cpp","InsertionSortTest2_Modified"
"Inner Loop (Shifting Elements)2",0.000078,228,"./Code/main.cpp","InsertionSortTest2_Modified"
"Inner Loop (Shifting Elements)2",0.000075,228,"./Code/main.cpp","InsertionSortTest2_Modified"
"Inner Loop (Shifting Elements)2",0.000076,228,"./Code/main.cpp","InsertionSortTest2_Modified"
"Inner Loop (Shifting Elements)2",0.000077,228,"./Code/main.cpp","InsertionSortTest2_Modified"
"Inner Loop (Shifting Elements)2",0.000074,228,"./Code/main.cpp","InsertionSortTest2_Modified"
"Inner Loop (Shifting Elements)2",0.000074,228,"./Code/main.cpp","InsertionSortTest2_Modified"
"Inner Loop (Shifting Elements)2",0.000075,228,"./Code/main.cpp","InsertionSortTest2_Modified"
"Inner Loop (Shifting Elements)2",0.000074,228,"./Code/main.cpp","InsertionSortTest2_Modified"
"Inner Loop (Shifting Elements)2",0.000075,228,"./Code/main.cpp","InsertionSortTest2_Modified"
"Inner Loop (Shifting Elements)2",0.000074,228,"./Code/main.cpp","InsertionSortTest2_Modified"
"Inner Loop (Shifting Elements)2",0.000253,228,"./Code/main.cpp","InsertionSortTest2_Modified"
"Inner Loop (Shifting Elements)2",0.000121,228,"./Code/main.cpp","InsertionSortTest2_Modified"
"Inner Loop (Shifting Elements)2",0.000121,228,"./Code/main.cpp","InsertionSortTest2_Modified"
"Inner Loop (Shifting Elements)2",0.000116,228,"./Code/main.cpp","InsertionSortTest2_Modified"
"Inner Loop (Shifting Elements)2",0.000127,228,"./Code/main.cpp","InsertionSortTest2_Modified"
"Inner Loop (Shifting Elements)2",0.000141,228,"./Code/main.cpp","InsertionSortTest2_Modified"
"Inner Loop (Shifting Elements)2",0.000160,228,"./Code/main.cpp","InsertionSortTest2_Modified"
"Key Assignment2",0.000130,235,"./Code/main.cpp","InsertionSortTest2_Modified"
"Outer Loop2",0.015350,237,"./Code/main.cpp","InsertionSortTest2_Modified"
"Inner Loop (Shifting Elements)2",0.000127,228,"./Code/main.cpp","InsertionSortTest2_Modified"
"Inner Loop (Shifting Elements)2",0.000141,228,"./Code/main.cpp","InsertionSortTest2_Modified"
"Inner Loop (Shifting Elements)2",0.000138,228,"./Code/main.cpp","InsertionSortTest2_Modified"
"Inner Loop (Shifting Elements)2",0.000147,228,"./Code/main.cpp","InsertionSortTest2_Modified"
"Inner Loop (Shifting Elements)2",0.000166,228,"./Code/main.cpp","InsertionSortTest2_Modified"
"Inner Loop (Shifting Elements)2",0.000114,228,"./Code/main.cpp","InsertionSortTest2_Modified"
"Inner Loop (Shifting Elements)2",0.000107,228,"./Code/main.cpp","InsertionSortTest2_Modified"
"Inner Loop (Shifting Elements)2",0.000107,228,"./Code/main.cpp","InsertionSortTest2_Modified"
"Inner Loop (Shifting Elements)2",0.000105,228,"./Code/main.cpp","InsertionSortTest2_Modified"
"Key Assignment2",0.000122,235,"./Code/main.cpp","InsertionSortTest2_Modified"
"Outer Loop2",0.005666,237,"./Code/main.cpp","InsertionSortTest2_Modified"
"Inner Loop (Shifting Elements)2",0.000110,228,"./Code/main.cpp","InsertionSortTest2_Modified"
"Inner Loop (Shifting Elements)2",0.000130,228,"./Code/main.cpp","InsertionSortTest2_Modified"
"Inner Loop (Shifting Elements)2",0.000125,228,"./Code/main.cpp","InsertionSortTest2_Modified"
"Inner Loop (Shifting Elements)2",0.000109,228,"./Code/main.cpp","InsertionSortTest2_Modified"
"Inner Loop (Shifting Elements)2",0.000113,228,"./Code/main.cpp","InsertionSortTest2_Modified"
"Inner Loop (Shifting Elements)2",0.000107,228,"./Code/main.cpp","InsertionSortTest2_Modified"
"Inner Loop (Shifting Elements)2",0.000132,228,"./Code/main.cpp","InsertionSortTest2_Modified"
"Inner Loop (Shifting Elements)2",0.000110,228,"./Code/main.cpp","InsertionSortTest2_Modified"
"Inner Loop (Shifting Elements)2",0.000113,228,"./Code/main.cpp","InsertionSortTest2_Modified"
"Inner Loop (Shifting Elements)2",0.000122,228,"./Code/main.cpp","InsertionSortTest2_Modified"
"Inner Loop (Shifting Elements)2",0.000129,228,"./Code/main.cpp","InsertionSortTest2_Modified"
"Inner Loop (Shifting Elements)2",0.000117,228,"./Code/main.cpp","InsertionSortTest2_Modified"
"Inner Loop (Shifting Elements)2",0.000109,228,"./Code/main.cpp","InsertionSortTest2_Modified"
"Inner Loop (Shifting Elements)2",0.000125,228,"./Code/main.cpp","InsertionSortTest2_Modified"
"Inner Loop (Shifting Elements)2",0.000105,228,"./Code/main.cpp","InsertionSortTest2_Modified"
"Inner Loop (Shifting Elements)2",0.000853,228,"./Code/main.cpp","InsertionSortTest2_Modified"
"Inner Loop (Shifting Elements)2",0.000128,228,"./Code/main.cpp","InsertionSortTest2_Modified"
"Inner Loop (Shifting Elements)2",0.000112,228,"./Code/main.cpp","InsertionSortTest2_Modified"
"Inner Loop (Shifting Elements)2",0.000126,228,"./Code/main.cpp","InsertionSortTest2_Modified"
"Inner Loop (Shifting Elements)2",0.000119,228,"./Code/main.cpp","InsertionSortTest2_Modified"
"Inner Loop (Shifting Elements)2",0.000115,228,"./Code/main.cpp","InsertionSortTest2_Modified"
"Inner Loop (Shifting Elements)2",0.000115,228,"./Code/main.cpp","InsertionSortTest2_Modified"
"Inner Loop (Shifting Elements)2",0.000132,228,"./Code/main.cpp","InsertionSortTest2_Modified"
"Inner Loop (Shifting Elements)2",0.000163,228,"./Code/main.cpp","InsertionSortTest2_Modified"
"Inner Loop (Shifting Elements)2",0.000123,228,"./Code/main.cpp","InsertionSortTest2_Modified"
"Inner Loop (Shifting Elements)2",0.000120,228,"./Code/main.cpp","InsertionSortTest2_Modified"
"Inner Loop (Shifting Elements)2",0.000129,228,"./Code/main.cpp","InsertionSortTest2_Modified"
"Inner Loop (Shifting Elements)2",0.000138,228,"./Code/main.cpp","InsertionSortTest2_Modified"
"Inner Loop (Shifting Elements)2",0.000151,228,"./Code/main.cpp","InsertionSortTest2_Modified"
"Inner Loop (Shifting Elements)2",0.000122,228,"./Code/main.cpp","InsertionSortTest2_Modified"
"Inner Loop (Shifting Elements)2",0.000122,228,"./Code/main.cpp","InsertionSortTest2_Modified"
"Inner Loop (Shifting Elements)2",0.000130,228,"./Code/main.cpp","InsertionSortTest2_Modified"
"Inner Loop (Shifting Elements)2",0.000127,228,"./Code/main.cpp","InsertionSortTest2_Modified"
"Inner Loop (Shifting Elements)2",0.000111,228,"./Code/main.cpp","InsertionSortTest2_Modified"
"Inner Loop (Shifting Elements)2",0.000114,228,"./Code/main.cpp","InsertionSortTest2_Modified"
"Inner Loop (Shifting Elements)2",0.000131,228,"./Code/main.cpp","InsertionSortTest2_Modified"
"Inner Loop (Shifting Elements)2",0.000128,228,"./Code/main.cpp","InsertionSortTest2_Modified"
"Inner Loop (Shifting Elements)2",0.000125,228,"./Code/main.cpp","InsertionSortTest2_Modified"
"Inner Loop (Shifting Elements)2",0.000140,228,"./Code/main.cpp","InsertionSortTest2_Modified"
"Inner Loop (Shifting Elements)2",0.000129,228,"./Code/main.cpp","InsertionSortTest2_Modified"
"Inner Loop (Shifting Elements)2",0.000125,228,"./Code/main.cpp","InsertionSortTest2_Modified"
"Inner Loop (Shifting Elements)2",0.000123,228,"./Code/main.cpp","InsertionSortTest2_Modified"
"Inner Loop (Shifting Elements)2",0.000122,228,"./Code/main.cpp","InsertionSortTest2_Modified"
"Inner Loop (Shifting Elements)2",0.000110,228,"./Code/main.cpp","InsertionSortTest2_Modified"
"Inner Loop (Shifting Elements)2",0.000132,228,"./Code/main.cpp","InsertionSortTest2_Modified"
"Inner Loop (Shifting Elements)2",0.000111,228,"./Code/main.cpp","InsertionSortTest2_Modified"
"Inner Loop (Shifting Elements)2",0.000125,228,"./Code/main.cpp","InsertionSortTest2_Modified"
"Inner Loop (Shifting Elements)2",0.000142,228,"./Code/main.cpp","InsertionSortTest2_Modified"
"Inner Loop (Shifting Elements)2",0.000107,228,"./Code/main.cpp","InsertionSortTest2_Modified"
"Inner Loop (Shifting Elements)2",0.000130,228,"./Code/main.cpp","InsertionSortTest2_Modified"
"Inner Loop (Shifting Elements)2",0.000127,228,"./Code/main.cpp","InsertionSortTest2_Modified"
"Inner Loop (Shifting Elements)2",0.000132,228,"./Code/main.cpp","InsertionSortTest2_Modified"
"Inner Loop (Shifting Elements)2",0.000107,228,"./Code/main.cpp","InsertionSortTest2_Modified"
"Inner Loop (Shifting Elements)2",0.000108,228,"./Code/main.cpp","InsertionSortTest2_Modified"
"Inner Loop (Shifting Elements)2",0.000109,228,"./Code/main.cpp","InsertionSortTest2_Modified"
"Inner Loop (Shifting Elements)2",0.000107,228,"./Code/main.cpp","InsertionSortTest2_Modified"
"Inner Loop (Shifting Elements)2",0.000122,228,"./Code/main.cpp","InsertionSortTest2_Modified"
"Inner Loop (Shifting Elements)2",0.000125,228,"./Code/main.cpp","InsertionSortTest2_Modified"
"Inner Loop (Shifting Elements)2",0.000107,228,"./Code/main.cpp","InsertionSortTest2_Modified"
"Inner Loop (Shifting Elements)2",0.000107,228,"./Code/main.cpp","InsertionSortTest2_Modified"
"Inner Loop (Shifting Elements)2",0.000122,228,"./Code/main.cpp","InsertionSortTest2_Modified"
"Inner Loop (Shifting Elements)2",0.000106,228,"./Code/main.cpp","InsertionSortTest2_Modified"
"Inner Loop (Shifting Elements)2",0.000411,228,"./Code/main.cpp","InsertionSortTest2_Modified"
"Inner Loop (Shifting Elements)2",0.000132,228,"./Code/main.cpp","InsertionSortTest2_Modified"
"Inner Loop (Shifting Elements)2",0.000120,228,"./Code/main.cpp","InsertionSortTest2_Modified"
"Inner Loop (Shifting Elements)2",0.000106,228,"./Code/main.cpp","InsertionSortTest2_Modified"
"Inner Loop (Shifting Elements)2",0.000088,228,"./Code/main.cpp","InsertionSortTest2_Modified"
"Inner Loop (Shifting Elements)2",0.000085,228,"./Code/main.cpp","InsertionSortTest2_Modified"
"Inner Loop (Shifting Elements)2",0.000078,228,"./Code/main.cpp","InsertionSortTest2_Modified"
"Inner Loop (Shifting Elements)2",0.000098,228,"./Code/main.cpp","InsertionSortTest2_Modified"
"Inner Loop (Shifting Elements)2",0.000074,228,"./Code/main.cpp","InsertionSortTest2_Modified"
"Inner Loop (Shifting Elements)2",0.000074,228,"./Code/main.cpp","InsertionSortTest2_Modified"
"Inner Loop (Shifting Elements)2",0.000077,228,"./Code/main.cpp","InsertionSortTest2_Modified"
"Inner Loop (Shifting Elements)2",0.000075,228,"./Code/main.cpp","InsertionSortTest2_Modified"
"Inner Loop (Shifting Elements)2",0.000075,228,"./Code/main.cpp","InsertionSortTest2_Modified"
"Inner Loop (Shifting Elements)2",0.000075,228,"./Code/main.cpp","InsertionSortTest2_Modified"
"Inner Loop (Shifting Elements)2",0.000075,228,"./Code/main.cpp","InsertionSortTest2_Modified"
"Inner Loop (Shifting Elements)2",0.000074,228,"./Code/main.cpp","InsertionSortTest2_Modified"
"Inner Loop (Shifting Elements)2",0.000073,228,"./Code/main.cpp","InsertionSortTest2_Modified"
"Inner Loop (Shifting Elements)2",0.000074,228,"./Code/main.cpp","InsertionSortTest2_Modified"
"Inner Loop (Shifting Elements)2",0.000094,228,"./Code/main.cpp","InsertionSortTest2_Modified"
"Inner Loop (Shifting Elements)2",0.000075,228,"./Code/main.cpp","InsertionSortTest2_Modified"
"Inner Loop (Shifting Elements)2",0.000078,228,"./Code/main.cpp","InsertionSortTest2_Modified"
"Inner Loop (Shifting Elements)2",0.000074,228,"./Code/main.cpp","InsertionSortTest2_Modified"
"Inner Loop (Shifting Elements)2",0.000075,228,"./Code/main.cpp","InsertionSortTest2_Modified"
"Inner Loop (Shifting Elements)2",0.000076,228,"./Code/main.cpp","InsertionSortTest2_Modified"
"Inner Loop (Shifting Elements)2",0.000073,228,"./Code/main.cpp","InsertionSortTest2_Modified"
"Inner Loop (Shifting Elements)2",0.000073,228,"./Code/main.cpp","InsertionSortTest2_Modified"
"Inner Loop (Shifting Elements)2",0.000071,228,"./Code/main.cpp","InsertionSortTest2_Modified"
"Inner Loop (Shifting Elements)2",0.000071,228,"./Code/main.cpp","InsertionSortTest2_Modified"
"Inner Loop (Shifting Elements)2",0.000075,228,"./Code/main.cpp","InsertionSortTest2_Modified"
"Key Assignment2",0.000074,235,"./Code/main.cpp","InsertionSortTest2_Modified"
"Outer Loop2",0.059931,237,"./Code/main.cpp","InsertionSortTest2_Modified"
"Insertion Sort Test2",1.193973,240,"./Code/main.cpp","InsertionSortTest2_Modified"
"Shifting Elements (Optimized)3",0.000331,289,"./Code/main.cpp","InsertionSortTest2_Optimized"
"Key Assignment (Optimized)3",0.000103,294,"./Code/main.cpp","InsertionSortTest2_Optimized"
"Outer Loop (Optimized)3",0.002619,296,"./Code/main.cpp","InsertionSortTest2_Optimized"
"Shifting Elements (Optimized)3",0.000154,289,"./Code/main.cpp","InsertionSortTest2_Optimized"
"Key Assignment (Optimized)3",0.000076,294,"./Code/main.cpp","InsertionSortTest2_Optimized"
"Outer Loop (Optimized)3",0.001279,296,"./Code/main.cpp","InsertionSortTest2_Optimized"
"Shifting Elements (Optimized)3",0.000133,289,"./Code/main.cpp","InsertionSortTest2_Optimized"
"Key Assignment (Optimized)3",0.000073,294,"./Code/main.cpp","InsertionSortTest2_Optimized"
"Outer Loop (Optimized)3",0.000986,296,"./Code/main.cpp","InsertionSortTest2_Optimized"
"Shifting Elements (Optimized)3",0.000173,289,"./Code/main.cpp","InsertionSortTest2_Optimized"
"Key Assignment (Optimized)3",0.000085,294,"./Code/main.cpp","InsertionSortTest2_Optimized"
"Outer Loop (Optimized)3",0.001115,296,"./Code/main.cpp","InsertionSortTest2_Optimized"
"Shifting Elements (Optimized)3",0.000143,289,"./Code/main.cpp","InsertionSortTest2_Optimized"
"Key Assignment (Optimized)3",0.000099,294,"./Code/main.cpp","InsertionSortTest2_Optimized"
"Outer Loop (Optimized)3",0.000976,296,"./Code/main.cpp","InsertionSortTest2_Optimized"
"Shifting Elements (Optimized)3",0.000139,289,"./Code/main.cpp","InsertionSortTest2_Optimized"
"Key Assignment (Optimized)3",0.000076,294,"./Code/main.cpp","InsertionSortTest2_Optimized"
"Outer Loop (Optimized)3",0.000997,296,"./Code/main.cpp","InsertionSortTest2_Optimized"
"Shifting Elements (Optimized)3",0.000135,289,"./Code/main.cpp","InsertionSortTest2_Optimized"
"Key Assignment (Optimized)3",0.000108,294,"./Code/main.cpp","InsertionSortTest2_Optimized"
"Outer Loop (Optimized)3",0.001059,296,"./Code/main.cpp","InsertionSortTest2_Optimized"
"Shifting Elements (Optimized)3",0.000139,289,"./Code/main.cpp","InsertionSortTest2_Optimized"
"Key Assignment (Optimized)3",0.000074,294,"./Code/main.cpp","InsertionSortTest2_Optimized"
"Outer Loop (Optimized)3",0.000977,296,"./Code/main.cpp","InsertionSortTest2_Optimized"
"Shifting Elements (Optimized)3",0.000146,289,"./Code/main.cpp","InsertionSortTest2_Optimized"
"Key Assignment (Optimized)3",0.000127,294,"./Code/main.cpp","InsertionSortTest2_Optimized"
"Outer Loop (Optimized)3",0.001039,296,"./Code/main.cpp","InsertionSortTest2_Optimized"
"Shifting Elements (Optimized)3",0.000114,289,"./Code/main.cpp","InsertionSortTest2_Optimized"
"Key Assignment (Optimized)3",0.000122,294,"./Code/main.cpp","InsertionSortTest2_Optimized"
"Outer Loop (Optimized)3",0.000953,296,"./Code/main.cpp","InsertionSortTest2_Optimized"
"Shifting Elements (Optimized)3",0.000123,289,"./Code/main.cpp","InsertionSortTest2_Optimized"
"Key Assignment (Optimized)3",0.000086,294,"./Code/main.cpp","InsertionSortTest2_Optimized"
"Outer Loop (Optimized)3",0.000909,296,"./Code/main.cpp","InsertionSortTest2_Optimized"
"Shifting Elements (Optimized)3",0.000136,289,"./Code/main.cpp","InsertionSortTest2_Optimized"
"Key Assignment (Optimized)3",0.000077,294,"./Code/main.cpp","InsertionSortTest2_Optimized"
"Outer Loop (Optimized)3",0.000955,296,"./Code/main.cpp","InsertionSortTest2_Optimized"
"Shifting Elements (Optimized)3",0.000152,289,"./Code/main.cpp","InsertionSortTest2_Optimized"
"Key Assignment (Optimized)3",0.000109,294,"./Code/main.cpp","InsertionSortTest2_Optimized"
"Outer Loop (Optimized)3",0.001046,296,"./Code/main.cpp","InsertionSortTest2_Optimized"
"Shifting Elements (Optimized)3",0.000120,289,"./Code/main.cpp","InsertionSortTest2_Optimized"
"Key Assignment (Optimized)3",0.000074,294,"./Code/main.cpp","InsertionSortTest2_Optimized"
"Outer Loop (Optimized)3",0.000921,296,"./Code/main.cpp","InsertionSortTest2_Optimized"
"Shifting Elements (Optimized)3",0.000131,289,"./Code/main.cpp","InsertionSortTest2_Optimized"
"Key Assignment (Optimized)3",0.000073,294,"./Code/main.cpp","InsertionSortTest2_Optimized"
"Outer Loop (Optimized)3",0.001001,296,"./Code/main.cpp","InsertionSortTest2_Optimized"
"Shifting Elements (Optimized)3",0.000121,289,"./Code/main.cpp","InsertionSortTest2_Optimized"
"Key Assignment (Optimized)3",0.000106,294,"./Code/main.cpp","InsertionSortTest2_Optimized"
"Outer Loop (Optimized)3",0.000930,296,"./Code/main.cpp","InsertionSortTest2_Optimized"
"Shifting Elements (Optimized)3",0.000145,289,"./Code/main.cpp","InsertionSortTest2_Optimized"
"Key Assignment (Optimized)3",0.000105,294,"./Code/main.cpp","InsertionSortTest2_Optimized"
"Outer Loop (Optimized)3",0.000983,296,"./Code/main.cpp","InsertionSortTest2_Optimized"
"Shifting Elements (Optimized)3",0.000137,289,"./Code/main.cpp","InsertionSortTest2_Optimized"
"Key Assignment (Optimized)3",0.000111,294,"./Code/main.cpp","InsertionSortTest2_Optimized"
"Outer Loop (Optimized)3",0.000975,296,"./Code/main.cpp","InsertionSortTest2_Optimized"
"Shifting Elements (Optimized)3",0.000158,289,"./Code/main.cpp","InsertionSortTest2_Optimized"
"Key Assignment (Optimized)3",0.000075,294,"./Code/main.cpp","InsertionSortTest2_Optimized"
"Outer Loop (Optimized)3",0.000975,296,"./Code/main.cpp","InsertionSortTest2_Optimized"
"Shifting Elements (Optimized)3",0.000111,289,"./Code/main.cpp","InsertionSortTest2_Optimized"
"Key Assignment (Optimized)3",0.000103,294,"./Code/main.cpp","InsertionSortTest2_Optimized"
"Outer Loop (Optimized)3",0.000989,296,"./Code/main.cpp","InsertionSortTest2_Optimized"
"Shifting Elements (Optimized)3",0.000120,289,"./Code/main.cpp","InsertionSortTest2_Optimized"
"Key Assignment (Optimized)3",0.000103,294,"./Code/main.cpp","InsertionSortTest2_Optimized"
"Outer Loop (Optimized)3",0.000932,296,"./Code/main.cpp","InsertionSortTest2_Optimized"
"Shifting Elements (Optimized)3",0.000113,289,"./Code/main.cpp","InsertionSortTest2_Optimized"
"Key Assignment (Optimized)3",0.000074,294,"./Code/main.cpp","InsertionSortTest2_Optimized"
"Outer Loop (Optimized)3",0.000885,296,"./Code/main.cpp","InsertionSortTest2_Optimized"
"Shifting Elements (Optimized)3",0.000110,289,"./Code/main.cpp","InsertionSortTest2_Optimized"
"Key Assignment (Optimized)3",0.000102,294,"./Code/main.cpp","InsertionSortTest2_Optimized"
"Outer Loop (Optimized)3",0.001002,296,"./Code/main.cpp","InsertionSortTest2_Optimized"
"Shifting Elements (Optimized)3",0.000119,289,"./Code/main.cpp","InsertionSortTest2_Optimized"
"Key Assignment (Optimized)3",0.000106,294,"./Code/main.cpp","InsertionSortTest2_Optimized"
"Outer Loop (Optimized)3",0.001037,296,"./Code/main.cpp","InsertionSortTest2_Optimized"
"Shifting Elements (Optimized)3",0.000121,289,"./Code/main.cpp","InsertionSortTest2_Optimized"
"Key Assignment (Optimized)3",0.000078,294,"./Code/main.cpp","InsertionSortTest2_Optimized"
"Outer Loop (Optimized)3",0.001002,296,"./Code/main.cpp","InsertionSortTest2_Optimized"
"Shifting Elements (Optimized)3",0.000178,289,"./Code/main.cpp","InsertionSortTest2_Optimized"
"Key Assignment (Optimized)3",0.000129,294,"./Code/main.cpp","InsertionSortTest2_Optimized"
"Outer Loop (Optimized)3",0.001055,296,"./Code/main.cpp","InsertionSortTest2_Optimized"
"Shifting Elements (Optimized)3",0.000107,289,"./Code/main.cpp","InsertionSortTest2_Optimized"
"Key Assignment (Optimized)3",0.000103,294,"./Code/main.cpp","InsertionSortTest2_Optimized"
"Outer Loop (Optimized)3",0.000916,296,"./Code/main.cpp","InsertionSortTest2_Optimized"
"Shifting Elements (Optimized)3",0.000133,289,"./Code/main.cpp","InsertionSortTest2_Optimized"
"Key Assignment (Optimized)3",0.000097,294,"./Code/main.cpp","InsertionSortTest2_Optimized"
"Outer Loop (Optimized)3",0.000940,296,"./Code/main.cpp","InsertionSortTest2_Optimized"
"Shifting Elements (Optimized)3",0.000134,289,"./Code/main.cpp","InsertionSortTest2_Optimized"
"Key Assignment (Optimized)3",0.000074,294,"./Code/main.cpp","InsertionSortTest2_Optimized"
"Outer Loop (Optimized)3",0.000994,296,"./Code/main.cpp","InsertionSortTest2_Optimized"
"Shifting Elements (Optimized)3",0.000139,289,"./Code/main.cpp","InsertionSortTest2_Optimized"
"Key Assignment (Optimized)3",0.000076,294,"./Code/main.cpp","InsertionSortTest2_Optimized"
"Outer Loop (Optimized)3",0.001030,296,"./Code/main.cpp","InsertionSortTest2_Optimized"
"Shifting Elements (Optimized)3",0.000146,289,"./Code/main.cpp","InsertionSortTest2_Optimized"
"Key Assignment (Optimized)3",0.000106,294,"./Code/main.cpp","InsertionSortTest2_Optimized"
"Outer Loop (Optimized)3",0.001030,296,"./Code/main.cpp","InsertionSortTest2_Optimized"
"Shifting Elements (Optimized)3",0.000123,289,"./Code/main.cpp","InsertionSortTest2_Optimized"
"Key Assignment (Optimized)3",0.000119,294,"./Code/main.cpp","InsertionSortTest2_Optimized"
"Outer Loop (Optimized)3",0.001983,296,"./Code/main.cpp","InsertionSortTest2_Optimized"
"Shifting Elements (Optimized)3",0.000156,289,"./Code/main.cpp","InsertionSortTest2_Optimized"
"Key Assignment (Optimized)3",0.000081,294,"./Code/main.cpp","InsertionSortTest2_Optimized"
"Outer Loop (Optimized)3",0.001106,296,"./Code/main.cpp","InsertionSortTest2_Optimized"
"Shifting Elements (Optimized)3",0.000125,289,"./Code/main.cpp","InsertionSortTest2_Optimized"
"Key Assignment (Optimized)3",0.000073,294,"./Code/main.cpp","InsertionSortTest2_Optimized"
"Outer Loop (Optimized)3",0.000932,296,"./Code/main.cpp","InsertionSortTest2_Optimized"
"Shifting Elements (Optimized)3",0.000128,289,"./Code/main.cpp","InsertionSortTest2_Optimized"
"Key Assignment (Optimized)3",0.000075,294,"./Code/main.cpp","InsertionSortTest2_Optimized"
"Outer Loop (Optimized)3",0.000917,296,"./Code/main.cpp","InsertionSortTest2_Optimized"
"Shifting Elements (Optimized)3",0.000160,289,"./Code/main.cpp","InsertionSortTest2_Optimized"
"Key Assignment (Optimized)3",0.000074,294,"./Code/main.cpp","InsertionSortTest2_Optimized"
"Outer Loop (Optimized)3",0.000964,296,"./Code/main.cpp","InsertionSortTest2_Optimized"
"Shifting Elements (Optimized)3",0.000116,289,"./Code/main.cpp","InsertionSortTest2_Optimized"
"Key Assignment (Optimized)3",0.000073,294,"./Code/main.cpp","InsertionSortTest2_Optimized"
"Outer Loop (Optimized)3",0.000868,296,"./Code/main.cpp","InsertionSortTest2_Optimized"
"Shifting Elements (Optimized)3",0.000163,289,"./Code/main.cpp","InsertionSortTest2_Optimized"
"Key Assignment (Optimized)3",0.000076,294,"./Code/main.cpp","InsertionSortTest2_Optimized"
"Outer Loop (Optimized)3",0.000962,296,"./Code/main.cpp","InsertionSortTest2_Optimized"
"Shifting Elements (Optimized)3",0.000140,289,"./Code/main.cpp","InsertionSortTest2_Optimized"
"Key Assignment (Optimized)3",0.000074,294,"./Code/main.cpp","InsertionSortTest2_Optimized"
"Outer Loop (Optimized)3",0.000935,296,"./Code/main.cpp","InsertionSortTest2_Optimized"
"Shifting Elements (Optimized)3",0.000153,289,"./Code/main.cpp","InsertionSortTest2_Optimized"
"Key Assignment (Optimized)3",0.000071,294,"./Code/main.cpp","InsertionSortTest2_Optimized"
"Outer Loop (Optimized)3",0.000883,296,"./Code/main.cpp","InsertionSortTest2_Optimized"
"Shifting Elements (Optimized)3",0.000157,289,"./Code/main.cpp","InsertionSortTest2_Optimized"
"Key Assignment (Optimized)3",0.000072,294,"./Code/main.cpp","InsertionSortTest2_Optimized"
"Outer Loop (Optimized)3",0.000961,296,"./Code/main.cpp","InsertionSortTest2_Optimized"
"Shifting Elements (Optimized)3",0.000140,289,"./Code/main.cpp","InsertionSortTest2_Optimized"
"Key Assignment (Optimized)3",0.000075,294,"./Code/main.cpp","InsertionSortTest2_Optimized"
"Outer Loop (Optimized)3",0.000944,296,"./Code/main.cpp","InsertionSortTest2_Optimized"
"Shifting Elements (Optimized)3",0.000135,289,"./Code/main.cpp","InsertionSortTest2_Optimized"
"Key Assignment (Optimized)3",0.000073,294,"./Code/main.cpp","InsertionSortTest2_Optimized"
"Outer Loop (Optimized)3",0.000943,296,"./Code/main.cpp","InsertionSortTest2_Optimized"
"Shifting Elements (Optimized)3",0.000119,289,"./Code/main.cpp","InsertionSortTest2_Optimized"
"Key Assignment (Optimized)3",0.000077,294,"./Code/main.cpp","InsertionSortTest2_Optimized"
"Outer Loop (Optimized)3",0.000878,296,"./Code/main.cpp","InsertionSortTest2_Optimized"
"Shifting Elements (Optimized)3",0.000141,289,"./Code/main.cpp","InsertionSortTest2_Optimized"
"Key Assignment (Optimized)3",0.000073,294,"./Code/main.cpp","InsertionSortTest2_Optimized"
"Outer Loop (Optimized)3",0.000912,296,"./Code/main.cpp","InsertionSortTest2_Optimized"
"Shifting Elements (Optimized)3",0.000115,289,"./Code/main.cpp","InsertionSortTest2_Optimized"
"Key Assignment (Optimized)3",0.000076,294,"./Code/main.cpp","InsertionSortTest2_Optimized"
"Outer Loop (Optimized)3",0.000886,296,"./Code/main.cpp","InsertionSortTest2_Optimized"
"Shifting Elements (Optimized)3",0.000115,289,"./Code/main.cpp","InsertionSortTest2_Optimized"
"Key Assignment (Optimized)3",0.000078,294,"./Code/main.cpp","InsertionSortTest2_Optimized"
"Outer Loop (Optimized)3",0.000869,296,"./Code/main.cpp","InsertionSortTest2_Optimized"
"Shifting Elements (Optimized)3",0.000141,289,"./Code/main.cpp","InsertionSortTest2_Optimized"
"Key Assignment (Optimized)3",0.000077,294,"./Code/main.cpp","InsertionSortTest2_Optimized"
"Outer Loop (Optimized)3",0.000929,296,"./Code/main.cpp","InsertionSortTest2_Optimized"
"Shifting Elements (Optimized)3",0.000153,289,"./Code/main.cpp","InsertionSortTest2_Optimized"
"Key Assignment (Optimized)3",0.000075,294,"./Code/main.cpp","InsertionSortTest2_Optimized"
"Outer Loop (Optimized)3",0.000932,296,"./Code/main.cpp","InsertionSortTest2_Optimized"
"Shifting Elements (Optimized)3",0.000110,289,"./Code/main.cpp","InsertionSortTest2_Optimized"
"Key Assignment (Optimized)3",0.000076,294,"./Code/main.cpp","InsertionSortTest2_Optimized"
"Outer Loop (Optimized)3",0.000845,296,"./Code/main.cpp","InsertionSortTest2_Optimized"
"Shifting Elements (Optimized)3",0.000138,289,"./Code/main.cpp","InsertionSortTest2_Optimized"
"Key Assignment (Optimized)3",0.000074,294,"./Code/main.cpp","InsertionSortTest2_Optimized"
"Outer Loop (Optimized)3",0.000941,296,"./Code/main.cpp","InsertionSortTest2_Optimized"
"Shifting Elements (Optimized)3",0.000121,289,"./Code/main.cpp","InsertionSortTest2_Optimized"
"Key Assignment (Optimized)3",0.000079,294,"./Code/main.cpp","InsertionSortTest2_Optimized"
"Outer Loop (Optimized)3",0.000919,296,"./Code/main.cpp","InsertionSortTest2_Optimized"
"Shifting Elements (Optimized)3",0.000112,289,"./Code/main.cpp","InsertionSortTest2_Optimized"
"Key Assignment (Optimized)3",0.000077,294,"./Code/main.cpp","InsertionSortTest2_Optimized"
"Outer Loop (Optimized)3",0.000868,296,"./Code/main.cpp","InsertionSortTest2_Optimized"
"Shifting Elements (Optimized)3",0.000117,289,"./Code/main.cpp","InsertionSortTest2_Optimized"
"Key Assignment (Optimized)3",0.000074,294,"./Code/main.cpp","InsertionSortTest2_Optimized"
"Outer Loop (Optimized)3",0.000884,296,"./Code/main.cpp","InsertionSortTest2_Optimized"
"Shifting Elements (Optimized)3",0.000137,289,"./Code/main.cpp","InsertionSortTest2_Optimized"
"Key Assignment (Optimized)3",0.000075,294,"./Code/main.cpp","InsertionSortTest2_Optimized"
"Outer Loop (Optimized)3",0.000905,296,"./Code/main.cpp","InsertionSortTest2_Optimized"
"Shifting Elements (Optimized)3",0.000150,289,"./Code/main.cpp","InsertionSortTest2_Optimized"
"Key Assignment (Optimized)3",0.000074,294,"./Code/main.cpp","InsertionSortTest2_Optimized"
"Outer Loop (Optimized)3",0.000977,296,"./Code/main.cpp","InsertionSortTest2_Optimized"
"Shifting Elements (Optimized)3",0.000124,289,"./Code/main.cpp","InsertionSortTest2_Optimized"
"Key Assignment (Optimized)3",0.000075,294,"./Code/main.cpp","InsertionSortTest2_Optimized"
"Outer Loop (Optimized)3",0.000894,296,"./Code/main.cpp","InsertionSortTest2_Optimized"
"Shifting Elements (Optimized)3",0.000119,289,"./Code/main.cpp","InsertionSortTest2_Optimized"
"Key Assignment (Optimized)3",0.000075,294,"./Code/main.cpp","InsertionSortTest2_Optimized"
"Outer Loop (Optimized)3",0.000937,296,"./Code/main.cpp","InsertionSortTest2_Optimized"
"Shifting Elements (Optimized)3",0.000118,289,"./Code/main.cpp","InsertionSortTest2_Optimized"
"Key Assignment (Optimized)3",0.000075,294,"./Code/main.cpp","InsertionSortTest2_Optimized"
"Outer Loop (Optimized)3",0.000966,296,"./Code/main.cpp","InsertionSortTest2_Optimized"
"Shifting Elements (Optimized)3",0.000108,289,"./Code/main.cpp","InsertionSortTest2_Optimized"
"Key Assignment (Optimized)3",0.000074,294,"./Code/main.cpp","InsertionSortTest2_Optimized"
"Outer Loop (Optimized)3",0.000842,296,"./Code/main.cpp","InsertionSortTest2_Optimized"
"Shifting Elements (Optimized)3",0.000145,289,"./Code/main.cpp","InsertionSortTest2_Optimized"
"Key Assignment (Optimized)3",0.000112,294,"./Code/main.cpp","InsertionSortTest2_Optimized"
"Outer Loop (Optimized)3",0.001158,296,"./Code/main.cpp","InsertionSortTest2_Optimized"
"Shifting Elements (Optimized)3",0.000137,289,"./Code/main.cpp","InsertionSortTest2_Optimized"
"Key Assignment (Optimized)3",0.000075,294,"./Code/main.cpp","InsertionSortTest2_Optimized"
"Outer Loop (Optimized)3",0.000970,296,"./Code/main.cpp","InsertionSortTest2_Optimized"
"Shifting Elements (Optimized)3",0.000135,289,"./Code/main.cpp","InsertionSortTest2_Optimized"
"Key Assignment (Optimized)3",0.000074,294,"./Code/main.cpp","InsertionSortTest2_Optimized"
"Outer Loop (Optimized)3",0.000909,296,"./Code/main.cpp","InsertionSortTest2_Optimized"
"Shifting Elements (Optimized)3",0.000120,289,"./Code/main.cpp","InsertionSortTest2_Optimized"
"Key Assignment (Optimized)3",0.000076,294,"./Code/main.cpp","InsertionSortTest2_Optimized"
"Outer Loop (Optimized)3",0.000931,296,"./Code/main.cpp","InsertionSortTest2_Optimized"
"Shifting Elements (Optimized)3",0.000146,289,"./Code/main.cpp","InsertionSortTest2_Optimized"
"Key Assignment (Optimized)3",0.000072,294,"./Code/main.cpp","InsertionSortTest2_Optimized"
"Outer Loop (Optimized)3",0.000921,296,"./Code/main.cpp","InsertionSortTest2_Optimized"
"Shifting Elements (Optimized)3",0.000134,289,"./Code/main.cpp","InsertionSortTest2_Optimized"
"Key Assignment (Optimized)3",0.000073,294,"./Code/main.cpp","InsertionSortTest2_Optimized"
"Outer Loop (Optimized)3",0.000934,296,"./Code/main.cpp","InsertionSortTest2_Optimized"
"Shifting Elements (Optimized)3",0.000116,289,"./Code/main.cpp","InsertionSortTest2_Optimized"
"Key Assignment (Optimized)3",0.000074,294,"./Code/main.cpp","InsertionSortTest2_Optimized"
"Outer Loop (Optimized)3",0.000883,296,"./Code/main.cpp","InsertionSortTest2_Optimized"
"Shifting Elements (Optimized)3",0.000127,289,"./Code/main.cpp","InsertionSortTest2_Optimized"
"Key Assignment (Optimized)3",0.000072,294,"./Code/main.cpp","InsertionSortTest2_Optimized"
"Outer Loop (Optimized)3",0.000874,296,"./Code/main.cpp","InsertionSortTest2_Optimized"
"Shifting Elements (Optimized)3",0.000129,289,"./Code/main.cpp","InsertionSortTest2_Optimized"
"Key Assignment (Optimized)3",0.000072,294,"./Code/main.cpp","InsertionSortTest2_Optimized"
"Outer Loop (Optimized)3",0.000898,296,"./Code/main.cpp","InsertionSortTest2_Optimized"
"Shifting Elements (Optimized)3",0.000123,289,"./Code/main.cpp","InsertionSortTest2_Optimized"
"Key Assignment (Optimized)3",0.000091,294,"./Code/main.cpp","InsertionSortTest2_Optimized"
"Outer Loop (Optimized)3",0.001066,296,"./Code/main.cpp","InsertionSortTest2_Optimized"
"Shifting Elements (Optimized)3",0.000206,289,"./Code/main.cpp","InsertionSortTest2_Optimized"
"Key Assignment (Optimized)3",0.000123,294,"./Code/main.cpp","InsertionSortTest2_Optimized"
"Outer Loop (Optimized)3",0.001563,296,"./Code/main.cpp","InsertionSortTest2_Optimized"
"Shifting Elements (Optimized)3",0.000228,289,"./Code/main.cpp","InsertionSortTest2_Optimized"
"Key Assignment (Optimized)3",0.000158,294,"./Code/main.cpp","InsertionSortTest2_Optimized"
"Outer Loop (Optimized)3",0.001600,296,"./Code/main.cpp","InsertionSortTest2_Optimized"
"Shifting Elements (Optimized)3",0.000203,289,"./Code/main.cpp","InsertionSortTest2_Optimized"
"Key Assignment (Optimized)3",0.000158,294,"./Code/main.cpp","InsertionSortTest2_Optimized"
"Outer Loop (Optimized)3",0.001635,296,"./Code/main.cpp","InsertionSortTest2_Optimized"
"Shifting Elements (Optimized)3",0.000203,289,"./Code/main.cpp","InsertionSortTest2_Optimized"
"Key Assignment (Optimized)3",0.000125,294,"./Code/main.cpp","InsertionSortTest2_Optimized"
"Outer Loop (Optimized)3",0.001514,296,"./Code/main.cpp","InsertionSortTest2_Optimized"
"Shifting Elements (Optimized)3",0.000179,289,"./Code/main.cpp","InsertionSortTest2_Optimized"
"Key Assignment (Optimized)3",0.000121,294,"./Code/main.cpp","InsertionSortTest2_Optimized"
"Outer Loop (Optimized)3",0.001439,296,"./Code/main.cpp","InsertionSortTest2_Optimized"
"Shifting Elements (Optimized)3",0.000197,289,"./Code/main.cpp","InsertionSortTest2_Optimized"
"Key Assignment (Optimized)3",0.000133,294,"./Code/main.cpp","InsertionSortTest2_Optimized"
"Outer Loop (Optimized)3",0.001481,296,"./Code/main.cpp","InsertionSortTest2_Optimized"
"Shifting Elements (Optimized)3",0.000194,289,"./Code/main.cpp","InsertionSortTest2_Optimized"
"Key Assignment (Optimized)3",0.000121,294,"./Code/main.cpp","InsertionSortTest2_Optimized"
"Outer Loop (Optimized)3",0.001463,296,"./Code/main.cpp","InsertionSortTest2_Optimized"
"Shifting Elements (Optimized)3",0.000184,289,"./Code/main.cpp","InsertionSortTest2_Optimized"
"Key Assignment (Optimized)3",0.000117,294,"./Code/main.cpp","InsertionSortTest2_Optimized"
"Outer Loop (Optimized)3",0.001509,296,"./Code/main.cpp","InsertionSortTest2_Optimized"
"Shifting Elements (Optimized)3",0.000215,289,"./Code/main.cpp","InsertionSortTest2_Optimized"
"Key Assignment (Optimized)3",0.000145,294,"./Code/main.cpp","InsertionSortTest2_Optimized"
"Outer Loop (Optimized)3",0.001653,296,"./Code/main.cpp","InsertionSortTest2_Optimized"
"Shifting Elements (Optimized)3",0.000238,289,"./Code/main.cpp","InsertionSortTest2_Optimized"
"Key Assignment (Optimized)3",0.000121,294,"./Code/main.cpp","InsertionSortTest2_Optimized"
"Outer Loop (Optimized)3",0.001565,296,"./Code/main.cpp","InsertionSortTest2_Optimized"
"Shifting Elements (Optimized)3",0.000207,289,"./Code/main.cpp","InsertionSortTest2_Optimized"
"Key Assignment (Optimized)3",0.000130,294,"./Code/main.cpp","InsertionSortTest2_Optimized"
"Outer Loop (Optimized)3",0.001537,296,"./Code/main.cpp","InsertionSortTest2_Optimized"
"Shifting Elements (Optimized)3",0.000198,289,"./Code/main.cpp","InsertionSortTest2_Optimized"
"Key Assignment (Optimized)3",0.000132,294,"./Code/main.cpp","InsertionSortTest2_Optimized"
"Outer Loop (Optimized)3",0.001587,296,"./Code/main.cpp","InsertionSortTest2_Optimized"
"Shifting Elements (Optimized)3",0.000208,289,"./Code/main.cpp","InsertionSortTest2_Optimized"
"Key Assignment (Optimized)3",0.000126,294,"./Code/main.cpp","InsertionSortTest2_Optimized"
"Outer Loop (Optimized)3",0.001616,296,"./Code/main.cpp","InsertionSortTest2_Optimized"
"Shifting Elements (Optimized)3",0.000238,289,"./Code/main.cpp","InsertionSortTest2_Optimized"
"Key Assignment (Optimized)3",0.000136,294,"./Code/main.cpp","InsertionSortTest2_Optimized"
"Outer Loop (Optimized)3",0.001638,296,"./Code/main.cpp","InsertionSortTest2_Optimized"
"Shifting Elements (Optimized)3",0.000209,289,"./Code/main.cpp","InsertionSortTest2_Optimized"
"Key Assignment (Optimized)3",0.000105,294,"./Code/main.cpp","InsertionSortTest2_Optimized"
"Outer Loop (Optimized)3",0.001428,296,"./Code/main.cpp","InsertionSortTest2_Optimized"
"Shifting Elements (Optimized)3",0.000165,289,"./Code/main.cpp","InsertionSortTest2_Optimized"
"Key Assignment (Optimized)3",0.000135,294,"./Code/main.cpp","InsertionSortTest2_Optimized"
"Outer Loop (Optimized)3",0.001363,296,"./Code/main.cpp","InsertionSortTest2_Optimized"
"Shifting Elements (Optimized)3",0.000182,289,"./Code/main.cpp","InsertionSortTest2_Optimized"
"Key Assignment (Optimized)3",0.000102,294,"./Code/main.cpp","InsertionSortTest2_Optimized"
"Outer Loop (Optimized)3",0.001255,296,"./Code/main.cpp","InsertionSortTest2_Optimized"
"Shifting Elements (Optimized)3",0.000746,289,"./Code/main.cpp","InsertionSortTest2_Optimized"
"Key Assignment (Optimized)3",0.000122,294,"./Code/main.cpp","InsertionSortTest2_Optimized"
"Outer Loop (Optimized)3",0.002818,296,"./Code/main.cpp","InsertionSortTest2_Optimized"
"Shifting Elements (Optimized)3",0.000266,289,"./Code/main.cpp","InsertionSortTest2_Optimized"
"Key Assignment (Optimized)3",0.000103,294,"./Code/main.cpp","InsertionSortTest2_Optimized"
"Outer Loop (Optimized)3",0.012389,296,"./Code/main.cpp","InsertionSortTest2_Optimized"
"Shifting Elements (Optimized)3",0.000131,289,"./Code/main.cpp","InsertionSortTest2_Optimized"
"Key Assignment (Optimized)3",0.000105,294,"./Code/main.cpp","InsertionSortTest2_Optimized"
"Outer Loop (Optimized)3",0.001018,296,"./Code/main.cpp","InsertionSortTest2_Optimized"
"Shifting Elements (Optimized)3",0.000135,289,"./Code/main.cpp","InsertionSortTest2_Optimized"
"Key Assignment (Optimized)3",0.000074,294,"./Code/main.cpp","InsertionSortTest2_Optimized"
"Outer Loop (Optimized)3",0.000961,296,"./Code/main.cpp","InsertionSortTest2_Optimized"
"Shifting Elements (Optimized)3",0.000141,289,"./Code/main.cpp","InsertionSortTest2_Optimized"
"Key Assignment (Optimized)3",0.000074,294,"./Code/main.cpp","InsertionSortTest2_Optimized"
"Outer Loop (Optimized)3",0.000902,296,"./Code/main.cpp","InsertionSortTest2_Optimized"
"Shifting Elements (Optimized)3",0.000117,289,"./Code/main.cpp","InsertionSortTest2_Optimized"
"Key Assignment (Optimized)3",0.000077,294,"./Code/main.cpp","InsertionSortTest2_Optimized"
"Outer Loop (Optimized)3",0.000934,296,"./Code/main.cpp","InsertionSortTest2_Optimized"
"Shifting Elements (Optimized)3",0.000149,289,"./Code/main.cpp","InsertionSortTest2_Optimized"
"Key Assignment (Optimized)3",0.000074,294,"./Code/main.cpp","InsertionSortTest2_Optimized"
"Outer Loop (Optimized)3",0.000900,296,"./Code/main.cpp","InsertionSortTest2_Optimized"
"Shifting Elements (Optimized)3",0.000143,289,"./Code/main.cpp","InsertionSortTest2_Optimized"
"Key Assignment (Optimized)3",0.000075,294,"./Code/main.cpp","InsertionSortTest2_Optimized"
"Outer Loop (Optimized)3",0.000913,296,"./Code/main.cpp","InsertionSortTest2_Optimized"
"Shifting Elements (Optimized)3",0.000190,289,"./Code/main.cpp","InsertionSortTest2_Optimized"
"Key Assignment (Optimized)3",0.000076,294,"./Code/main.cpp","InsertionSortTest2_Optimized"
"Outer Loop (Optimized)3",0.000980,296,"./Code/main.cpp","InsertionSortTest2_Optimized"
"Shifting Elements (Optimized)3",0.000138,289,"./Code/main.cpp","InsertionSortTest2_Optimized"
"Key Assignment (Optimized)3",0.000077,294,"./Code/main.cpp","InsertionSortTest2_Optimized"
"Outer Loop (Optimized)3",0.000897,296,"./Code/main.cpp","InsertionSortTest2_Optimized"
"Shifting Elements (Optimized)3",0.000126,289,"./Code/main.cpp","InsertionSortTest2_Optimized"
"Key Assignment (Optimized)3",0.000078,294,"./Code/main.cpp","InsertionSortTest2_Optimized"
"Outer Loop (Optimized)3",0.000892,296,"./Code/main.cpp","InsertionSortTest2_Optimized"
"Shifting Elements (Optimized)3",0.000143,289,"./Code/main.cpp","InsertionSortTest2_Optimized"
"Key Assignment (Optimized)3",0.000072,294,"./Code/main.cpp","InsertionSortTest2_Optimized"
"Outer Loop (Optimized)3",0.000913,296,"./Code/main.cpp","InsertionSortTest2_Optimized"
"Insertion Sort Test (Optimized)3",0.153125,299,"./Code/main.cpp","InsertionSortTest2_Optimized"
